condition,bootstrap_configuration,cluster_counts,probability,D,alpha,beta,weighted_sse,converged,alpha_at_lower_bound,beta_at_lower_bound,any_upper_bound
nordholt_h2o2,1,0;0;0;0;5,0.0003200000000000001,-80.05784326439174,1.2091395086773942e-08,123.03885160687962,79.99755192027803,True,False,False,False
nordholt_h2o2,2,0;0;0;1;4,0.001600000000000002,-85.88425465860509,1.2091395086773942e-08,129.21088802244108,83.60213817345459,True,False,False,False
nordholt_h2o2,3,0;0;0;2;3,0.0032000000000000045,-91.71063225471215,1.2091395086773942e-08,135.39711492862875,84.3275328963148,True,False,False,False
nordholt_h2o2,4,0;0;0;3;2,0.0032000000000000045,-97.53698337633521,1.2091395086773942e-08,141.58550009471983,82.17373575564862,True,False,False,False
nordholt_h2o2,5,0;0;0;4;1,0.001600000000000002,-103.3633003859831,1.0205677451719915e-08,147.79085925797312,77.14074640388014,True,False,False,False
nordholt_h2o2,6,0;0;0;5;0,0.0003200000000000001,-109.18958455723406,1.020298773691338e-08,154.0082465876351,69.22856448452177,True,False,False,False
nordholt_h2o2,7,0;0;1;0;4,0.001600000000000002,-80.39270174597397,1.2091395086773942e-08,123.42282397090543,80.52265029479094,True,False,False,False
nordholt_h2o2,8,0;0;1;1;3,0.006400000000000004,-86.21910446059671,1.2091395086773942e-08,129.6060076827613,83.9617540942529,True,False,False,False
nordholt_h2o2,9,0;0;1;2;2,0.009600000000000017,-92.04548201882794,1.2091395086773942e-08,135.78896151124079,84.52166632010749,True,False,False,False
nordholt_h2o2,10,0;0;1;3;1,0.006400000000000004,-97.87182886749203,1.2091395086773942e-08,141.98288272907942,82.20238663730416,True,False,False,False
nordholt_h2o2,11,0;0;1;4;0,0.001600000000000002,-103.69814243167173,1.0205787107456503e-08,148.1904530296663,77.00391469639797,True,False,False,False
nordholt_h2o2,12,0;0;2;0;3,0.0032000000000000045,-80.7275533797528,1.2091395086773942e-08,123.82531503106866,81.03823749724091,True,False,False,False
nordholt_h2o2,13,0;0;2;1;2,0.009600000000000017,-86.55395645186962,1.2091395086773942e-08,130.0014967804726,84.31185883837982,True,False,False,False
nordholt_h2o2,14,0;0;2;2;1,0.009600000000000017,-92.38033173004048,1.2091395086773942e-08,136.18139753051426,84.706288561901,True,False,False,False
nordholt_h2o2,15,0;0;2;3;0,0.0032000000000000045,-98.20667178398696,1.2091395086773942e-08,142.3835987913026,82.22152633102976,True,False,False,False
nordholt_h2o2,16,0;0;3;0;2,0.0032000000000000045,-81.06241090685961,1.2091395086773942e-08,124.21458081966198,81.54431352815328,True,False,False,False
nordholt_h2o2,17,0;0;3;1;1,0.006400000000000004,-86.88881185842362,1.2091395086773942e-08,130.3855028609955,84.6524524057465,True,False,False,False
nordholt_h2o2,18,0;0;3;2;0,0.0032000000000000045,-92.71517719706041,1.2091395086773942e-08,136.58331013580892,84.88139962063426,True,False,False,False
nordholt_h2o2,19,0;0;4;0;1,0.001600000000000002,-81.39726390767994,1.1940812223776373e-08,124.60804955652918,82.04087838642505,True,False,False,False
nordholt_h2o2,20,0;0;4;1;0,0.001600000000000002,-87.22365518712812,1.2091395086773942e-08,130.79476898362304,84.98353479435202,True,False,False,False
nordholt_h2o2,21,0;0;5;0;0,0.0003200000000000001,-81.7321154086042,1.2091395086773942e-08,125.01014927719552,82.52793207187739,True,False,False,False
nordholt_h2o2,22,0;1;0;0;4,0.001600000000000002,-80.09898108260613,1.2091395086773942e-08,123.09995862787417,83.00508501856544,True,False,False,False
nordholt_h2o2,23,0;1;0;1;3,0.006400000000000004,-85.92539253862645,1.2091395086773942e-08,129.27028573163483,86.58933772439501,True,False,False,False
nordholt_h2o2,24,0;1;0;2;2,0.009600000000000017,-91.75177647100287,1.2091395086773942e-08,135.44353233048471,87.29439891057739,True,False,False,False
nordholt_h2o2,25,0;1;0;3;1,0.006400000000000004,-97.57812796303554,1.2091395086773942e-08,141.63277940096688,85.12026824919664,True,False,False,False
nordholt_h2o2,26,0;1;0;4;0,0.001600000000000002,-103.40444881032396,1.0206369960502085e-08,147.8325358845422,80.06694539816944,True,False,False,False
nordholt_h2o2,27,0;1;1;0;3,0.006400000000000004,-80.43383554491818,1.2091395086773942e-08,123.49387231633936,83.52901470818762,True,False,False,False
nordholt_h2o2,28,0;1;1;1;2,0.019200000000000016,-86.26024552196736,1.2091395086773942e-08,129.66126609490365,86.94778496251259,True,False,False,False
nordholt_h2o2,29,0;1;1;2;1,0.019200000000000016,-92.08662422691586,1.2091395086773942e-08,135.84139343577317,87.48736365431225,True,False,False,False
nordholt_h2o2,30,0;1;1;3;0,0.006400000000000004,-97.91297050712663,1.2091395086773942e-08,142.033393780084,85.14775045410967,True,False,False,False
nordholt_h2o2,31,0;1;2;0;2,0.009600000000000017,-80.76869313062639,1.2091395086773942e-08,123.88245866477803,84.04343322680646,True,False,False,False
nordholt_h2o2,32,0;1;2;1;1,0.019200000000000016,-86.59509755246978,1.2091395086773942e-08,130.05604270269563,87.29672102444026,True,False,False,False
nordholt_h2o2,33,0;1;2;2;0,0.009600000000000017,-92.42147242047663,1.2138219362840967e-08,136.2376151480429,87.67081721650047,True,False,False,False
nordholt_h2o2,34,0;1;3;0;1,0.006400000000000004,-81.10354770684476,1.2021773886150008e-08,124.27727304101047,84.5483405737953,True,False,False,False
nordholt_h2o2,35,0;1;3;1;0,0.006400000000000004,-86.92995184974285,1.2091395086773942e-08,130.4469220189353,87.63614590962912,True,False,False,False
nordholt_h2o2,36,0;1;4;0;0,0.001600000000000002,-81.43840254673508,1.2091395086773942e-08,124.67081879452371,85.04373674880785,True,False,False,False
nordholt_h2o2,37,0;2;0;0;3,0.0032000000000000045,-80.14012089486971,1.2091395086773942e-08,123.15978924953487,86.01247451288582,True,False,False,False
nordholt_h2o2,38,0;2;0;1;2,0.009600000000000017,-85.96653294559357,1.2987031390657917e-08,129.32451514553622,89.57639367358053,True,False,False,False
nordholt_h2o2,39,0;2;0;2;1,0.009600000000000017,-91.79291759156628,1.2091395086773942e-08,135.4977541701622,90.26112132383949,True,False,False,False
nordholt_h2o2,40,0;2;0;3;0,0.0032000000000000045,-97.61927207262357,1.2091395086773942e-08,141.68405511667552,88.06665714278259,True,False,False,False
nordholt_h2o2,41,0;2;1;0;2,0.009600000000000017,-80.47497699807265,1.2091395086773942e-08,123.55122813444258,86.53523551825322,True,False,False,False
nordholt_h2o2,42,0;2;1;1;1,0.019200000000000016,-86.3013830728301,1.2091395086773942e-08,129.7199579052376,89.93367222872028,True,False,False,False
nordholt_h2o2,43,0;2;1;2;0,0.009600000000000017,-92.12776726069494,1.188901233035405e-08,135.89134877559508,90.45291738760976,True,False,False,False
nordholt_h2o2,44,0;2;2;0;1,0.009600000000000017,-80.80983540459083,1.2033804525793484e-08,123.93940826502269,87.04848535307625,True,False,False,False
nordholt_h2o2,45,0;2;2;1;0,0.009600000000000017,-86.63623810490006,1.2091395086773942e-08,130.11103466862514,90.28143960869129,True,False,False,False
nordholt_h2o2,46,0;2;3;0;0,0.0032000000000000045,-81.14468478213537,1.1811125802979094e-08,124.33812846867608,87.55222401636505,True,False,False,False
nordholt_h2o2,47,0;3;0;0;2,0.0032000000000000045,-80.18125714450824,1.2091395086773942e-08,123.22667877708518,89.01972040351362,True,False,False,False
nordholt_h2o2,48,0;3;0;1;1,0.006400000000000004,-86.0076733050855,1.1480132321562804e-08,129.38190661440885,92.56330601880096,True,False,False,False
nordholt_h2o2,49,0;3;0;2;0,0.0032000000000000045,-91.83406283363534,1.1097546930886576e-08,135.54314264788243,93.22770013571282,True,False,False,False
nordholt_h2o2,50,0;3;1;0;1,0.006400000000000004,-80.51611308023595,1.2091395086773942e-08,123.61467254042132,89.5413127248424,True,False,False,False
nordholt_h2o2,51,0;3;1;1;0,0.006400000000000004,-86.34252518679405,1.1221386371610173e-08,129.77488525070322,92.9194158922657,True,False,False,False
nordholt_h2o2,52,0;3;2;0;0,0.0032000000000000045,-80.8509704752073,1.2091395086773942e-08,124.00602662494676,90.05339387601381,True,False,False,False
nordholt_h2o2,53,0;4;0;0;1,0.001600000000000002,-80.22239759282836,1.2091395086773942e-08,123.28279938388442,92.02682269027453,True,False,False,False
nordholt_h2o2,54,0;4;0;1;0,0.001600000000000002,-86.04881293981835,1.1241040591430519e-08,129.4413154057463,95.55007476291111,True,False,False,False
nordholt_h2o2,55,0;4;1;0;0,0.001600000000000002,-80.55725608067613,1.2091395086773942e-08,123.66608858291588,92.5472463282805,True,False,False,False
nordholt_h2o2,56,0;5;0;0;0,0.0003200000000000001,-80.26353732569521,1.2091395086773942e-08,123.34113549094435,95.03378137369387,True,False,False,False
nordholt_h2o2,57,1;0;0;0;4,0.001600000000000002,-81.5241467558948,1.2091395086773942e-08,125.00146680996603,82.14960803369823,True,False,False,False
nordholt_h2o2,58,1;0;0;1;3,0.006400000000000004,-87.35053673386493,1.2091395086773942e-08,131.17771765669244,85.02949596847628,True,False,False,False
nordholt_h2o2,59,1;0;0;2;2,0.009600000000000017,-93.17689815056724,1.2101113043027285e-08,137.36224251453442,85.0301920668317,True,False,False,False
nordholt_h2o2,60,1;0;0;3;1,0.006400000000000004,-99.00322651969879,1.1512287777576068e-08,143.55897633711473,82.15169599220323,True,False,False,False
nordholt_h2o2,61,1;0;0;4;0,0.001600000000000002,-104.82952471485537,1.0204989984435673e-08,149.7639072519891,76.39400739591701,True,False,False,False
nordholt_h2o2,62,1;0;1;0;3,0.006400000000000004,-81.85900114767911,1.234377827390855e-08,125.39727243905278,82.63305397989535,True,False,False,False
nordholt_h2o2,63,1;0;1;1;2,0.019200000000000016,-87.68538740466035,1.2091395086773942e-08,131.571990486561,85.34745942569072,True,False,False,False
nordholt_h2o2,64,1;0;1;2;1,0.019200000000000016,-93.51174403820312,1.1692246994271355e-08,137.75823646265232,85.1826729911316,True,False,False,False
nordholt_h2o2,65,1;0;1;3;0,0.006400000000000004,-99.33806885649778,1.1222307567267558e-08,143.9579282285443,82.13869433850763,True,False,False,False
nordholt_h2o2,66,1;0;2;0;2,0.009600000000000017,-82.19385599869436,1.2091395086773942e-08,125.78738280103366,83.10698875102229,True,False,False,False
nordholt_h2o2,67,1;0;2;1;1,0.019200000000000016,-88.02023895552948,1.2091395086773942e-08,131.96315190107973,85.65591170304285,True,False,False,False
nordholt_h2o2,68,1;0;2;2;0,0.009600000000000017,-93.84659012833737,1.1566486465639366e-08,138.1567260460641,85.32564273015079,True,False,False,False
nordholt_h2o2,69,1;0;3;0;1,0.006400000000000004,-82.52870862913798,1.2091395086773942e-08,126.18176126121251,83.57141234718512,True,False,False,False
nordholt_h2o2,70,1;0;3;1;0,0.006400000000000004,-88.35508998798898,1.2091395086773942e-08,132.3568762969651,85.95485279984905,True,False,False,False
nordholt_h2o2,71,1;0;4;0;0,0.001600000000000002,-82.86356234453908,1.1995517073713425e-08,126.57433149599437,84.0263247675352,True,False,False,False
nordholt_h2o2,72,1;1;0;0;3,0.006400000000000004,-81.56528695720695,1.1797378857711956e-08,125.05853365707725,85.15202307507238,True,False,False,False
nordholt_h2o2,73,1;1;0;1;2,0.019200000000000016,-87.39167898191481,1.3026254808033898e-08,131.2274379905904,88.0115774833159,True,False,False,False
nordholt_h2o2,74,1;1;0;2;1,0.019200000000000016,-93.21804322550659,1.1572652513211455e-08,137.40604234488785,87.99194006862207,True,False,False,False
nordholt_h2o2,75,1;1;0;3;0,0.006400000000000004,-99.04437839801234,1.1377826232515062e-08,143.59118348825484,85.09311050337935,True,False,False,False
nordholt_h2o2,76,1;1;1;0;2,0.019200000000000016,-81.9001433503732,1.1899025583832468e-08,125.4498795717473,85.63430034030266,True,False,False,False
nordholt_h2o2,77,1;1;1;1;1,0.03840000000000004,-87.72653362628975,1.2091395086773942e-08,131.61798867473235,88.32837226155863,True,False,False,False
nordholt_h2o2,78,1;1;1;2;0,0.019200000000000016,-93.55289036685824,1.1187331269687175e-08,137.803704588432,88.14325231767246,True,False,False,False
nordholt_h2o2,79,1;1;2;0;1,0.019200000000000016,-82.23499788058055,1.2091395086773942e-08,125.84089874576641,86.10706643141225,True,False,False,False
nordholt_h2o2,80,1;1;2;1;0,0.019200000000000016,-88.06138285722301,1.2091395086773942e-08,132.0141844275949,88.63565586093969,True,False,False,False
nordholt_h2o2,81,1;1;3;0;0,0.006400000000000004,-82.56985321148748,1.2071595505358076e-08,126.2327192938687,86.57032134764277,True,False,False,False
nordholt_h2o2,82,1;2;0;0;2,0.009600000000000017,-81.6064338344739,1.2091395086773942e-08,125.10254413788725,88.15429451552782,True,False,False,False
nordholt_h2o2,83,1;2;0;1;1,0.019200000000000016,-87.43282594492418,1.2091395086773942e-08,131.27687282229823,90.99351539631884,True,False,False,False
nordholt_h2o2,84,1;2;0;2;0,0.009600000000000017,-93.25918893300285,1.128354481454662e-08,137.45388274427057,90.95354447074396,True,False,False,False
nordholt_h2o2,85,1;2;1;0;1,0.019200000000000016,-81.94128711889508,1.1690309212871857e-08,125.49829979177474,88.63540309963057,True,False,False,False
nordholt_h2o2,86,1;2;1;1;0,0.019200000000000016,-87.76767558357042,1.2091395086773942e-08,131.67033739878093,91.30914149699852,True,False,False,False
nordholt_h2o2,87,1;2;2;0;0,0.009600000000000017,-82.27614041292527,1.203949604072191e-08,125.89367934249049,89.10700051065014,True,False,False,False
nordholt_h2o2,88,1;3;0;0;1,0.006400000000000004,-81.64757276456035,1.2091395086773942e-08,125.16431153075034,91.15642235377877,True,False,False,False
nordholt_h2o2,89,1;3;0;1;0,0.006400000000000004,-87.4739711851883,1.1296259508303192e-08,131.31896729618967,93.9753097092936,True,False,False,False
nordholt_h2o2,90,1;3;1;0;0,0.006400000000000004,-81.98242754675171,1.2091395086773942e-08,125.55855464712103,91.63636225810677,True,False,False,False
nordholt_h2o2,91,1;4;0;0;0,0.001600000000000002,-81.68871432151737,1.2091395086773942e-08,125.21762106012561,94.15840659094428,True,False,False,False
nordholt_h2o2,92,2;0;0;0;3,0.0032000000000000045,-82.99045219550617,1.2091395086773942e-08,126.9526979980967,84.11925439852773,True,False,False,False
nordholt_h2o2,93,2;0;0;1;2,0.009600000000000017,-88.81682138099859,1.2091395086773942e-08,133.1314335080907,86.27444379910584,True,False,False,False
nordholt_h2o2,94,2;0;0;2;1,0.009600000000000017,-94.64316185714,1.0781925706574868e-08,139.32337252923728,85.55044106292719,True,False,False,False
nordholt_h2o2,95,2;0;0;3;0,0.0032000000000000045,-100.46947040904504,1.0393408533374108e-08,145.52089712565706,81.94724585337266,True,False,False,False
nordholt_h2o2,96,2;0;1;0;2,0.009600000000000017,-83.32530677896658,1.2091395086773942e-08,127.34633583307334,84.56104790169978,True,False,False,False
nordholt_h2o2,97,2;0;1;1;1,0.019200000000000016,-89.15167237327364,1.2091395086773942e-08,133.52372003165073,86.55075477907725,True,False,False,False
nordholt_h2o2,98,2;0;1;2;0,0.009600000000000017,-94.97800768488443,1.0363869515532527e-08,139.7185172987062,85.66126947511894,True,False,False,False
nordholt_h2o2,99,2;0;2;0;1,0.009600000000000017,-83.66015672694074,1.2091395086773942e-08,127.74379525329296,84.99333022709833,True,False,False,False
nordholt_h2o2,100,2;0;2;1;0,0.009600000000000017,-89.48652043001076,1.2091395086773942e-08,133.92268821000485,86.81755457568744,True,False,False,False
nordholt_h2o2,101,2;0;3;0;0,0.0032000000000000045,-83.99500905373229,1.2091395086773942e-08,128.1371843429427,85.41610137407818,True,False,False,False
nordholt_h2o2,102,2;1;0;0;2,0.009600000000000017,-83.03159521636148,1.2077370219196632e-08,127.00313611955369,87.1165514181746,True,False,False,False
nordholt_h2o2,103,2;1;0;1;1,0.019200000000000016,-88.85797098682902,1.2091395086773942e-08,133.1701000896532,89.25140731433194,True,False,False,False
nordholt_h2o2,104,2;1;0;2;0,0.009600000000000017,-94.68431000826466,1.0297383648263983e-08,139.36106302402945,88.50707109275587,True,False,False,False
nordholt_h2o2,105,2;1;1;0;1,0.019200000000000016,-83.36645060959674,1.186554161391105e-08,127.3920160222118,87.55717624432647,True,False,False,False
nordholt_h2o2,106,2;1;1;1;0,0.019200000000000016,-89.19281878490611,1.2091395086773942e-08,133.56945247818717,89.52654962004742,True,False,False,False
nordholt_h2o2,107,2;1;2;0;0,0.009600000000000017,-83.7013024173858,1.2091395086773942e-08,127.78799059161298,87.98828989340664,True,False,False,False
nordholt_h2o2,108,2;2;0;0;1,0.009600000000000017,-83.07274489660145,1.2091395086773942e-08,127.0461946302822,90.11370483776088,True,False,False,False
nordholt_h2o2,109,2;2;0;1;0,0.009600000000000017,-88.89911628284788,1.2091395086773942e-08,133.2187473847426,92.22822722946623,True,False,False,False
nordholt_h2o2,110,2;2;1;0;0,0.009600000000000017,-83.40759695104316,1.1568679174370348e-08,127.4400803762631,90.55316098683417,True,False,False,False
nordholt_h2o2,111,2;3;0;0;0,0.0032000000000000045,-83.11388820202345,1.2091395086773942e-08,127.09850183712919,93.11071465715841,True,False,False,False
nordholt_h2o2,112,3;0;0;0;2,0.0032000000000000045,-84.45675730401118,1.2091395086773942e-08,128.8964772976506,85.90649099705506,True,False,False,False
nordholt_h2o2,113,3;0;0;1;1,0.006400000000000004,-90.28310562427025,1.2091395086773942e-08,135.08159645824833,87.33698165930015,True,False,False,False
nordholt_h2o2,114,3;0;0;2;0,0.0032000000000000045,-96.10942868157154,1.2091395086773942e-08,141.2691630265779,85.88827989351486,True,False,False,False
nordholt_h2o2,115,3;0;1;0;1,0.006400000000000004,-84.79160881868381,1.2091395086773942e-08,129.28850041639302,86.3066320436215,True,False,False,False
nordholt_h2o2,116,3;0;1;1;0,0.006400000000000004,-90.61795586867527,1.1849407560224502e-08,135.4726093358233,87.57164014864355,True,False,False,False
nordholt_h2o2,117,3;0;2;0;0,0.0032000000000000045,-85.12646153000617,1.2091395086773942e-08,129.6825806657605,86.69726190924324,True,False,False,False
nordholt_h2o2,118,3;1;0;0;1,0.006400000000000004,-84.49790426727877,1.170733462445032e-08,128.94002359834246,88.89867002807787,True,False,False,False
nordholt_h2o2,119,3;1;0;1;0,0.006400000000000004,-90.32426012300273,1.164303978536256e-08,135.10804330933448,90.30882721102834,True,False,False,False
nordholt_h2o2,120,3;1;1;0;0,0.006400000000000004,-84.83275673470081,1.1438528555260574e-08,129.33401382391872,89.29764240155559,True,False,False,False
nordholt_h2o2,121,3;2;0;0;0,0.0032000000000000045,-84.5390527465104,1.1351187155943453e-08,128.98095146517988,91.89070545943261,True,False,False,False
nordholt_h2o2,122,4;0;0;0;1,0.001600000000000002,-85.9230617603386,1.2091395086773942e-08,130.82779460730535,87.51131781498032,True,False,False,False
nordholt_h2o2,123,4;0;0;1;0,0.001600000000000002,-91.74939263510586,1.1867516047161461e-08,137.01513388016872,88.21710954561064,True,False,False,False
nordholt_h2o2,124,4;0;1;0;0,0.001600000000000002,-86.25791186062911,1.2091395086773942e-08,131.2215477699591,87.86980639182293,True,False,False,False
nordholt_h2o2,125,4;1;0;0;0,0.001600000000000002,-85.9642118395931,1.208761676957091e-08,130.86291204325968,90.49837889002035,True,False,False,False
nordholt_h2o2,126,5;0;0;0;0,0.0003200000000000001,-87.38936595165363,1.2091395086773942e-08,132.75539824006447,88.93373484092362,True,False,False,False
nordholt_bac,1,0;0;3,0.037037037037037035,-41.08887704074213,0.18479379564656837,10.424184763329887,3.1157952756082445,True,False,False,False
nordholt_bac,2,0;1;2,0.11111111111111119,-52.55191194697068,0.13457880775254458,10.500404924257676,18.860356382302477,True,False,False,False
nordholt_bac,3,0;2;1,0.11111111111111119,-64.49948092999593,0.047570624464713746,9.791413934165522,18.792789253354186,True,False,False,False
nordholt_bac,4,0;3;0,0.037037037037037035,-77.42658253986873,1.0000039836667402e-08,9.789044851734516,2.939326310265321,True,True,False,False
nordholt_bac,5,1;0;2,0.11111111111111119,-42.28824602238405,0.11078372495276005,8.930070600851321,4.540265152203181,True,False,False,False
nordholt_bac,6,1;1;1,0.2222222222222223,-53.34588019488808,0.0696553231383238,9.053152123456922,18.033806539085923,True,False,False,False
nordholt_bac,7,1;2;0,0.11111111111111119,-64.99011560374272,0.007419774660567871,8.336857551471123,15.773116602024146,True,False,False,False
nordholt_bac,8,2;0;1,0.11111111111111119,-43.5246340991849,0.06014624835399576,7.4744408290506525,5.483759171223191,True,False,False,False
nordholt_bac,9,2;1;0,0.11111111111111119,-54.2502303290561,0.02697465316593379,7.6234566405259,16.718115666371997,True,False,False,False
nordholt_bac,10,3;0;0,0.037037037037037035,-44.79201558643919,0.02529130441866293,6.047236330030001,5.945825219944508,True,False,False,False
nordholt_ddac,1,0;0;0;0;0;6,2.1433470507544566e-05,-999.9999999994668,599.0867202361462,119.90945143519417,41.89022340514792,True,False,False,True
nordholt_ddac,2,0;0;0;0;1;5,0.00012860082304526734,-999.9999999999776,527.1374235282773,111.74558567052802,47.34477335099091,True,False,False,True
nordholt_ddac,3,0;0;0;0;2;4,0.0003215020576131692,-999.9999999990015,477.0141439143289,105.88285409149051,51.64245083329765,True,False,False,True
nordholt_ddac,4,0;0;0;0;3;3,0.0004286694101508915,-999.9999999999989,440.4081137371545,101.47290766107821,55.0407381030329,True,False,False,True
nordholt_ddac,5,0;0;0;0;4;2,0.0003215020576131692,-82.39453260307643,1.0000000000000018e-08,40.54938493892403,69.96470600325276,True,True,False,False
nordholt_ddac,6,0;0;0;0;5;1,0.00012860082304526734,-82.58215823497196,1.0000000037468357e-08,39.56529847223257,68.8740850841879,True,True,False,False
nordholt_ddac,7,0;0;0;0;6;0,2.1433470507544566e-05,-82.74263900724888,1.0000000000000018e-08,38.80622637856978,67.38879497331361,True,True,False,False
nordholt_ddac,8,0;0;0;1;0;5,0.00012860082304526734,-80.6319625817309,1.0000000000000018e-08,34.81389431343936,108.56586587563999,True,True,False,False
nordholt_ddac,9,0;0;0;1;1;4,0.0006430041152263385,-80.69461048465779,1.0000000000000018e-08,34.59224829464699,105.69406530609146,True,True,False,False
nordholt_ddac,10,0;0;0;1;2;3,0.001286008230452675,-80.75723838006998,1.0000000000000018e-08,34.40300048754058,102.78961361568707,True,True,False,False
nordholt_ddac,11,0;0;0;1;3;2,0.001286008230452675,-80.81982053952683,1.0000000000000018e-08,34.23934436790009,99.85887828524807,True,True,False,False
nordholt_ddac,12,0;0;0;1;4;1,0.0006430041152263385,-80.88248279114781,1.0000000000000018e-08,34.096195039104614,96.90657621566805,True,True,False,False
nordholt_ddac,13,0;0;0;1;5;0,0.00012860082304526734,-80.94516768128825,1.0000000000000018e-08,33.96983694053456,93.93627643879503,True,True,False,False
nordholt_ddac,14,0;0;0;2;0;4,0.0003215020576131692,-78.43838693447502,1.0000000000000018e-08,31.2091228546051,114.51545984648834,True,True,False,False
nordholt_ddac,15,0;0;0;2;1;3,0.001286008230452675,-78.48212825462429,1.0000000000000018e-08,31.267905541284065,111.53872139598997,True,True,False,False
nordholt_ddac,16,0;0;0;2;2;2,0.0019290123456790144,-78.52633323830278,1.0000000000000018e-08,31.32012477766662,108.55653599478926,True,True,False,False
nordholt_ddac,17,0;0;0;2;3;1,0.001286008230452675,-78.57095888445767,1.0000000000000018e-08,31.366743100518256,105.56952133749017,True,True,False,False
nordholt_ddac,18,0;0;0;2;4;0,0.0003215020576131692,-78.61611020848653,1.0000000000000018e-08,31.40848694900947,102.57817757325327,True,True,False,False
nordholt_ddac,19,0;0;0;3;0;3,0.0004286694101508915,-75.9591067794712,1.0000151353016305e-08,29.455465174041688,108.52761909822524,True,True,False,False
nordholt_ddac,20,0;0;0;3;1;2,0.001286008230452675,-75.99652613090738,1.0000013261840551e-08,29.586111818629664,105.88093504258401,True,True,False,False
nordholt_ddac,21,0;0;0;3;2;1,0.001286008230452675,-76.03402400735524,1.0000000000000018e-08,29.706046596264514,103.20814033736485,True,True,False,False
nordholt_ddac,22,0;0;0;3;3;0,0.0004286694101508915,-76.07166817806885,1.0000000000000018e-08,29.81645651324119,100.51215464196343,True,True,False,False
nordholt_ddac,23,0;0;0;4;0;2,0.0003215020576131692,-73.32418012585732,1.0000000000000018e-08,28.493980375023714,95.05037831103786,True,True,False,False
nordholt_ddac,24,0;0;0;4;1;1,0.0006430041152263385,-73.35998577992436,1.0000000000000018e-08,28.64512197904904,92.75428362615943,True,True,False,False
nordholt_ddac,25,0;0;0;4;2;0,0.0003215020576131692,-73.3955199297529,1.0000000000000018e-08,28.786199416599842,90.4169037474177,True,True,False,False
nordholt_ddac,26,0;0;0;5;0;1,0.00012860082304526734,-70.60872375812754,1.0000000000000018e-08,27.971808789928485,75.33891619723357,True,True,False,False
nordholt_ddac,27,0;0;0;5;1;0,0.00012860082304526734,-70.64967164281498,1.0000000000000018e-08,28.125234098628297,73.35325215873605,True,True,False,False
nordholt_ddac,28,0;0;0;6;0;0,2.1433470507544566e-05,-67.90750890607961,1.0000000000000018e-08,27.719482692465483,49.669303319668025,True,True,False,False
nordholt_ddac,29,0;0;1;0;0;5,0.00012860082304526734,-999.9999999999989,551.6946768007034,111.05297768782319,61.85024128390478,True,False,False,True
nordholt_ddac,30,0;0;1;0;1;4,0.0006430041152263385,-999.999999999966,502.1161531373357,105.42164789057946,64.46502097399726,True,False,False,True
nordholt_ddac,31,0;0;1;0;2;3,0.001286008230452675,-999.9999999999989,466.3633171183118,101.24107915361061,66.36288692480404,True,False,False,True
nordholt_ddac,32,0;0;1;0;3;2,0.001286008230452675,-999.9999999999989,439.6506234385362,98.026344804526,67.70280390581775,True,False,False,True
nordholt_ddac,33,0;0;1;0;4;1,0.0006430041152263385,-999.9999999998807,419.1702224577741,95.48876912842894,68.59957255333333,True,False,False,True
nordholt_ddac,34,0;0;1;0;5;0,0.00012860082304526734,-79.80187716341264,1.0000314193536442e-08,38.306978198186435,83.61776238646407,True,True,False,False
nordholt_ddac,35,0;0;1;1;0;4,0.0006430041152263385,-77.92787655834596,1.0000000000000018e-08,33.30399822162256,113.12064239533737,True,True,False,False
nordholt_ddac,36,0;0;1;1;1;3,0.00257201646090535,-77.97261419440845,1.0000000000000018e-08,33.22613333439343,110.13411361580688,True,True,False,False
nordholt_ddac,37,0;0;1;1;2;2,0.0038580246913580292,-78.01746293960808,1.0000000000000018e-08,33.15917834410716,107.14336447217157,True,True,False,False
nordholt_ddac,38,0;0;1;1;3;1,0.00257201646090535,-78.06248227386907,1.0000000000000018e-08,33.10081845289268,104.14905067101319,True,True,False,False
nordholt_ddac,39,0;0;1;1;4;0,0.0006430041152263385,-78.10776385574852,1.0000000000000018e-08,33.049321651267356,101.15165125068958,True,True,False,False
nordholt_ddac,40,0;0;1;2;0;3,0.001286008230452675,-75.64665634760632,1.0000056799734373e-08,30.221438561041822,110.12869548646528,True,True,False,False
nordholt_ddac,41,0;0;1;2;1;2,0.0038580246913580292,-75.67560037189544,1.0000000000000018e-08,30.357791077101872,107.35977975985159,True,True,False,False
nordholt_ddac,42,0;0;1;2;2;1,0.0038580246913580292,-75.70509469080967,1.0000000000000018e-08,30.479555751228204,104.57064597429061,True,True,False,False
nordholt_ddac,43,0;0;1;2;3;0,0.001286008230452675,-75.73508111682574,1.0000000000000018e-08,30.588851258142526,101.76420924269726,True,True,False,False
nordholt_ddac,44,0;0;1;3;0;2,0.001286008230452675,-73.07587896287735,1.0000000000000018e-08,28.8131914750036,97.21566701038614,True,True,False,False
nordholt_ddac,45,0;0;1;3;1;1,0.00257201646090535,-73.10349032440578,1.0000000000000018e-08,28.992857301526456,94.84410298916532,True,True,False,False
nordholt_ddac,46,0;0;1;3;2;0,0.001286008230452675,-73.13119647012623,1.0000000000000018e-08,29.15788943480716,92.42816844403944,True,True,False,False
nordholt_ddac,47,0;0;1;4;0;1,0.0006430041152263385,-70.37973819208146,1.0000000000000018e-08,28.107852780518183,77.38680150730886,True,True,False,False
nordholt_ddac,48,0;0;1;4;1;0,0.0006430041152263385,-70.41469396342545,1.0000000000000018e-08,28.291551185361925,75.36795978635783,True,True,False,False
nordholt_ddac,49,0;0;1;5;0;0,0.00012860082304526734,-67.67486681322673,1.0000000000000018e-08,27.77782760223973,51.34554666786212,True,True,False,False
nordholt_ddac,50,0;0;2;0;0;4,0.0003215020576131692,-999.9999999999989,509.5624680986468,102.92809280681553,72.54581370848118,True,False,False,True
nordholt_ddac,51,0;0;2;0;1;3,0.001286008230452675,-999.9999999999989,478.7892689897628,99.38729522461506,72.97516531753723,True,False,False,True
nordholt_ddac,52,0;0;2;0;2;2,0.0019290123456790144,-999.9999999999926,456.06905139656305,96.69248725039986,73.02196902777843,True,False,False,True
nordholt_ddac,53,0;0;2;0;3;1,0.001286008230452675,-999.9999999999989,438.8955891012085,94.58934774211856,72.77031163674127,True,False,False,True
nordholt_ddac,54,0;0;2;0;4;0,0.0003215020576131692,-999.9999999999989,425.7081743452532,92.91718229048732,72.28091688303618,True,False,False,True
nordholt_ddac,55,0;0;2;1;0;3,0.001286008230452675,-75.1655482151221,1.0000000000000018e-08,31.91214645996453,110.42888030333363,True,True,False,False
nordholt_ddac,56,0;0;2;1;1;2,0.0038580246913580292,-75.18750593563395,1.0000000000000018e-08,31.989764492588616,107.50569980415827,True,True,False,False
nordholt_ddac,57,0;0;2;1;2;1,0.0038580246913580292,-75.2104727046752,1.0000000000000018e-08,32.054520750642084,104.57823227515566,True,True,False,False
nordholt_ddac,58,0;0;2;1;3;0,0.001286008230452675,-75.2341969882835,1.0000000000000018e-08,32.10924669489084,101.64730300487467,True,True,False,False
nordholt_ddac,59,0;0;2;2;0;2,0.0019290123456790144,-72.77886871050694,1.0000000000000018e-08,29.375151620731685,99.13109114323716,True,True,False,False
nordholt_ddac,60,0;0;2;2;1;1,0.0038580246913580292,-72.79444910435889,1.0000000000000018e-08,29.59250210709852,96.63624790385911,True,True,False,False
nordholt_ddac,61,0;0;2;2;2;0,0.0019290123456790144,-72.81098034342583,1.0000000000000018e-08,29.786752917906664,94.09656579006239,True,True,False,False
nordholt_ddac,62,0;0;2;3;0;1,0.001286008230452675,-70.13315295741769,1.0000942120619552e-08,28.31951959893704,79.36460790881605,True,True,False,False
nordholt_ddac,63,0;0;2;3;1;0,0.001286008230452675,-70.15901527992447,1.0000000000000018e-08,28.54771453660882,77.29008221901901,True,True,False,False
nordholt_ddac,64,0;0;2;4;0;0,0.0003215020576131692,-67.43305377599533,1.0000000000000018e-08,27.860091193694977,52.97540341476881,True,True,False,False
nordholt_ddac,65,0;0;3;0;0;3,0.0004286694101508915,-999.9999999999989,471.8881273389828,95.42036129130298,73.97697311106901,True,False,False,True
nordholt_ddac,66,0;0;3;0;1;2,0.001286008230452675,-999.9999999994367,456.995272739742,93.61398368535077,72.87522198827213,True,False,False,True
nordholt_ddac,67,0;0;3;0;2;1,0.001286008230452675,-999.9999999999989,446.11377566629017,92.23231277742741,71.61970133930409,True,False,False,True
nordholt_ddac,68,0;0;3;0;3;0,0.0004286694101508915,-999.9999999999989,438.1429590325752,91.16182622300772,70.24326120496785,True,False,False,True
nordholt_ddac,69,0;0;3;1;0;2,0.001286008230452675,-72.343553760925,1.0000000000000018e-08,30.672506169422498,100.36243857259635,True,True,False,False
nordholt_ddac,70,0;0;3;1;1;1,0.00257201646090535,-72.34221871146846,1.0000195010114964e-08,30.918789048793993,97.64676028718434,True,True,False,False
nordholt_ddac,71,0;0;3;1;2;0,0.001286008230452675,-72.34374469914269,1.0000000000089582e-08,31.12591294361307,94.89943248620195,True,True,False,False
nordholt_ddac,72,0;0;3;2;0;1,0.001286008230452675,-69.85115654032134,1.0000000000000018e-08,28.7008776487234,81.22031574344953,True,True,False,False
nordholt_ddac,73,0;0;3;2;1;0,0.001286008230452675,-69.86203720300138,1.0000000000000018e-08,29.000295370387636,79.04383620957174,True,True,False,False
nordholt_ddac,74,0;0;3;3;0;0,0.0004286694101508915,-67.1777693910324,1.0000000000000018e-08,27.987966202889318,54.55096134658696,True,True,False,False
nordholt_ddac,75,0;0;4;0;0;2,0.0003215020576131692,-999.9999999999989,438.02509954778697,88.43753890172991,66.14375149750599,True,False,False,True
nordholt_ddac,76,0;0;4;0;1;1,0.0006430041152263385,-999.9999999999989,436.5926419979652,88.0767013124712,64.16520694910228,True,False,False,True
nordholt_ddac,77,0;0;4;0;2;0,0.0003215020576131692,-999.9999999999944,436.48107353597146,87.85610132076107,62.15608805711605,True,False,False,True
nordholt_ddac,78,0;0;4;1;0;1,0.0006430041152263385,-69.46652311554824,1.0000000000000018e-08,29.626379549848156,82.75687748198172,True,True,False,False
nordholt_ddac,79,0;0;4;1;1;0,0.0006430041152263385,-69.44982027075964,1.0000000000000018e-08,30.052423728519994,80.35757730511531,True,True,False,False
nordholt_ddac,80,0;0;4;2;0;0,0.0003215020576131692,-66.89805137716696,1.0000033262320422e-08,28.22151196902229,56.05338850803642,True,True,False,False
nordholt_ddac,81,0;0;5;0;0;1,0.00012860082304526734,-999.9999999999723,407.4462835617377,81.90444171597392,49.04618014306014,True,False,False,True
nordholt_ddac,82,0;0;5;0;1;0,0.00012860082304526734,-999.9999999999989,417.4568262646923,82.75343779396452,46.8451364310845,True,False,False,True
nordholt_ddac,83,0;0;5;1;0;0,0.00012860082304526734,-999.9999999999989,286.36463648733746,65.92179679709272,40.54123770615817,True,False,False,True
nordholt_ddac,84,0;0;6;0;0;0,2.1433470507544566e-05,-999.9999999999989,379.7176496827843,75.75917959042145,22.684289394784898,True,False,False,True
nordholt_ddac,85,0;1;0;0;0;5,0.00012860082304526734,-77.66974617488617,1.0000000000000018e-08,31.374166455218898,179.73392055059296,True,True,False,False
nordholt_ddac,86,0;1;0;0;1;4,0.0006430041152263385,-77.70619775998513,1.0000000000000018e-08,31.45611409401065,176.76974683558598,True,True,False,False
nordholt_ddac,87,0;1;0;0;2;3,0.001286008230452675,-77.74331992850898,1.0000000000000018e-08,31.525461803655958,173.79951431987723,True,True,False,False
nordholt_ddac,88,0;1;0;0;3;2,0.001286008230452675,-77.78112348373814,1.0000035703311401e-08,31.58472188625148,170.82425283599292,True,True,False,False
nordholt_ddac,89,0;1;0;0;4;1,0.0006430041152263385,-77.8196049766211,1.0000000000000018e-08,31.63575057558079,167.844728634523,True,True,False,False
nordholt_ddac,90,0;1;0;0;5;0,0.00012860082304526734,-77.85864675648466,1.0000000000000018e-08,31.680057615024438,164.86152234491846,True,True,False,False
nordholt_ddac,91,0;1;0;1;0;4,0.0006430041152263385,-75.29517066920005,1.0000000000000018e-08,28.95679555081021,171.95988252363327,True,True,False,False
nordholt_ddac,92,0;1;0;1;1;3,0.00257201646090535,-75.32504133724359,1.0000000000000018e-08,29.16116072710147,169.44297400188503,True,True,False,False
nordholt_ddac,93,0;1;0;1;2;2,0.0038580246913580292,-75.35532314718874,1.0000000000000018e-08,29.344434619600218,166.88074736565164,True,True,False,False
nordholt_ddac,94,0;1;0;1;3;1,0.00257201646090535,-75.38596845848372,1.0001260759217854e-08,29.50961131467658,164.27975689817276,True,True,False,False
nordholt_ddac,95,0;1;0;1;4;0,0.0006430041152263385,-75.41690903295175,1.0000000000000018e-08,29.659167286582715,161.64534038273007,True,True,False,False
nordholt_ddac,96,0;1;0;2;0;3,0.001286008230452675,-72.71331327678325,1.0000000000000018e-08,27.841952332986175,156.25486838405476,True,True,False,False
nordholt_ddac,97,0;1;0;2;1;2,0.0038580246913580292,-72.74355426301565,1.0000000000000018e-08,28.061813728419043,154.1747258241553,True,True,False,False
nordholt_ddac,98,0;1;0;2;2;1,0.0038580246913580292,-72.77377074254018,1.000014045288074e-08,28.264010349034663,152.0274136680584,True,True,False,False
nordholt_ddac,99,0;1;0;2;3;0,0.001286008230452675,-72.80388630867854,1.0000000000000018e-08,28.450579154640884,149.82067589167895,True,True,False,False
nordholt_ddac,100,0;1;0;3;0;2,0.001286008230452675,-70.02027270856318,1.0000000000000018e-08,27.31341239790055,134.47254795136513,True,True,False,False
nordholt_ddac,101,0;1;0;3;1;1,0.00257201646090535,-70.05787575919034,1.0000000000000018e-08,27.524283191179276,132.74122107248115,True,True,False,False
nordholt_ddac,102,0;1;0;3;2;0,0.001286008230452675,-70.09508895317667,1.0000000000000018e-08,27.721260328320533,130.93471906431859,True,True,False,False
nordholt_ddac,103,0;1;0;4;0;1,0.0006430041152263385,-67.3056025115761,1.0000000000000018e-08,27.112129063292087,106.89776663503525,True,True,False,False
nordholt_ddac,104,0;1;0;4;1;0,0.0006430041152263385,-67.36202974871765,1.0000000000000018e-08,27.305907452425384,105.45958973476782,True,True,False,False
nordholt_ddac,105,0;1;0;5;0;0,0.00012860082304526734,-64.6870397483196,1.0000000000000018e-08,27.10138575817523,73.46157442562682,True,True,False,False
nordholt_ddac,106,0;1;1;0;0;4,0.0006430041152263385,-74.98306469926706,1.0000000000000018e-08,29.834300941753092,173.88736155008735,True,True,False,False
nordholt_ddac,107,0;1;1;0;1;3,0.00257201646090535,-74.99785611617885,1.0000000000000018e-08,30.078130344713117,171.20019638316992,True,True,False,False
nordholt_ddac,108,0;1;1;0;2;2,0.0038580246913580292,-75.01463583687578,1.0000000000000018e-08,30.285781833059513,168.4740271572581,True,True,False,False
nordholt_ddac,109,0;1;1;0;3;1,0.00257201646090535,-75.03305963747205,1.0000000000000018e-08,30.464447403722815,165.71688196561212,True,True,False,False
nordholt_ddac,110,0;1;1;0;4;0,0.0006430041152263385,-75.05273600184358,1.0000006908725171e-08,30.619653908693564,162.93471998202315,True,True,False,False
nordholt_ddac,111,0;1;1;1;0;3,0.00257201646090535,-72.49440928081621,1.0000000000000018e-08,28.02173467237626,158.58182992027662,True,True,False,False
nordholt_ddac,112,0;1;1;1;1;2,0.007716049382716059,-72.51058607324525,1.0000000000000018e-08,28.310980668386243,156.4474339915821,True,True,False,False
nordholt_ddac,113,0;1;1;1;2;1,0.007716049382716059,-72.52795639715339,1.0000000000000018e-08,28.570200599897202,154.23106390443849,True,True,False,False
nordholt_ddac,114,0;1;1;1;3;0,0.00257201646090535,-72.54612488735815,1.0000000000000018e-08,28.803813609600592,151.94496778184055,True,True,False,False
nordholt_ddac,115,0;1;1;2;0;2,0.0038580246913580292,-69.81740584439429,1.0000004840466996e-08,27.29108593838314,136.48599083424818,True,True,False,False
nordholt_ddac,116,0;1;1;2;1;1,0.007716049382716059,-69.84461798736177,1.0000336682156705e-08,27.562033811454672,134.7662391727531,True,True,False,False
nordholt_ddac,117,0;1;1;2;2;0,0.0038580246913580292,-69.87228153554929,1.0000000000000018e-08,27.81107923001304,132.95238920356113,True,True,False,False
nordholt_ddac,118,0;1;1;3;0;1,0.00257201646090535,-67.08691142741267,1.0000000000000018e-08,27.036153862759924,108.4267075274734,True,True,False,False
nordholt_ddac,119,0;1;1;3;1;0,0.00257201646090535,-67.13747977403965,1.0000000000000018e-08,27.27745814464445,107.02915838357562,True,True,False,False
nordholt_ddac,120,0;1;1;4;0;0,0.0006430041152263385,-64.43509647135222,1.0000000000000018e-08,27.02571096533779,74.41261041284756,True,True,False,False
nordholt_ddac,121,0;1;2;0;0;3,0.001286008230452675,-72.23571104756911,1.0000000000000018e-08,28.408778026090108,160.82138625192815,True,True,False,False
nordholt_ddac,122,0;1;2;0;1;2,0.0038580246913580292,-72.2242558743792,1.0000000000000018e-08,28.830279037849945,158.56960093427773,True,True,False,False
nordholt_ddac,123,0;1;2;0;2;1,0.0038580246913580292,-72.21788313032447,1.0000000000000018e-08,29.18899099939726,156.21506973598844,True,True,False,False
nordholt_ddac,124,0;1;2;0;3;0,0.001286008230452675,-72.21536592430701,1.0000000000000018e-08,29.49745433473382,153.7798642298486,True,True,False,False
nordholt_ddac,125,0;1;2;1;0;2,0.0038580246913580292,-69.61511911658097,1.0000000000000018e-08,27.246384616016666,138.466790414214,True,True,False,False
nordholt_ddac,126,0;1;2;1;1;1,0.007716049382716059,-69.62301432703617,1.000009047059115e-08,27.62378640667039,136.75861754416667,True,True,False,False
nordholt_ddac,127,0;1;2;1;2;0,0.0038580246913580292,-69.63370739785586,1.0000000000000018e-08,27.961377013372566,134.92405053134115,True,True,False,False
nordholt_ddac,128,0;1;2;2;0;1,0.0038580246913580292,-66.8717372424956,1.0000000000000018e-08,26.909962549720436,109.89414335827797,True,True,False,False
nordholt_ddac,129,0;1;2;2;1;0,0.0038580246913580292,-66.91105686568307,1.0000000000000018e-08,27.228267413573345,108.55174090931267,True,True,False,False
nordholt_ddac,130,0;1;2;3;0;0,0.001286008230452675,-64.18027033480041,1.0000000000000018e-08,26.908981038041894,75.27753012541493,True,True,False,False
nordholt_ddac,131,0;1;3;0;0;2,0.001286008230452675,-69.42159314358733,1.0000000000000018e-08,27.13554028654333,140.41025615498182,True,True,False,False
nordholt_ddac,132,0;1;3;0;1;1,0.00257201646090535,-69.38415440716838,1.0000420281569278e-08,27.75303830499766,138.71317914350254,True,True,False,False
nordholt_ddac,133,0;1;3;0;2;0,0.001286008230452675,-69.35782142434992,1.0000000000000018e-08,28.27636136780681,136.8215466586957,True,True,False,False
nordholt_ddac,134,0;1;3;1;0;1,0.00257201646090535,-66.67218124324596,1.0000002454077474e-08,26.66916408844405,111.27628495216206,True,True,False,False
nordholt_ddac,135,0;1;3;1;1;0,0.00257201646090535,-66.68721024286889,1.0000000000000018e-08,27.13273203416297,110.02125111700173,True,True,False,False
nordholt_ddac,136,0;1;3;2;0;0,0.001286008230452675,-63.928653715115324,1.0000001532937113e-08,26.71164370207063,76.03387846913984,True,True,False,False
nordholt_ddac,137,0;1;4;0;0;1,0.0006430041152263385,-66.53756528545748,1.0000000000000018e-08,26.066237257099832,112.4857695177485,True,True,False,False
nordholt_ddac,138,0;1;4;0;1;0,0.0006430041152263385,-66.48411437831105,1.0000000000000018e-08,26.89633343703041,111.42082423583278,True,True,False,False
nordholt_ddac,139,0;1;4;1;0;0,0.0006430041152263385,-63.700154275772874,1.0019186048637434e-08,26.321834705619843,76.62584984075076,True,True,False,False
nordholt_ddac,140,0;1;5;0;0;0,0.00012860082304526734,-999.9999999999953,302.51307417166055,63.02018625858881,59.69885385206892,True,False,False,True
nordholt_ddac,141,0;2;0;0;0;4,0.0003215020576131692,-72.16952411144955,1.0000000000000018e-08,26.715945485522667,216.05031198164616,True,True,False,False
nordholt_ddac,142,0;2;0;0;1;3,0.001286008230452675,-72.18954765644162,1.0000000000000018e-08,27.07123628566446,214.375565301336,True,True,False,False
nordholt_ddac,143,0;2;0;0;2;2,0.0019290123456790144,-72.21042530119298,1.0000000000000018e-08,27.390693543029666,212.57244391468453,True,True,False,False
nordholt_ddac,144,0;2;0;0;3;1,0.001286008230452675,-72.23184256000148,1.0000000000000018e-08,27.679335703100126,210.65984686676725,True,True,False,False
nordholt_ddac,145,0;2;0;0;4;0,0.0003215020576131692,-72.25371154031544,1.0000014393709622e-08,27.941306395953035,208.65315553101817,True,True,False,False
nordholt_ddac,146,0;2;0;1;0;3,0.001286008230452675,-69.48784538664194,1.0000000000000018e-08,26.278804490005975,192.06391099994167,True,True,False,False
nordholt_ddac,147,0;2;0;1;1;2,0.0038580246913580292,-69.51758441828682,1.0000000000000018e-08,26.590798643920998,190.75944336967905,True,True,False,False
nordholt_ddac,148,0;2;0;1;2;1,0.0038580246913580292,-69.54782634329021,1.00000024600471e-08,26.87781030783367,189.32793438946965,True,True,False,False
nordholt_ddac,149,0;2;0;1;3;0,0.001286008230452675,-69.57828850600721,1.0000000000000018e-08,27.14275654944086,187.78423576131416,True,True,False,False
nordholt_ddac,150,0;2;0;2;0;2,0.0019290123456790144,-66.74250992910375,1.0000000000000018e-08,26.214732332411618,162.61765393812283,True,True,False,False
nordholt_ddac,151,0;2;0;2;1;1,0.0038580246913580292,-66.79456628568933,1.0000000000000018e-08,26.484435974373778,161.58675679826098,True,True,False,False
nordholt_ddac,152,0;2;0;2;2;0,0.0019290123456790144,-66.8465610102433,1.0000009754896781e-08,26.73625722105054,160.43867550263508,True,True,False,False
nordholt_ddac,153,0;2;0;3;0;1,0.001286008230452675,-64.04986969434002,1.0000000000000018e-08,26.354317401993587,127.4073988354188,True,True,False,False
nordholt_ddac,154,0;2;0;3;1;0,0.001286008230452675,-64.14136567966774,1.0000000000000018e-08,26.583076072081134,126.64209714626958,True,True,False,False
nordholt_ddac,155,0;2;0;4;0;0,0.0003215020576131692,-61.55113852183648,1.0000002142872936e-08,26.592424054112396,86.31203494563715,True,True,False,False
nordholt_ddac,156,0;2;1;0;0;3,0.001286008230452675,-69.3536648825717,1.0000000000000018e-08,25.84289656533761,193.63876717382854,True,True,False,False
nordholt_ddac,157,0;2;1;0;1;2,0.0038580246913580292,-69.36193606578836,1.0000000000000018e-08,26.29132951097148,192.50603663666408,True,True,False,False
nordholt_ddac,158,0;2;1;0;2;1,0.0038580246913580292,-69.3731904651849,1.0000000000000018e-08,26.693648243116968,191.18697587800835,True,True,False,False
nordholt_ddac,159,0;2;1;0;3;0,0.001286008230452675,-69.38662027657442,1.0000000000000018e-08,27.056580377472613,189.70987520116333,True,True,False,False
nordholt_ddac,160,0;2;1;1;0;2,0.0038580246913580292,-66.56952582196455,1.0000000000000018e-08,25.840978921535708,163.66046448639824,True,True,False,False
nordholt_ddac,161,0;2;1;1;1;1,0.007716049382716059,-66.60742400839295,1.0000000000000018e-08,26.204352892064602,162.79385328572732,True,True,False,False
nordholt_ddac,162,0;2;1;1;2;0,0.0038580246913580292,-66.64719560480566,1.0000014565080665e-08,26.537926579722598,161.76750107467146,True,True,False,False
nordholt_ddac,163,0;2;1;2;0;1,0.0038580246913580292,-63.81587133849299,1.0455994742584869e-08,26.071783686711832,127.89065900093908,True,False,False,False
nordholt_ddac,164,0;2;1;2;1;0,0.0038580246913580292,-63.901742182460254,1.0000001131339513e-08,26.36516498404872,127.2689724922414,True,True,False,False
nordholt_ddac,165,0;2;1;3;0;0,0.001286008230452675,-61.248690467045456,1.0000159225265643e-08,26.397095067871373,86.1164846668352,True,True,False,False
nordholt_ddac,166,0;2;2;0;0;2,0.0019290123456790144,-66.45208691624292,1.0000966512552379e-08,25.155537294700732,164.34251478100057,True,True,False,False
nordholt_ddac,167,0;2;2;0;1;1,0.0038580246913580292,-66.4589768553414,1.0000000000000018e-08,25.699556064355647,163.77247804457096,True,True,False,False
nordholt_ddac,168,0;2;2;0;2;0,0.0019290123456790144,-66.47273805820892,1.0000077431890221e-08,26.185526496243266,162.95485859080787,True,True,False,False
nordholt_ddac,169,0;2;2;1;0;1,0.0038580246913580292,-63.60744808540811,1.0029845446678963e-08,25.604158698837768,128.10271461462813,True,True,False,False
nordholt_ddac,170,0;2;2;1;1;0,0.0038580246913580292,-63.67820327829894,1.0000008710779664e-08,26.008758812990934,127.70105815897034,True,True,False,False
nordholt_ddac,171,0;2;2;2;0;0,0.0019290123456790144,-60.945876052973695,1.000039575921254e-08,26.096462366457036,85.691953232466,True,True,False,False
nordholt_ddac,172,0;2;3;0;0;1,0.001286008230452675,-63.47666261759313,1.0002381687338411e-08,24.706118436684196,127.7720231723494,True,True,False,False
nordholt_ddac,173,0;2;3;0;1;0,0.001286008230452675,-63.506628090060104,1.0000119967437142e-08,25.338185381157192,127.77839583305946,True,True,False,False
nordholt_ddac,174,0;2;3;1;0;0,0.001286008230452675,-60.6617554663251,1.0461263712519034e-08,25.5835147420624,84.92227576543905,True,False,False,False
nordholt_ddac,175,0;2;4;0;0;0,0.0003215020576131692,-60.46126071076503,1.001526414585571e-08,24.544590502268942,83.47960235459908,True,True,False,False
nordholt_ddac,176,0;3;0;0;0;3,0.0004286694101508915,-66.26383737934856,1.0028336768584991e-08,24.78508718962801,215.8547656871466,True,True,False,False
nordholt_ddac,177,0;3;0;0;1;2,0.001286008230452675,-66.30149076101245,1.1549119795387905e-08,25.191667306561058,215.52732863309922,True,False,False,False
nordholt_ddac,178,0;3;0;0;2;1,0.001286008230452675,-66.34136057906738,1.0000000000000018e-08,25.56519960841675,214.99661980792746,True,True,False,False
nordholt_ddac,179,0;3;0;0;3;0,0.0004286694101508915,-66.38283842806686,1.0000137102217106e-08,25.909616557688146,214.28680918566397,True,True,False,False
nordholt_ddac,180,0;3;0;1;0;2,0.001286008230452675,-63.462975983940325,1.0000200625522007e-08,25.23130406393079,179.24501085040424,True,True,False,False
nordholt_ddac,181,0;3;0;1;1;1,0.00257201646090535,-63.548093047505375,1.0136079848991968e-08,25.55507536402604,179.06338046851243,True,False,False,False
nordholt_ddac,182,0;3;0;1;2;0,0.001286008230452675,-63.63363535525194,1.0004115799331283e-08,25.856871917025682,178.7173985496304,True,True,False,False
nordholt_ddac,183,0;3;0;2;0;1,0.001286008230452675,-60.81707280591741,1.0023721280019561e-08,25.739019073204286,136.53008735765053,True,True,False,False
nordholt_ddac,184,0;3;0;2;1;0,0.001286008230452675,-60.970391957194494,1.0000001586683071e-08,25.990419791315432,136.61302406008926,True,True,False,False
nordholt_ddac,185,0;3;0;3;0;0,0.0004286694101508915,-58.48738426141137,1.0009841522500109e-08,26.232239624990157,87.9078899262096,True,True,False,False
nordholt_ddac,186,0;3;1;0;0;2,0.001286008230452675,-63.304985676873976,1.0109004457350933e-08,24.49597366434777,178.58629881317654,True,False,False,False
nordholt_ddac,187,0;3;1;0;1;1,0.00257201646090535,-63.36888941778236,1.0015969732000884e-08,24.95015237677324,178.77427388531981,True,True,False,False
nordholt_ddac,188,0;3;1;0;2;0,0.001286008230452675,-63.437344788827346,1.0038348065218379e-08,25.365662859452048,178.7257302605708,True,True,False,False
nordholt_ddac,189,0;3;1;1;0;1,0.00257201646090535,-60.53483000630842,1.0545344028204728e-08,25.26462714198896,135.46816144267052,True,False,False,False
nordholt_ddac,190,0;3;1;1;1;0,0.00257201646090535,-60.6841116154766,1.0594840945515847e-08,25.596352517841147,135.81769618403962,True,False,False,False
nordholt_ddac,191,0;3;1;2;0;0,0.001286008230452675,-58.097293542217336,1.0007538021151833e-08,25.94405777661106,86.10253093563145,True,True,False,False
nordholt_ddac,192,0;3;2;0;0;1,0.001286008230452675,-60.3043777915891,1.004200856112417e-08,24.45821839602913,133.7585199543538,True,True,False,False
nordholt_ddac,193,0;3;2;0;1;0,0.001286008230452675,-60.43280805506114,1.0144860672499247e-08,24.937053839211277,134.52685387874087,True,False,False,False
nordholt_ddac,194,0;3;2;1;0;0,0.001286008230452675,-57.70246901219093,1.0000002797812275e-08,25.491471084099107,83.84508317580651,True,True,False,False
nordholt_ddac,195,0;3;3;0;0;0,0.0004286694101508915,-57.38585735809742,0.002666171315766536,24.99525137941146,80.88036719268365,True,False,False,False
nordholt_ddac,196,0;4;0;0;0;2,0.0003215020576131692,-60.14322742450492,1.0000030543394353e-08,24.421941555953794,184.00649585414743,True,True,False,False
nordholt_ddac,197,0;4;0;0;1;1,0.0006430041152263385,-60.29083317614229,1.0021683245568244e-08,24.785886580505007,184.85998747401226,True,True,False,False
nordholt_ddac,198,0;4;0;0;2;0,0.0003215020576131692,-60.43757642903289,1.0001225289952656e-08,25.124576462016574,185.49913870291158,True,True,False,False
nordholt_ddac,199,0;4;0;1;0;1,0.0006430041152263385,-57.58830001145078,1.0000135134904509e-08,25.33096898776388,133.82545023137143,True,True,False,False
nordholt_ddac,200,0;4;0;1;1;0,0.0006430041152263385,-57.837569609670815,1.0000382137310266e-08,25.57971904956482,135.02131409270118,True,True,False,False
nordholt_ddac,201,0;4;0;2;0;0,0.0003215020576131692,-55.50276362388903,1.0008260032283787e-08,26.07377574619786,77.91715351401108,True,True,False,False
nordholt_ddac,202,0;4;1;0;0;1,0.0006430041152263385,-57.20940007314779,1.3368040349521835e-08,24.70067591035118,130.7109999507033,True,False,False,False
nordholt_ddac,203,0;4;1;0;1;0,0.0006430041152263385,-57.46242992607927,1.00393081121001e-08,25.039210179450183,132.31036133776644,True,True,False,False
nordholt_ddac,204,0;4;1;1;0;0,0.0006430041152263385,-54.98348179912992,1.0000013191705307e-08,25.74033220929016,73.94875233154977,True,True,False,False
nordholt_ddac,205,0;4;2;0;0;0,0.0003215020576131692,-999.9999999999989,576.4590681969146,71.06659586596425,64.75256826083746,True,False,False,True
nordholt_ddac,206,0;5;0;0;0;1,0.00012860082304526734,-54.37360974893634,1.0000000159764522e-08,25.22207175193489,118.75793624119082,True,True,False,False
nordholt_ddac,207,0;5;0;0;1;0,0.00012860082304526734,-54.75156222840437,1.000000000181812e-08,25.423151692918477,121.46588973322966,True,True,False,False
nordholt_ddac,208,0;5;0;1;0;0,0.00012860082304526734,-52.63481759057669,1.0000019961566667e-08,26.177942233436617,56.07488337846408,True,True,False,False
nordholt_ddac,209,0;5;1;0;0;0,0.00012860082304526734,-51.952352340028504,1.0064465444523754e-08,25.87468399013438,49.25469973672293,True,True,False,False
nordholt_ddac,210,0;6;0;0;0;0,2.1433470507544566e-05,-49.932767257032836,1.0787232851027654e-08,26.639667075716513,22.32083848828871,True,False,False,False
nordholt_ddac,211,1;0;0;0;0;5,0.00012860082304526734,-79.52715606224315,1.0000000000000018e-08,30.31358108955684,160.14454049258305,True,True,False,False
nordholt_ddac,212,1;0;0;0;1;4,0.0006430041152263385,-79.56839569889749,1.0000000000000018e-08,30.455415438638298,157.21358487306816,True,True,False,False
nordholt_ddac,213,1;0;0;0;2;3,0.001286008230452675,-79.61132262708924,1.0000000000000018e-08,30.576785248875666,154.26524552958892,True,True,False,False
nordholt_ddac,214,1;0;0;0;3;2,0.001286008230452675,-79.6555867638327,1.0000000000000018e-08,30.681787792019964,151.3026507197549,True,True,False,False
nordholt_ddac,215,1;0;0;0;4;1,0.0006430041152263385,-79.70114546878722,1.0000000000000018e-08,30.77323662736676,148.328161929525,True,True,False,False
nordholt_ddac,216,1;0;0;0;5;0,0.00012860082304526734,-79.74770534324156,1.0000000000000018e-08,30.853543821438432,145.3435926802805,True,True,False,False
nordholt_ddac,217,1;0;0;1;0;4,0.0006430041152263385,-77.13474638384947,1.0000000000000018e-08,28.187535241003477,153.19955040131902,True,True,False,False
nordholt_ddac,218,1;0;0;1;1;3,0.00257201646090535,-77.16734454170994,1.0000000000000018e-08,28.414769561379195,150.78877017939897,True,True,False,False
nordholt_ddac,219,1;0;0;1;2;2,0.0038580246913580292,-77.201208538516,1.0000000000000018e-08,28.618988581890516,148.31852556902663,True,True,False,False
nordholt_ddac,220,1;0;0;1;3;1,0.00257201646090535,-77.23614865597713,1.0000000000000018e-08,28.803367860134138,145.79726201235644,True,True,False,False
nordholt_ddac,221,1;0;0;1;4;0,0.0006430041152263385,-77.27205997140827,1.0000000000000018e-08,28.97055750491911,143.23188425309513,True,True,False,False
nordholt_ddac,222,1;0;0;2;0;3,0.001286008230452675,-74.52465485313162,1.0000000000000018e-08,27.175088333017676,139.31385258441773,True,True,False,False
nordholt_ddac,223,1;0;0;2;1;2,0.0038580246913580292,-74.55477079899906,1.0000000000000018e-08,27.40776954571889,137.35453346802814,True,True,False,False
nordholt_ddac,224,1;0;0;2;2;1,0.0038580246913580292,-74.5856067874605,1.0000000000000018e-08,27.62183511567967,135.3162841215464,True,True,False,False
nordholt_ddac,225,1;0;0;2;3;0,0.001286008230452675,-74.61701456389159,1.0000000000000018e-08,27.81938152744937,133.2081452196492,True,True,False,False
nordholt_ddac,226,1;0;0;3;0;2,0.001286008230452675,-71.77764009729121,1.0000083948825804e-08,26.690714715774945,119.94098874030803,True,True,False,False
nordholt_ddac,227,1;0;0;3;1;1,0.00257201646090535,-71.8104186057061,1.0000000000000018e-08,26.910693735940498,118.32746524445591,True,True,False,False
nordholt_ddac,228,1;0;0;3;2;0,0.001286008230452675,-71.8434600454421,1.0000000000000018e-08,27.116117682947795,116.62921240035794,True,True,False,False
nordholt_ddac,229,1;0;0;4;0;1,0.0006430041152263385,-68.97083262741455,1.0000000000000018e-08,26.51375571056822,95.19726802378955,True,True,False,False
nordholt_ddac,230,1;0;0;4;1;0,0.0006430041152263385,-69.01550419337336,1.0000000000000018e-08,26.7156993414436,93.85667905783554,True,True,False,False
nordholt_ddac,231,1;0;0;5;0;0,0.00012860082304526734,-66.21710154082847,1.0000000000000018e-08,26.524717128436617,64.83418519978142,True,True,False,False
nordholt_ddac,232,1;0;1;0;0;4,0.0006430041152263385,-76.88833350952295,1.0000000000000018e-08,28.629377811671745,155.80892433595483,True,True,False,False
nordholt_ddac,233,1;0;1;0;1;3,0.00257201646090535,-76.90244122180164,1.0000000000000018e-08,28.93125168050511,153.28508186573342,True,True,False,False
nordholt_ddac,234,1;0;1;0;2;2,0.0038580246913580292,-76.92030761286759,1.0000000000000018e-08,29.1904062140174,150.69471172712093,True,True,False,False
nordholt_ddac,235,1;0;1;0;3;1,0.00257201646090535,-76.94126508471801,1.0000000000000018e-08,29.41488502310825,148.0509719118106,True,True,False,False
nordholt_ddac,236,1;0;1;0;4;0,0.0006430041152263385,-76.96474043841603,1.0000000000000018e-08,29.610953704586937,145.3637679724563,True,True,False,False
nordholt_ddac,237,1;0;1;1;0;3,0.00257201646090535,-74.35338212289415,1.0000000000000018e-08,27.126255770564434,141.87592888141387,True,True,False,False
nordholt_ddac,238,1;0;1;1;1;2,0.007716049382716059,-74.36682505313959,1.0000000000000018e-08,27.439433802765972,139.9292278382038,True,True,False,False
nordholt_ddac,239,1;0;1;1;2;1,0.007716049382716059,-74.38265800718149,1.0000000000000018e-08,27.7206375812979,137.87933853293458,True,True,False,False
nordholt_ddac,240,1;0;1;1;3;0,0.00257201646090535,-74.40043619585886,1.000000069172988e-08,27.974388312757416,135.74142898477092,True,True,False,False
nordholt_ddac,241,1;0;1;2;0;2,0.0038580246913580292,-71.61749859052571,1.0000000000000018e-08,26.510194923684132,122.0706550957022,True,True,False,False
nordholt_ddac,242,1;0;1;2;1;1,0.007716049382716059,-71.63728416170873,1.0000002387048124e-08,26.796103842006737,120.52676744202654,True,True,False,False
nordholt_ddac,243,1;0;1;2;2;0,0.0038580246913580292,-71.65845648642622,1.0000000000000018e-08,27.058922175687798,118.8727431888157,True,True,False,False
nordholt_ddac,244,1;0;1;3;0;1,0.00257201646090535,-68.7931640088036,1.0000000000000018e-08,26.314120042051098,96.83910751379726,True,True,False,False
nordholt_ddac,245,1;0;1;3;1;0,0.00257201646090535,-68.82900665530589,1.0000000000000018e-08,26.567762349403715,95.58623977370976,True,True,False,False
nordholt_ddac,246,1;0;1;4;0;0,0.0006430041152263385,-66.00447108294918,1.0000023687386671e-08,26.34730279708882,65.95308952572017,True,True,False,False
nordholt_ddac,247,1;0;2;0;0;3,0.001286008230452675,-74.19155397090108,1.0000000000000018e-08,27.021839220020905,144.4129451879554,True,True,False,False
nordholt_ddac,248,1;0;2;0;1;2,0.0038580246913580292,-74.1710498605732,1.0000000000000018e-08,27.498307102081547,142.48343316014194,True,True,False,False
nordholt_ddac,249,1;0;2;0;2;1,0.0038580246913580292,-74.15828797179472,1.0000090573060689e-08,27.90717136271187,140.40368132056886,True,True,False,False
nordholt_ddac,250,1;0;2;0;3;0,0.001286008230452675,-74.1515128880903,1.0000000000000018e-08,28.261274786240495,138.2045226122029,True,True,False,False
nordholt_ddac,251,1;0;2;1;0;2,0.0038580246913580292,-71.48472375580988,1.0000000000000018e-08,26.193477934699928,124.09475639109381,True,True,False,False
nordholt_ddac,252,1;0;2;1;1;1,0.007716049382716059,-71.48040606665842,1.0000000000000018e-08,26.597658449838324,122.66665477148813,True,True,False,False
nordholt_ddac,253,1;0;2;1;2;0,0.0038580246913580292,-71.48051863590015,1.0000000000000018e-08,26.95995332356222,121.08147883725117,True,True,False,False
nordholt_ddac,254,1;0;2;2;0;1,0.0038580246913580292,-68.63750407353174,1.0000000000000018e-08,25.99652857892437,98.33945795100672,True,True,False,False
nordholt_ddac,255,1;0;2;2;1;0,0.0038580246913580292,-68.65746866988705,1.0000035973708911e-08,26.334710560465986,97.2198887037375,True,True,False,False
nordholt_ddac,256,1;0;2;3;0;0,0.001286008230452675,-65.8025750739635,1.0000001500972633e-08,26.083042384414306,66.92768657092864,True,True,False,False
nordholt_ddac,257,1;0;3;0;0;2,0.001286008230452675,-71.43008877088663,1.0000000000000018e-08,25.514070774755062,125.87479966323937,True,True,False,False
nordholt_ddac,258,1;0;3;0;1;1,0.00257201646090535,-71.36981319212441,1.0000000000000018e-08,26.183458789462005,124.69206821536976,True,True,False,False
nordholt_ddac,259,1;0;3;0;2;0,0.001286008230452675,-71.32404521826426,1.0000000000000018e-08,26.756882198462975,123.2406294239278,True,True,False,False
nordholt_ddac,260,1;0;3;1;0;1,0.00257201646090535,-68.53569183269774,1.0000000000000018e-08,25.423415449191058,99.57067576146616,True,True,False,False
nordholt_ddac,261,1;0;3;1;1;0,0.00257201646090535,-68.52271110149653,1.000056478586417e-08,25.921540334822268,98.68787197366763,True,True,False,False
nordholt_ddac,262,1;0;3;2;0;0,0.001286008230452675,-65.62815881006274,1.0000000000589663e-08,25.65349211318096,67.67187965553929,True,True,False,False
nordholt_ddac,263,1;0;4;0;0;1,0.0006430041152263385,-68.59773793000085,1.0000091061368815e-08,24.13807256273889,100.08507266084052,True,True,False,False
nordholt_ddac,264,1;0;4;0;1;0,0.0006430041152263385,-68.49765995905808,1.0000000000000018e-08,25.022238268798112,99.75870485597977,True,True,False,False
nordholt_ddac,265,1;0;4;1;0;0,0.0006430041152263385,-65.52902262285804,1.000004061510371e-08,24.850725371097813,67.95558348492867,True,True,False,False
nordholt_ddac,266,1;0;5;0;0;0,0.00012860082304526734,-999.9999999999989,225.97750173810928,57.29602929334231,55.13388353960034,True,False,False,True
nordholt_ddac,267,1;1;0;0;0;4,0.0006430041152263385,-73.96581565327448,1.0000000000000018e-08,25.908107588990458,198.85877161032775,True,True,False,False
nordholt_ddac,268,1;1;0;0;1;3,0.00257201646090535,-73.98407411918377,1.0000000000000018e-08,26.281341927155992,197.40403511214095,True,True,False,False
nordholt_ddac,269,1;1;0;0;2;2,0.0038580246913580292,-74.00405783056152,1.0000067397613619e-08,26.617574190698935,195.79778236041386,True,True,False,False
nordholt_ddac,270,1;1;0;0;3;1,0.00257201646090535,-74.02547015899204,1.0000000000000124e-08,26.9218579389099,194.06189408142177,True,True,False,False
nordholt_ddac,271,1;1;0;0;4;0,0.0006430041152263385,-74.04804292263377,1.0000000000000018e-08,27.198410863298562,192.2142714564439,True,True,False,False
nordholt_ddac,272,1;1;0;1;0;3,0.00257201646090535,-71.24935212240459,1.0000199136707828e-08,25.54801996192878,177.30630188764633,True,True,False,False
nordholt_ddac,273,1;1;0;1;1;2,0.007716049382716059,-71.27288436475996,1.000012625233738e-08,25.872036865666374,176.1995149820201,True,True,False,False
nordholt_ddac,274,1;1;0;1;2;1,0.007716049382716059,-71.29755403224905,1.0000000000000018e-08,26.170312438207908,174.9483670031314,True,True,False,False
nordholt_ddac,275,1;1;0;1;3;0,0.00257201646090535,-71.3230842680926,1.0000000000000018e-08,26.44576671583879,173.56964512282133,True,True,False,False
nordholt_ddac,276,1;1;0;2;0;2,0.0038580246913580292,-68.44029041906323,1.0000000000000018e-08,25.51658260641031,150.78831918955987,True,True,False,False
nordholt_ddac,277,1;1;0;2;1;1,0.007716049382716059,-68.47827976012324,1.0000000000000018e-08,25.797204376313573,149.91987975772332,True,True,False,False
nordholt_ddac,278,1;1;0;2;2;0,0.0038580246913580292,-68.51693010041626,1.0000000000000018e-08,26.059218386730446,148.92074348635964,True,True,False,False
nordholt_ddac,279,1;1;0;3;0;1,0.00257201646090535,-65.63940059429686,1.0000000000000018e-08,25.677448001990562,118.82782120008831,True,True,False,False
nordholt_ddac,280,1;1;0;3;1;0,0.00257201646090535,-65.70713308492374,1.0000000000000018e-08,25.918469622726086,118.16503826214526,True,True,False,False
nordholt_ddac,281,1;1;0;4;0;0,0.0006430041152263385,-62.987176498432014,1.0000158392013298e-08,25.93986867743258,81.0616381436455,True,True,False,False
nordholt_ddac,282,1;1;1;0;0;3,0.00257201646090535,-71.17650315610759,1.0000000000271339e-08,24.89220775767237,178.60305337587286,True,True,False,False
nordholt_ddac,283,1;1;1;0;1;2,0.007716049382716059,-71.17578637183337,1.0000000000000018e-08,25.359227510465914,177.7872481694859,True,True,False,False
nordholt_ddac,284,1;1;1;0;2;1,0.007716049382716059,-71.17898854665998,1.000006729095461e-08,25.779325577443558,176.752553824746,True,True,False,False
nordholt_ddac,285,1;1;1;0;3;0,0.00257201646090535,-71.18530886712955,1.0000000000000018e-08,26.159041447833076,175.5315221193914,True,True,False,False
nordholt_ddac,286,1;1;1;1;0;2,0.007716049382716059,-68.32673874301483,1.0000000000000018e-08,24.973860918574147,151.63669948399942,True,True,False,False
nordholt_ddac,287,1;1;1;1;1;1,0.015432098765432107,-68.3473577304933,1.0000000000001155e-08,25.353344034724305,151.0224248359101,True,True,False,False
nordholt_ddac,288,1;1;1;1;2;0,0.007716049382716059,-68.37071166915723,1.0000000000000018e-08,25.70203110185912,150.2246799084615,True,True,False,False
nordholt_ddac,289,1;1;1;2;0;1,0.007716049382716059,-65.46477844986431,1.017880741682423e-08,25.254078437564857,119.25649155801702,True,False,False,False
nordholt_ddac,290,1;1;1;2;1;0,0.007716049382716059,-65.52238804058197,1.0015240090581893e-08,25.564962957815904,118.80237412220023,True,True,False,False
nordholt_ddac,291,1;1;1;3;0;0,0.00257201646090535,-62.740831751336074,1.2411834960667667e-08,25.624691082852625,80.97874976181755,True,False,False,False
nordholt_ddac,292,1;1;2;0;0;2,0.0038580246913580292,-68.29815012680751,1.0014527716597537e-08,24.02038113161988,151.7767323465692,True,True,False,False
nordholt_ddac,293,1;1;2;0;1;1,0.007716049382716059,-68.28306300988496,1.000000137325675e-08,24.58694020360331,151.62923864484628,True,True,False,False
nordholt_ddac,294,1;1;2;0;2;0,0.0038580246913580292,-68.27584213108504,1.0000000000000018e-08,25.095027686503574,151.1875825677978,True,True,False,False
nordholt_ddac,295,1;1;2;1;0;1,0.007716049382716059,-65.33947726508674,1.0000193154076907e-08,24.574057110020703,119.18716855128787,True,True,False,False
nordholt_ddac,296,1;1;2;1;1;0,0.007716049382716059,-65.3755166316291,1.0314652949967734e-08,25.004358138206328,119.06852172714557,True,False,False,False
nordholt_ddac,297,1;1;2;2;0;0,0.0038580246913580292,-62.51310940188018,1.0000017682570806e-08,25.150802224639595,80.5374271879881,True,True,False,False
nordholt_ddac,298,1;1;3;0;0;1,0.00257201646090535,-65.33564955292191,1.0026715771244662e-08,23.334520909942963,118.05990170789065,True,True,False,False
nordholt_ddac,299,1;1;3;0;1;0,0.00257201646090535,-65.32132586530052,1.0048024507886634e-08,24.002001861832962,118.58402681671156,True,True,False,False
nordholt_ddac,300,1;1;3;1;0;0,0.00257201646090535,-62.33710185894832,1.0001833707623046e-08,24.368990843807754,79.47563478721844,True,True,False,False
nordholt_ddac,301,1;1;4;0;0;0,0.0006430041152263385,-62.31045693665014,1.0016996503974668e-08,22.87942251673777,77.05977425092954,True,True,False,False
nordholt_ddac,302,1;2;0;0;0;3,0.001286008230452675,-67.99787140814153,1.0002651362354191e-08,23.96898575382622,203.39586623332184,True,True,False,False
nordholt_ddac,303,1;2;0;0;1;2,0.0038580246913580292,-68.02133707577558,1.0627132344029854e-08,24.38763096217376,203.34581310955332,True,False,False,False
nordholt_ddac,304,1;2;0;0;2;1,0.0038580246913580292,-68.04731763132146,1.0000001109570791e-08,24.772811303759283,203.06745453262383,True,True,False,False
nordholt_ddac,305,1;2;0;0;3;0,0.001286008230452675,-68.07530501971749,1.0000000000000018e-08,25.128431957486235,202.58778210620744,True,True,False,False
nordholt_ddac,306,1;2;0;1;0;2,0.0038580246913580292,-65.12863915769971,1.0232840394671071e-08,24.42794058068728,170.32227152781076,True,False,False,False
nordholt_ddac,307,1;2;0;1;1;1,0.007716049382716059,-65.18602731801023,1.0000000000000053e-08,24.767627971898403,170.33153692438626,True,True,False,False
nordholt_ddac,308,1;2;0;1;2;0,0.0038580246913580292,-65.24513188128616,1.0011496526618259e-08,25.0843125160084,170.15764963511023,True,True,False,False
nordholt_ddac,309,1;2;0;2;0;1,0.0038580246913580292,-62.35440912806333,1.0171385383309483e-08,24.95125426791339,131.30592412234404,True,False,False,False
nordholt_ddac,310,1;2;0;2;1;0,0.0038580246913580292,-62.4678261894934,1.0004322824440573e-08,25.22377072859228,131.45684588738564,True,True,False,False
nordholt_ddac,311,1;2;0;3;0;0,0.001286008230452675,-59.8439638334727,1.002813472377572e-08,25.47389207228131,86.21441912719663,True,True,False,False
nordholt_ddac,312,1;2;1;0;0;2,0.0038580246913580292,-65.04956910985463,1.000082128112498e-08,23.507115500166098,169.12315996096572,True,True,False,False
nordholt_ddac,313,1;2;1;0;1;1,0.007716049382716059,-65.0821043256387,1.000000699040368e-08,23.981714627227202,169.63339792183666,True,True,False,False
nordholt_ddac,314,1;2;1;0;2;0,0.0038580246913580292,-65.12022425296297,1.0003905816153141e-08,24.416826915394026,169.8722423600707,True,True,False,False
nordholt_ddac,315,1;2;1;1;0;1,0.007716049382716059,-62.15637487644297,1.0000077124800337e-08,24.307661009751495,130.0437104079252,True,True,False,False
nordholt_ddac,316,1;2;1;1;1;0,0.007716049382716059,-62.25795570195948,1.00000002983399e-08,24.66845853317492,130.54543941678693,True,True,False,False
nordholt_ddac,317,1;2;1;2;0;0,0.0038580246913580292,-59.53004216320521,1.0002203162086363e-08,25.036535377796547,84.52391883841598,True,True,False,False
nordholt_ddac,318,1;2;2;0;0;1,0.0038580246913580292,-62.040241092531176,1.0000000004499246e-08,23.25374328405281,127.72680090604246,True,True,False,False
nordholt_ddac,319,1;2;2;0;1;0,0.0038580246913580292,-62.111020970532074,1.018566727117091e-08,23.772305872936528,128.8103875042953,True,False,False,False
nordholt_ddac,320,1;2;2;1;0;0,0.0038580246913580292,-59.23943973544933,1.0000032765224362e-08,24.36708520520182,82.18269220086631,True,True,False,False
nordholt_ddac,321,1;2;3;0;0;0,0.001286008230452675,-59.027502908468584,1.0000622816224892e-08,23.23360329877365,78.6857536794086,True,True,False,False
nordholt_ddac,322,1;3;0;0;0;2,0.001286008230452675,-61.81188041716794,1.0000000975457754e-08,23.461041681052738,178.28852697904716,True,True,False,False
nordholt_ddac,323,1;3;0;0;1;1,0.00257201646090535,-61.909921145349365,1.0000000009324683e-08,23.85349023461739,179.32461599418326,True,True,False,False
nordholt_ddac,324,1;3;0;0;2;0,0.001286008230452675,-62.010720070664846,1.0033635610665694e-08,24.218371953071518,180.12245949481206,True,True,False,False
nordholt_ddac,325,1;3;0;1;0;1,0.00257201646090535,-59.08988791562698,1.0075447750441473e-08,24.381231544163434,132.26668537625198,True,True,False,False
nordholt_ddac,326,1;3;0;1;1;0,0.00257201646090535,-59.27953746237484,1.0056631757469116e-08,24.66885372275674,133.4299888193038,True,True,False,False
nordholt_ddac,327,1;3;0;2;0;0,0.001286008230452675,-56.77747148962525,1.0000025782798121e-08,25.170906655915207,79.96946734151018,True,True,False,False
nordholt_ddac,328,1;3;1;0;0;1,0.00257201646090535,-58.83279097141673,1.0002725744200726e-08,23.53005494291797,128.8675435750268,True,True,False,False
nordholt_ddac,329,1;3;1;0;1;0,0.00257201646090535,-59.01056269948209,1.0001608754062419e-08,23.923172395422757,130.5314275228298,True,True,False,False
nordholt_ddac,330,1;3;1;1;0;0,0.00257201646090535,-56.35499555169797,1.0000000433804273e-08,24.641051779312747,76.20890677797618,True,True,False,False
nordholt_ddac,331,1;3;2;0;0;0,0.001286008230452675,-55.9521237758494,1.0008330573847383e-08,23.808625446355702,71.45873366945648,True,True,False,False
nordholt_ddac,332,1;4;0;0;0;1,0.0006430041152263385,-55.82868091498172,1.0000945039612029e-08,24.04049444218691,121.23407147424305,True,True,False,False
nordholt_ddac,333,1;4;0;0;1;0,0.0006430041152263385,-56.132038723467986,1.0000142481523054e-08,24.310756757075644,123.71670025423498,True,True,False,False
nordholt_ddac,334,1;4;0;1;0;0,0.0006430041152263385,-53.80194679574684,1.000000091723815e-08,25.08726225470282,62.000499914398105,True,True,False,False
nordholt_ddac,335,1;4;1;0;0;0,0.0006430041152263385,-999.9999999999243,609.0301806532602,71.1705102217048,54.3787110307935,True,False,False,True
nordholt_ddac,336,1;5;0;0;0;0,0.00012860082304526734,-50.963113798760276,1.0000430133776334e-08,25.28662887466168,32.088193325724546,True,True,False,False
nordholt_ddac,337,2;0;0;0;0;4,0.0003215020576131692,-75.86617763202997,1.0000000000000018e-08,25.193229834028266,179.4558122081309,True,True,False,False
nordholt_ddac,338,2;0;0;0;1;3,0.001286008230452675,-75.88128753221227,1.0000000000000018e-08,25.5819335607348,178.2144747008056,True,True,False,False
nordholt_ddac,339,2;0;0;0;2;2,0.0019290123456790144,-75.89930355397414,1.0000000000000018e-08,25.93282255568643,176.79914085024012,True,True,False,False
nordholt_ddac,340,2;0;0;0;3;1,0.001286008230452675,-75.91991506539746,1.0000000000000018e-08,26.25088550221482,175.23443723700706,True,True,False,False
nordholt_ddac,341,2;0;0;0;4;0,0.0003215020576131692,-75.94256274185955,1.0000000000000018e-08,26.540423376043456,173.54060687121142,True,True,False,False
nordholt_ddac,342,2;0;0;1;0;3,0.001286008230452675,-73.10987064783478,1.0000000000000018e-08,24.89294428801948,160.2705390317203,True,True,False,False
nordholt_ddac,343,2;0;0;1;1;2,0.0038580246913580292,-73.1281623457113,1.0000000000000018e-08,25.227279137965546,159.35845132534155,True,True,False,False
nordholt_ddac,344,2;0;0;1;2;1,0.0038580246913580292,-73.14845027932058,1.0000000000000018e-08,25.535308674859525,158.28513904237775,True,True,False,False
nordholt_ddac,345,2;0;0;1;3;0,0.001286008230452675,-73.17030189538114,1.0000000000000018e-08,25.81998030540529,157.069158471258,True,True,False,False
nordholt_ddac,346,2;0;0;2;0;2,0.0019290123456790144,-70.23463194417911,1.0000000000000018e-08,24.884279332309912,136.597766311621,True,True,False,False
nordholt_ddac,347,2;0;0;2;1;1,0.0038580246913580292,-70.26187761262402,1.000000575145702e-08,25.173865965222863,135.8997790986386,True,True,False,False
nordholt_ddac,348,2;0;0;2;2;0,0.0019290123456790144,-70.29046303404344,1.0000000000000018e-08,25.444306118694964,135.05763396751294,True,True,False,False
nordholt_ddac,349,2;0;0;3;0;1,0.001286008230452675,-67.32489670600826,1.0000001116326987e-08,25.058309482221254,107.84884909019803,True,True,False,False
nordholt_ddac,350,2;0;0;3;1;0,0.001286008230452675,-67.37349266175343,1.0000000000000018e-08,25.30911778494692,107.3141270789803,True,True,False,False
nordholt_ddac,351,2;0;0;4;0;0,0.0003215020576131692,-64.51661335984555,1.0000121662606353e-08,25.33853745099923,73.46377843689469,True,True,False,False
nordholt_ddac,352,2;0;1;0;0;3,0.001286008230452675,-73.1007272044082,1.0000000000000018e-08,24.063238432599757,161.12859998997715,True,True,False,False
nordholt_ddac,353,2;0;1;0;1;2,0.0038580246913580292,-73.0906114862414,1.0000000000000018e-08,24.545339899566784,160.62219796877372,True,True,False,False
nordholt_ddac,354,2;0;1;0;2;1,0.0038580246913580292,-73.08571112758976,1.0000000000000018e-08,24.980105713055483,159.8661990507082,True,True,False,False
nordholt_ddac,355,2;0;1;0;3;0,0.001286008230452675,-73.08516461255924,1.0000000000000018e-08,25.373890604802504,158.8968823544766,True,True,False,False
nordholt_ddac,356,2;0;1;1;0;2,0.0038580246913580292,-70.18053372748551,1.0000000000000018e-08,24.204140040880926,137.09928976580287,True,True,False,False
nordholt_ddac,357,2;0;1;1;1;1,0.007716049382716059,-70.18685166798133,1.0000000000000018e-08,24.596322133237045,136.74419240548264,True,True,False,False
nordholt_ddac,358,2;0;1;1;2;0,0.0038580246913580292,-70.1967876120851,1.0000000000000018e-08,24.957151483935235,136.18276247144368,True,True,False,False
nordholt_ddac,359,2;0;1;2;0;1,0.0038580246913580292,-67.2085835769198,1.0004247788328999e-08,24.51730681323564,108.06367552985114,True,True,False,False
nordholt_ddac,360,2;0;1;2;1;0,0.0038580246913580292,-67.24299776263616,1.0030127173365757e-08,24.841832699976646,107.80614980523214,True,True,False,False
nordholt_ddac,361,2;0;1;3;0;0,0.001286008230452675,-64.32547556263992,1.012889995807912e-08,24.92109538433427,73.33136616199438,True,False,False,False
nordholt_ddac,362,2;0;2;0;0;2,0.0019290123456790144,-70.2410377451503,1.0000091011806621e-08,23.047150753430255,136.49131910092038,True,True,False,False
nordholt_ddac,363,2;0;2;0;1;1,0.0038580246913580292,-70.2059025112301,1.1520507751775287e-08,23.629880441512345,136.76464826374544,True,False,False,False
nordholt_ddac,364,2;0;2;0;2;0,0.0019290123456790144,-70.17995675228191,1.0000000000000018e-08,24.15436624780898,136.70121646975997,True,True,False,False
nordholt_ddac,365,2;0;2;1;0;1,0.0038580246913580292,-67.16552480886357,1.0000001511172617e-08,23.667746504846647,107.49809970513124,True,True,False,False
nordholt_ddac,366,2;0;2;1;1;0,0.0038580246913580292,-67.17239985128654,1.0000099023599017e-08,24.117094159396334,107.69362205400557,True,True,False,False
nordholt_ddac,367,2;0;2;2;0;0,0.0019290123456790144,-64.17214085406,1.009472292457791e-08,24.30346373361284,72.65606335714553,True,True,False,False
nordholt_ddac,368,2;0;3;0;0;1,0.001286008230452675,-67.28654508444154,1.0004064803039643e-08,22.179067047710284,105.28502538525774,True,True,False,False
nordholt_ddac,369,2;0;3;0;1;0,0.001286008230452675,-67.23411336992247,1.0000217471032345e-08,22.868773968486725,106.34829243944895,True,True,False,False
nordholt_ddac,370,2;0;3;1;0;0,0.001286008230452675,-64.10369060636704,1.0000000000000018e-08,23.309303871371352,70.99779342820476,True,True,False,False
nordholt_ddac,371,2;0;4;0;0;0,0.0003215020576131692,-64.24789902184676,1.0000142784605793e-08,21.49979828676858,67.17760301741677,True,True,False,False
nordholt_ddac,372,2;1;0;0;0;3,0.001286008230452675,-69.80387344619042,1.0000038352608046e-08,23.251923319813553,188.53432342339715,True,True,False,False
nordholt_ddac,373,2;1;0;0;1;2,0.0038580246913580292,-69.81600053750196,1.1548628110637371e-08,23.679856422981164,188.7607658987277,True,False,False,False
nordholt_ddac,374,2;1;0;0;2;1,0.0038580246913580292,-69.83111493953861,1.0000005169816295e-08,24.07416658240471,188.73566238480453,True,True,False,False
nordholt_ddac,375,2;1;0;0;3;0,0.001286008230452675,-69.84872752823786,1.0000000000000018e-08,24.43862999339391,188.488388616217,True,True,False,False
nordholt_ddac,376,2;1;0;1;0;2,0.0038580246913580292,-66.8625379429165,1.0002498710923765e-08,23.716594866360232,158.87611104974556,True,True,False,False
nordholt_ddac,377,2;1;0;1;1;1,0.007716049382716059,-66.89860688533359,1.0002164375656973e-08,24.067884711448155,159.10046395672578,True,True,False,False
nordholt_ddac,378,2;1;0;1;2;0,0.0038580246913580292,-66.93712475875583,1.0238439458040719e-08,24.395634846254207,159.12291970372516,True,False,False,False
nordholt_ddac,379,2;1;0;2;0;1,0.0038580246913580292,-63.96409103461863,1.0000001520519203e-08,24.24710887737176,123.53213907570087,True,True,False,False
nordholt_ddac,380,2;1;0;2;1;0,0.0038580246913580292,-64.04446223654512,1.0000056063337297e-08,24.53524549566717,123.80484414187872,True,True,False,False
nordholt_ddac,381,2;1;0;3;0;0,0.001286008230452675,-61.27835055388305,1.0005642352711006e-08,24.789492219936175,82.0818790554504,True,True,False,False
nordholt_ddac,382,2;1;1;0;0;2,0.0038580246913580292,-66.85674505656614,1.0000152858626968e-08,22.652584784616103,156.96998104682444,True,True,False,False
nordholt_ddac,383,2;1;1;0;1;1,0.007716049382716059,-66.86474562538938,1.0001828335381665e-08,23.141086038592597,157.8213992001036,True,True,False,False
nordholt_ddac,384,2;1;1;0;2;0,0.0038580246913580292,-66.87881189592377,1.0000000000001724e-08,23.590001457752177,158.36897552001878,True,True,False,False
nordholt_ddac,385,2;1;1;1;0;1,0.007716049382716059,-63.84311680636007,1.000010874587078e-08,23.46927183557271,121.8627751664876,True,True,False,False
nordholt_ddac,386,2;1;1;1;1;0,0.007716049382716059,-63.90589895126705,1.0000249427677009e-08,23.850709230627785,122.57797497236199,True,True,False,False
nordholt_ddac,387,2;1;1;2;0;0,0.0038580246913580292,-61.037216080804946,1.0000000000363035e-08,24.230354837705587,80.2901693703983,True,True,False,False
nordholt_ddac,388,2;1;2;0;0;1,0.0038580246913580292,-63.830359230793256,1.0001488090034986e-08,22.23063823475423,118.67794497742116,True,True,False,False
nordholt_ddac,389,2;1;2;0;1;0,0.0038580246913580292,-63.85537824637383,1.000130192558925e-08,22.774938705957943,120.14034307238822,True,True,False,False
nordholt_ddac,390,2;1;2;1;0;0,0.0038580246913580292,-60.84411662594588,1.0000000244268271e-08,23.39106936251949,77.5741490438166,True,True,False,False
nordholt_ddac,391,2;1;3;0;0;0,0.001286008230452675,-60.76979239617413,1.0363296679466267e-08,22.014228237113116,73.14332802888991,True,False,False,False
nordholt_ddac,392,2;2;0;0;0;2,0.0019290123456790144,-63.51568247568572,1.0000000000056328e-08,22.63812953560786,169.80364498710526,True,True,False,False
nordholt_ddac,393,2;2;0;0;1;1,0.0038580246913580292,-63.57639792995391,1.000113013009521e-08,23.048876408226665,171.0795464589783,True,True,False,False
nordholt_ddac,394,2;2;0;0;2;0,0.0019290123456790144,-63.641496318424245,1.0000002260862882e-08,23.431142926152056,172.09135894665752,True,True,False,False
nordholt_ddac,395,2;2;0;1;0;1,0.0038580246913580292,-60.64845258052701,1.0000005884969818e-08,23.555346202371588,127.95219966442536,True,True,False,False
nordholt_ddac,396,2;2;0;1;1;0,0.0038580246913580292,-60.78662069374429,1.0103491469555411e-08,23.870541344307277,129.1817703993891,True,False,False,False
nordholt_ddac,397,2;2;0;2;0;0,0.0019290123456790144,-58.12926611045989,1.0132041807704201e-08,24.370317706707485,79.48713549937128,True,False,False,False
nordholt_ddac,398,2;2;1;0;0;1,0.0038580246913580292,-60.49544311907922,1.000468327265437e-08,22.541658475555213,123.97489716302778,True,True,False,False
nordholt_ddac,399,2;2;1;0;1;0,0.0038580246913580292,-60.611693328291175,1.0037310700968737e-08,22.97066956830435,125.82270805058705,True,True,False,False
nordholt_ddac,400,2;2;1;1;0;0,0.0038580246913580292,-57.80126217224436,1.0002312951494117e-08,23.68642636690277,75.6428739264451,True,True,False,False
nordholt_ddac,401,2;2;2;0;0;0,0.0019290123456790144,-57.52876390222725,1.000001103019275e-08,22.63824065489908,70.44596471425564,True,True,False,False
nordholt_ddac,402,2;3;0;0;0;1,0.001286008230452675,-57.350515028804416,1.0031209669342585e-08,23.035463028236446,120.71378559601003,True,True,False,False
nordholt_ddac,403,2;3;0;0;1;0,0.001286008230452675,-57.581238489538215,1.0003573996701129e-08,23.356295099318306,123.12755978641803,True,True,False,False
nordholt_ddac,404,2;3;0;1;0;0,0.001286008230452675,-55.063048038822664,1.000034936231498e-08,24.12967005001599,65.34869467001027,True,True,False,False
nordholt_ddac,405,2;3;1;0;0;0,0.001286008230452675,-54.60269096691643,1.0001627246472786e-08,23.35438439949412,58.983397563458325,True,True,False,False
nordholt_ddac,406,2;4;0;0;0;0,0.0003215020576131692,-52.102652044122394,1.0000003244032397e-08,24.12655975521879,39.355329494834805,True,True,False,False
nordholt_ddac,407,3;0;0;0;0;3,0.0004286694101508915,-71.7155592906677,1.0000590823195822e-08,22.609232670591023,171.39311501611752,True,True,False,False
nordholt_ddac,408,3;0;0;0;1;2,0.001286008230452675,-71.7174984364861,1.0029472418332223e-08,23.044653250402742,171.8894008970534,True,True,False,False
nordholt_ddac,409,3;0;0;0;2;1,0.001286008230452675,-71.72317213199887,1.0117841092430861e-08,23.446409746245358,172.11247239348344,True,False,False,False
nordholt_ddac,410,3;0;0;0;3;0,0.0004286694101508915,-71.73207609262975,1.0000000000000018e-08,23.81812158123987,172.0937739424692,True,True,False,False
nordholt_ddac,411,3;0;0;1;0;2,0.001286008230452675,-68.6953278211911,1.0000160074123959e-08,23.07455569744173,145.02143813611568,True,True,False,False
nordholt_ddac,412,3;0;0;1;1;1,0.00257201646090535,-68.7143786297649,1.0000004307018124e-08,23.434554219452863,145.47206345533672,True,True,False,False
nordholt_ddac,413,3;0;0;1;2;0,0.001286008230452675,-68.73648280424108,1.0000012540439081e-08,23.770755299016972,145.7028586308328,True,True,False,False
nordholt_ddac,414,3;0;0;2;0;1,0.001286008230452675,-65.67038841383477,1.033557923273822e-08,23.60578239196544,113.2916913451066,True,False,False,False
nordholt_ddac,415,3;0;0;2;1;0,0.001286008230452675,-65.72339346596105,1.0000031598136505e-08,23.905716818521967,113.72276054151355,True,True,False,False
nordholt_ddac,416,3;0;0;3;0;0,0.0004286694101508915,-62.80616482185468,1.1218178172810132e-08,24.161657859926084,75.54542003642185,True,False,False,False
nordholt_ddac,417,3;0;1;0;0;2,0.001286008230452675,-68.76560475245508,1.0000043228647843e-08,21.895374623277473,142.29579062518332,True,True,False,False
nordholt_ddac,418,3;0;1;0;1;1,0.00257201646090535,-68.75277638362448,1.0037373028425695e-08,22.39367270859628,143.49258700848563,True,True,False,False
nordholt_ddac,419,3;0;1;0;2;0,0.001286008230452675,-68.74667718961878,1.0179275153987797e-08,22.852566237852457,144.35592816003617,True,False,False,False
nordholt_ddac,420,3;0;1;1;0;1,0.00257201646090535,-65.62612628419065,1.0009535190052416e-08,22.71726126486764,111.06152084080328,True,True,False,False
nordholt_ddac,421,3;0;1;1;1;0,0.00257201646090535,-65.65662265703614,1.0015358332767265e-08,23.113711636782355,112.02859856414418,True,True,False,False
nordholt_ddac,422,3;0;1;2;0;0,0.001286008230452675,-62.637443847487894,1.1334790499215387e-08,23.499651986645606,73.47657158170674,True,False,False,False
nordholt_ddac,423,3;0;2;0;0;1,0.001286008230452675,-65.71785821947257,1.0044629612816731e-08,21.333853902209036,106.83281368805235,True,True,False,False
nordholt_ddac,424,3;0;2;0;1;0,0.001286008230452675,-65.70443675650245,1.0038547086697934e-08,21.895084782596054,108.70671429060772,True,True,False,False
nordholt_ddac,425,3;0;2;1;0;0,0.001286008230452675,-62.541706353418455,1.0000122346917202e-08,22.521248414324635,70.16171920559856,True,True,False,False
nordholt_ddac,426,3;0;3;0;0;0,0.0004286694101508915,-62.60554677437974,1.0000000063444735e-08,20.956001598285678,64.51893471277236,True,True,False,False
nordholt_ddac,427,3;1;0;0;0;2,0.001286008230452675,-65.28718242397868,1.0000103208222473e-08,21.9133037849809,158.73693564471316,True,True,False,False
nordholt_ddac,428,3;1;0;0;1;1,0.00257201646090535,-65.31886568029677,1.0000091612605656e-08,22.336212640871352,160.28391458605105,True,True,False,False
nordholt_ddac,429,3;1;0;0;2;0,0.001286008230452675,-65.35556759701731,1.0014903820834267e-08,22.7304793507611,161.541878355018,True,True,False,False
nordholt_ddac,430,3;1;0;1;0;1,0.00257201646090535,-62.279129892910625,1.0000383809965382e-08,22.82160111026357,121.00703042196986,True,True,False,False
nordholt_ddac,431,3;1;0;1;1;0,0.00257201646090535,-62.373930945091836,1.0325453921715194e-08,23.15658341564276,122.37486888155041,True,False,False,False
nordholt_ddac,432,3;1;0;2;0;0,0.001286008230452675,-59.56078999350855,1.0000000000070895e-08,23.65128167733616,76.50721229670273,True,True,False,False
nordholt_ddac,433,3;1;1;0;0;1,0.00257201646090535,-62.221931564207345,1.0004842911978547e-08,21.68158649984488,116.24678546409118,True,True,False,False
nordholt_ddac,434,3;1;1;0;1;0,0.00257201646090535,-62.28793052636523,1.000174897831613e-08,22.134638493673826,118.35684228606613,True,True,False,False
nordholt_ddac,435,3;1;1;1;0;0,0.00257201646090535,-59.323749009989044,1.003188800694665e-08,22.843448401649425,72.34082931958673,True,True,False,False
nordholt_ddac,436,3;1;2;0;0;0,0.001286008230452675,-59.17310840776906,1.0000768261493705e-08,21.629763809133863,66.38881206504863,True,True,False,False
nordholt_ddac,437,3;2;0;0;0;1,0.001286008230452675,-58.93126892029927,1.0000003852922901e-08,22.167521408417358,117.33991974845885,True,True,False,False
nordholt_ddac,438,3;2;0;0;1;0,0.001286008230452675,-59.09760418361918,1.0008066388510593e-08,22.523912664641266,119.81116570165828,True,True,False,False
nordholt_ddac,439,3;2;0;1;0;0,0.001286008230452675,-56.40763005123627,1.0000001209850268e-08,23.283132719402506,66.11294774866097,True,True,False,False
nordholt_ddac,440,3;2;1;0;0;0,0.001286008230452675,-56.06183919048318,1.000964573954267e-08,22.348119593887322,59.46427231225389,True,True,False,False
nordholt_ddac,441,3;3;0;0;0;0,0.0004286694101508915,-53.345571197632815,1.0000442539896101e-08,23.11028653445138,44.0279776650868,True,True,False,False
nordholt_ddac,442,4;0;0;0;0;2,0.0003215020576131692,-67.15992324262211,1.0000034228243364e-08,21.261406181453093,145.21278110306363,True,True,False,False
nordholt_ddac,443,4;0;0;0;1;1,0.0006430041152263385,-67.16795543135267,1.0000120839123417e-08,21.692657987208097,147.04521097142,True,True,False,False
nordholt_ddac,444,4;0;0;0;2;0,0.0003215020576131692,-67.18141619895859,1.1188378945154591e-08,22.09534068962737,148.5656144327215,True,False,False,False
nordholt_ddac,445,4;0;0;1;0;1,0.0006430041152263385,-64.00689789681451,1.0001244688760177e-08,22.156469239705533,111.52354555135858,True,True,False,False
nordholt_ddac,446,4;0;0;1;1;0,0.0006430041152263385,-64.0649648318888,1.0000335014060222e-08,22.505755307078765,113.07945563655332,True,True,False,False
nordholt_ddac,447,4;0;0;2;0;0,0.0003215020576131692,-61.0859398430855,1.0000000174200158e-08,22.994839528598177,71.0654900643226,True,True,False,False
nordholt_ddac,448,4;0;1;0;0;1,0.0006430041152263385,-64.04589455729382,1.0000568905296869e-08,20.913870582800563,105.8337293889816,True,True,False,False
nordholt_ddac,449,4;0;1;0;1;0,0.0006430041152263385,-64.06982640011583,1.000000000302867e-08,21.383296936252158,108.2545524370535,True,True,False,False
nordholt_ddac,450,4;0;1;1;0;0,0.0006430041152263385,-60.93991805977962,1.0000957685893903e-08,22.083478451604822,66.38443345069552,True,True,False,False
nordholt_ddac,451,4;0;2;0;0;0,0.0003215020576131692,-60.91126101616449,1.0058494952065432e-08,20.736325944285067,59.445922793825574,True,True,False,False
nordholt_ddac,452,4;1;0;0;0;1,0.0006430041152263385,-60.58388708958025,1.0000051334342688e-08,21.401524910861276,111.24830782986486,True,True,False,False
nordholt_ddac,453,4;1;0;0;1;0,0.0006430041152263385,-60.69503836589085,1.004298538210889e-08,21.782894601838812,113.87059462363283,True,True,False,False
nordholt_ddac,454,4;1;0;1;0;0,0.0006430041152263385,-57.834830356578024,1.0039012340327562e-08,22.526364143992414,64.32157115759638,True,True,False,False
nordholt_ddac,455,4;1;1;0;0;0,0.0006430041152263385,-57.59989724495273,1.0000000083067224e-08,21.464843470034445,57.12396336649654,True,True,False,False
nordholt_ddac,456,4;2;0;0;0;0,0.0003215020576131692,-54.67986518052406,1.0014447897011008e-08,22.21392971046507,46.07389456854419,True,True,False,False
nordholt_ddac,457,5;0;0;0;0;1,0.00012860082304526734,-62.333853023245275,1.000000528111424e-08,20.71074244278097,102.54183936141754,True,True,False,False
nordholt_ddac,458,5;0;0;0;1;0,0.00012860082304526734,-62.39796320917442,1.000000212953832e-08,21.10951809618008,105.38077281882316,True,True,False,False
nordholt_ddac,459,5;0;0;1;0;0,0.00012860082304526734,-59.35616626526261,1.0000000006647856e-08,21.838964434387798,60.00937247094448,True,True,False,False
nordholt_ddac,460,5;0;1;0;0;0,0.00012860082304526734,-59.232366300835395,1.001654950846317e-08,20.673154966233305,52.050148492098444,True,True,False,False
nordholt_ddac,461,5;1;0;0;0;0,0.00012860082304526734,-56.100904991797044,1.003745569822412e-08,21.41601708053392,45.50791417519009,True,True,False,False
nordholt_ddac,462,6;0;0;0;0;0,2.1433470507544566e-05,-57.61714138702984,1.0000000000030679e-08,20.694997435833763,42.36142136526574,True,True,False,False
