condition,parameter,fixed_value,profile_sse,reference_sse,relative_sse,conditional_gaussian_lr,converged,optimized_D,optimized_alpha,optimized_beta
peyrusson_extracellular_oxacillin,D_abs,0.0010000000000000002,371.9474527252494,1.3787908062892658,269.7635138185104,83.9631855067456,True,-0.0010000000000000002,1.0000001440323467e-08,19.99999980836823
peyrusson_extracellular_oxacillin,D_abs,0.0011874591753432754,371.66155432943816,1.3787908062892658,269.5561593782957,83.95165128349711,True,-0.0011874591753432756,1.0000001440323467e-08,19.99999980836823
peyrusson_extracellular_oxacillin,D_abs,0.0014100592931069302,371.32223198228695,1.3787908062892658,269.31005797871904,83.93795021584283,True,-0.0014100592931069302,1.0000420712704983e-08,19.9999999999998
peyrusson_extracellular_oxacillin,D_abs,0.0016743878453778773,370.9195407177634,1.3787908062892658,269.017996802588,83.92167419963715,True,-0.001674387845377877,1.0000420712704983e-08,19.999999994008533
peyrusson_extracellular_oxacillin,D_abs,0.001988267210077218,370.44169993481484,1.3787908062892658,268.67143169585177,83.9023378428282,True,-0.001988267210077217,1.0000394421726816e-08,19.999999996510024
peyrusson_extracellular_oxacillin,D_abs,0.002360986141640366,369.87476103488547,1.3787908062892658,268.26024611400476,83.87936365378954,True,-0.002360986141640367,1.0000394421726816e-08,19.999999994008533
peyrusson_extracellular_oxacillin,D_abs,0.0028035746567491703,369.2022175708298,1.3787908062892658,267.77246837354704,83.85206431951886,True,-0.002803574656749171,1.0001211457093145e-08,19.9999999940088
peyrusson_extracellular_oxacillin,D_abs,0.003329130449916673,368.40454910522385,1.3787908062892658,267.1939408246488,83.81962147276374,True,-0.0033291304499166734,1.0001021087680787e-08,19.999999999997573
peyrusson_extracellular_oxacillin,D_abs,0.003953206498668239,367.4586891358141,1.3787908062892658,266.5079339517459,83.78106021132945,True,-0.003953206498668239,1.0000134703284724e-08,19.999999999805166
peyrusson_extracellular_oxacillin,D_abs,0.004694271328870265,366.33740678015675,1.3787908062892658,265.69469792598863,83.73521846177742,True,-0.004694271328870264,1.0000000000000018e-08,19.99999999999999
peyrusson_extracellular_oxacillin,D_abs,0.005574255561017861,365.00859158919434,1.3787908062892658,264.73094389970623,83.68071006262592,True,-0.00557425556101786,1.000000001842066e-08,19.999999994008533
peyrusson_extracellular_oxacillin,D_abs,0.006619200911638937,363.43443113706127,1.3787908062892658,263.58924753434565,83.61588016433264,True,-0.006619200911638939,1.0000000117704407e-08,19.99999999977042
peyrusson_extracellular_oxacillin,D_abs,0.007860030855966229,361.57047229483817,1.3787908062892658,262.237368167497,83.53875118464282,True,-0.00786003085596623,1.0000000000247393e-08,19.999999999999687
peyrusson_extracellular_oxacillin,D_abs,0.009333465758398347,359.36455990545073,1.3787908062892658,260.63747906225683,83.44695709051237,True,-0.009333465758398348,1.0000000000000018e-08,19.99999999999999
peyrusson_extracellular_oxacillin,D_abs,0.0110831095525624,356.7556517639227,1.3787908062892658,258.7453079441817,83.33766316299162,True,-0.0110831095525624,1.000000001842066e-08,19.999999994008533
peyrusson_extracellular_oxacillin,D_abs,0.013160740129524926,353.67251757655396,1.3787908062892658,256.5091933912668,83.20746758474819,True,-0.013160740129524923,1.000000001842066e-08,19.999999994008533
peyrusson_extracellular_oxacillin,D_abs,0.01562784162111281,350.0323436660002,1.3787908062892658,253.8690728639545,83.0522800943584,True,-0.015627841621112814,1.00001221033789e-08,19.99999999999999
peyrusson_extracellular_oxacillin,D_abs,0.018557423923801927,345.7392871139053,1.3787908062892658,250.75543406355607,82.86717146771595,True,-0.018557423923801927,1.00001221033789e-08,19.999999994008533
peyrusson_extracellular_oxacillin,D_abs,0.022036183309053405,340.68305638453273,1.3787908062892658,247.0882854966314,82.64618555887692,True,-0.022036183309053402,1.0000000000001653e-08,19.999999999995246
peyrusson_extracellular_oxacillin,D_abs,0.026167068059881796,334.7376453944251,1.3787908062892658,242.77623832965872,82.38210283795699,True,-0.026167068059881796,1.0000000000092317e-08,19.9999999999999
peyrusson_extracellular_oxacillin,D_abs,0.03107232505953858,327.76042182150553,1.3787908062892658,237.71584516407233,82.06614048734585,True,-0.03107232505953858,1.0000000000146034e-08,19.999999999999783
peyrusson_extracellular_oxacillin,D_abs,0.036897117491197874,319.5918786294902,1.3787908062892658,231.79141982358192,81.68756872187501,True,-0.03689711749119787,1.0000012045041967e-08,19.9999999999999
peyrusson_extracellular_oxacillin,D_abs,0.04381382070864175,310.0565151721051,1.3787908062892658,224.87567639543445,81.23321550208718,True,-0.04381382070864175,1.0000000000027908e-08,19.99999999992382
peyrusson_extracellular_oxacillin,D_abs,0.05202712340732183,298.9655419220149,1.3787908062892658,216.83169089777996,80.68682151915942,True,-0.052027123407321824,1.0000000275657776e-08,19.999999999330434
peyrusson_extracellular_oxacillin,D_abs,0.0617800850567412,286.12243074394723,1.3787908062892658,207.5169267439398,80.02819366519964,True,-0.061780085056741214,1.0000000000134382e-08,19.999999999580787
peyrusson_extracellular_oxacillin,D_abs,0.07336132885411528,271.33280306626534,1.3787908062892658,196.79040636810035,79.2320885295053,True,-0.07336132885411528,1.0000000000313616e-08,19.999999999999794
peyrusson_extracellular_oxacillin,D_abs,0.08711358306319453,254.4208212792442,1.3787908062892658,184.5245994669532,78.26674177555589,True,-0.08711358306319451,1.0000000507830645e-08,19.999999998503807
peyrusson_extracellular_oxacillin,D_abs,0.10344382350541889,235.25520906024636,1.3787908062892658,170.62429484381883,77.09196049720808,True,-0.10344382350541886,1.0000000000000018e-08,19.99999999999999
peyrusson_extracellular_oxacillin,D_abs,0.12283531735409993,213.78939409039464,1.3787908062892658,155.05571484463636,75.65676754414365,True,-0.12283531735409994,1.0000012044958549e-08,19.99999999999996
peyrusson_extracellular_oxacillin,D_abs,0.14586192464832903,190.1222113855324,1.3787908062892658,137.89054185617002,73.89690293208338,True,-0.14586192464832906,1.0000000000097363e-08,19.99999999999997
peyrusson_extracellular_oxacillin,D_abs,0.17320508075688776,164.5883668412592,1.3787908062892658,119.37152908947458,71.73361084031885,True,-0.17320508075688776,1.0000000000000018e-08,19.99999999999999
peyrusson_extracellular_oxacillin,D_abs,0.20567396236083915,137.89177704010254,1.3787908062892658,100.00920836657602,69.07893398121617,True,-0.20567396236083912,1.000000077081052e-08,19.999999998776985
peyrusson_extracellular_oxacillin,D_abs,0.24422943373458592,111.3004507991262,1.3787908062892658,80.72323248127006,65.86539631273465,True,-0.24422943373458592,1.0000004315266677e-08,19.999999999845294
peyrusson_extracellular_oxacillin,D_abs,0.29001248197702656,86.92943503005294,1.3787908062892658,63.04758824437319,62.15834715303436,True,-0.2900124819770265,1.000000007183351e-08,19.999999999915406
peyrusson_extracellular_oxacillin,D_abs,0.3443779826876961,68.1494645307375,1.3787908062892658,49.426979219674294,58.507446197472824,True,-0.3443779826876961,1.0000000714374843e-08,19.999999999998337
peyrusson_extracellular_oxacillin,D_abs,0.4089347953287124,57.073566035855514,1.3787908062892658,41.393927037747936,55.847012702426724,True,-0.4089347953287124,1.0000000000066702e-08,0.10927375285176232
peyrusson_extracellular_oxacillin,D_abs,0.4362163826929646,53.02956047628652,1.3787908062892658,38.46091824401177,54.74463922762412,True,-0.4362163826929646,1.0000000000018243e-08,0.09699218652610848
peyrusson_extracellular_oxacillin,D_abs,0.46025760390786535,49.63448318257281,1.3787908062892658,35.99855972071202,53.75218394846668,True,-0.46025760390786535,1.0000000000000018e-08,0.0918519962937376
peyrusson_extracellular_oxacillin,D_abs,0.4855933748302039,46.22839129555577,1.3787908062892658,33.528212608241894,52.68580877725843,True,-0.4855933748302039,1.0000000000005384e-08,0.08887138627075543
peyrusson_extracellular_oxacillin,D_abs,0.48562381047507136,46.22440572281931,1.3787908062892658,33.52532197920791,52.68451549910976,True,-0.48562381047507136,1.0000000000195417e-08,0.08886871535518272
peyrusson_extracellular_oxacillin,D_abs,0.512388026396489,42.81820468975674,1.3787908062892658,31.054895706037673,51.536347014639716,True,-0.512388026396489,1.000000000000009e-08,0.08705733110025167
peyrusson_extracellular_oxacillin,D_abs,0.5406273002504809,39.437677202023416,1.3787908062892658,28.60308976686745,50.302721186956944,True,-0.5406273002504809,1.0000000000000303e-08,0.08590258797968225
peyrusson_extracellular_oxacillin,D_abs,0.5704229269986048,36.10791966319885,1.3787908062892658,26.188105910262014,48.97958002199097,True,-0.5704229269986048,1.0000000000048868e-08,0.08511896387092685
peyrusson_extracellular_oxacillin,D_abs,0.5766223084280314,35.44564281730581,1.3787908062892658,25.707774272661805,48.70190170558184,True,-0.5766223084280314,1.0000000000002434e-08,0.084990150041082
peyrusson_extracellular_oxacillin,D_abs,0.6018606820167997,32.85765747818882,1.3787908062892658,23.830777902137672,47.5646690159093,True,-0.6018606820167997,1.0000000000038067e-08,0.08454480023186572
peyrusson_extracellular_oxacillin,D_abs,0.635031068024749,29.719517146466625,1.3787908062892658,21.554768867694037,46.058956278487386,True,-0.635031068024749,1.0000000000000018e-08,0.08408785330990884
peyrusson_extracellular_oxacillin,D_abs,0.6700295756242753,26.730196498127643,1.3787908062892658,19.38669475905958,44.468804904202656,True,-0.6700295756242753,1.0000000000000018e-08,0.0836943910140668
peyrusson_extracellular_oxacillin,D_abs,0.684715450850486,25.573440637042854,1.3787908062892658,18.547730751025643,43.80521175133862,True,-0.684715450850486,1.0000000000000195e-08,0.08354533001164956
peyrusson_extracellular_oxacillin,D_abs,0.7069569581968077,23.930451860860902,1.3787908062892658,17.35611504784024,42.80917344931836,True,-0.7069569581968077,1.0000000000000018e-08,0.08333063542684194
peyrusson_extracellular_oxacillin,D_abs,0.7459195219512864,21.364769827823153,1.3787908062892658,15.495294667159897,41.10804611966837,True,-0.7459195219512864,1.0000000000000018e-08,0.08297114596123299
peyrusson_extracellular_oxacillin,D_abs,0.7870294319575002,19.080517506294644,1.3787908062892658,13.838587709796213,39.41191351339204,True,-0.7870294319575002,1.0000000000011493e-08,0.08259098227276447
peyrusson_extracellular_oxacillin,D_abs,0.8130716446117171,17.852231462714787,1.3787908062892658,12.947744778455862,38.41382436897254,True,-0.8130716446117171,1.0000000000010783e-08,0.08233768723134549
peyrusson_extracellular_oxacillin,D_abs,0.8304050350458551,17.126263452584972,1.3787908062892658,12.421219647291394,37.79109407923515,True,-0.8304050350458551,1.0000000000000232e-08,0.08215963098210628
peyrusson_extracellular_oxacillin,D_abs,0.8761712005031405,15.489867390574782,1.3787908062892658,11.234385462913407,36.28468808536804,True,-0.8761712005031405,0.001304053131418863,0.1261786010731948
peyrusson_extracellular_oxacillin,D_abs,0.9244596795450828,13.933433699194993,1.3787908062892658,10.10554584179016,34.69626549595844,True,-0.9244596795450828,0.0036599819873791273,0.15876763736232316
peyrusson_extracellular_oxacillin,D_abs,0.9654893846056294,12.707469597698099,1.3787908062892658,9.216386952780503,33.3147463520394,True,-0.9654893846056294,0.005517755954998678,0.17253630381044424
peyrusson_extracellular_oxacillin,D_abs,0.9754094846005316,12.423665417678013,1.3787908062892658,9.010551391123483,32.97594401146059,True,-0.9754094846005316,0.005940943906724912,0.17494623091493589
peyrusson_extracellular_oxacillin,D_abs,1.0291672894991595,10.96824944472492,1.3787908062892658,7.954977212419719,31.106966958374375,True,-1.0291672894991595,0.008057184684900616,0.1843435170180995
peyrusson_extracellular_oxacillin,D_abs,1.085887851714734,9.579341704952498,1.3787908062892658,6.9476396718464795,29.07602979498927,True,-1.085887851714734,0.009995027247250347,0.19013132040080222
peyrusson_extracellular_oxacillin,D_abs,1.1457344578795057,8.271176033461238,1.3787908062892658,5.998862188326757,26.873547239492073,True,-1.1457344578795057,0.011776490075571331,0.19378835846591383
peyrusson_extracellular_oxacillin,D_abs,1.146479228446487,8.25588694690312,1.3787908062892658,5.987773423817755,26.84579441201556,True,-1.146479228446487,0.011797260028364941,0.1938233740652861
peyrusson_extracellular_oxacillin,D_abs,1.2088793938522642,7.058702388585427,1.3787908062892658,5.119487565762412,24.495815238458526,True,-1.2088793938522642,0.013446441206904676,0.19615705738223702
peyrusson_extracellular_oxacillin,D_abs,1.2755044406932803,5.956220990210629,1.3787908062892658,4.3198873701809655,21.94843995298165,True,-1.2755044406932803,0.015067116771699118,0.19778757943027528
peyrusson_extracellular_oxacillin,D_abs,1.3458013979739494,4.97577978482191,1.3787908062892658,3.6087996541064893,19.250628168972103,True,-1.3458013979739494,0.01671419598571082,0.19907094069258013
peyrusson_extracellular_oxacillin,D_abs,1.3613972791592601,4.782000904657477,1.3787908062892658,3.4682570284372995,18.654782557273684,True,-1.3613972791592601,0.017079393037145625,0.19933033542965273
peyrusson_extracellular_oxacillin,D_abs,1.4199726359276317,4.1253977063110545,1.3787908062892658,2.99204033526574,16.439333115890655,True,-1.4199726359276317,0.018471481836383287,0.2002899197002127
peyrusson_extracellular_oxacillin,D_abs,1.4982316780312155,3.407475132927114,1.3787908062892658,2.4713503436374356,13.571470486259882,True,-1.4982316780312155,0.020421477091997556,0.20163010648943913
peyrusson_extracellular_oxacillin,D_abs,1.580803815694539,2.8180534985006047,1.3787908062892658,2.043858637326442,10.722592651936264,True,-1.580803815694539,0.02263069406797318,0.20317399523264723
peyrusson_extracellular_oxacillin,D_abs,1.6166036904250325,2.6079020436664337,1.3787908062892658,1.8914414222742537,9.560087935263413,True,-1.6166036904250325,0.02363925774965667,0.2038772499564354
peyrusson_extracellular_oxacillin,D_abs,1.6679267568272227,2.3476071062116732,1.3787908062892658,1.7026564838576048,7.982845034667046,True,-1.6679267568272227,0.025134136517269035,0.2049026678885618
peyrusson_extracellular_oxacillin,D_abs,1.7598513101500157,1.9834545525065657,1.3787908062892658,1.438546401280865,5.454497403025245,True,-1.7598513101500157,0.027928593317621122,0.20672390698221638
peyrusson_extracellular_oxacillin,D_abs,1.8568421072206265,1.7128938776621652,1.3787908062892658,1.2423159988077304,3.2546606779733276,True,-1.8568421072206265,0.03098217898811436,0.20852353481971875
peyrusson_extracellular_oxacillin,D_abs,1.9196508850890046,1.587510675464148,1.3787908062892658,1.1513789243609835,2.1144043309948484,True,-1.9196508850890046,0.032988274696852976,0.20958810157059857
peyrusson_extracellular_oxacillin,D_abs,1.95917836425262,1.5257227682342969,1.3787908062892658,1.1065658120686694,1.5189203465170942,True,-1.95917836425262,0.03425583223504932,0.2102138474014977
peyrusson_extracellular_oxacillin,D_abs,2.0671546859204764,1.4153744729199005,1.3787908062892658,1.0265331524287518,0.39280880287476166,True,-2.0671546859204764,0.037724868559010055,0.2117575666942122
peyrusson_extracellular_oxacillin,D_abs,2.1810819134648227,1.3787908183725957,1.3787908062892658,1.000000008763715,1.3145572572833228e-07,True,-2.1810819134648227,0.041392897504500197,0.21316774117225987
peyrusson_extracellular_oxacillin,D_abs,2.2795070569547784,1.4036610256624176,1.3787908062892658,1.018037703224962,0.2681543101388177,True,-2.2795070569547784,0.04458592053509362,0.21426351724093112
peyrusson_extracellular_oxacillin,D_abs,2.3012880195393257,1.4155682268454326,1.3787908062892658,1.0266736769554954,0.39486204746198894,True,-2.3012880195393257,0.045298421883942695,0.21449626809042271
peyrusson_extracellular_oxacillin,D_abs,2.4281190523753566,1.5268219537631058,1.3787908062892658,1.1073630218584325,1.5297229948949822,True,-2.4281190523753566,0.049518342235557886,0.2158217023733933
peyrusson_extracellular_oxacillin,D_abs,2.5619401319824444,1.7139695630875549,1.3787908062892658,1.2430961646026306,3.2640776169262633,True,-2.5619401319824444,0.054172302050857615,0.2172406316799174
peyrusson_extracellular_oxacillin,D_abs,2.703136501252404,1.9774572766059253,1.3787908062892658,1.4341967378850229,5.409073919173067,True,-2.703136501252404,0.05943014288256535,0.2188624820796888
peyrusson_extracellular_oxacillin,D_abs,2.706821570040695,1.985132366456748,1.3787908062892658,1.439763274748928,5.4671806130776295,True,-2.706821570040695,0.059573403751283976,0.21890733477959876
peyrusson_extracellular_oxacillin,D_abs,2.8521146349930238,2.3153864879658728,1.3787908062892658,1.6792877334287304,7.7755460297708465,True,-2.8521146349930233,0.06552262699574642,0.22080524389322884
peyrusson_extracellular_oxacillin,D_abs,3.0093034100839984,2.722037636236825,1.3787908062892658,1.9742209070588699,10.202607646317684,True,-3.0093034100839984,0.07275210102195845,0.22318784030709593
peyrusson_extracellular_oxacillin,D_abs,3.175155340123744,3.186453662047695,1.3787908062892658,2.3110493974233735,12.565525589648356,True,-3.1751553401237445,0.081492903538055,0.22611308003663988
peyrusson_extracellular_oxacillin,D_abs,3.2142401093619135,3.29880081822213,1.3787908062892658,2.3925317772463104,13.085281894235894,True,-3.2142401093619135,0.08374113517044365,0.22686335852562745
peyrusson_extracellular_oxacillin,D_abs,3.350147878121376,3.691562855819552,1.3787908062892658,2.6773915513366675,14.772645282255167,True,-3.3501478781213763,0.0921606458170426,0.22963531943478707
peyrusson_extracellular_oxacillin,D_abs,3.5347847909840375,4.214689792361913,1.3787908062892658,3.056801490941828,16.760536573445805,True,-3.534784790984037,0.10512496575416919,0.2337157150911665
peyrusson_extracellular_oxacillin,D_abs,3.7295976097564316,4.730258913978178,1.3787908062892658,3.4307299500413007,18.49159577939106,True,-3.7295976097564316,0.1205684298817354,0.2381895548450588
peyrusson_extracellular_oxacillin,D_abs,3.8167789096181775,4.943847288900059,1.3787908062892658,3.585639871073275,19.154054156699132,True,-3.8167789096181775,0.12796471654154176,0.24017218082333344
peyrusson_extracellular_oxacillin,D_abs,3.9351471597875003,5.214393886271123,1.3787908062892658,3.781860063532481,19.953239533489306,True,-3.9351471597875,0.13836758159670481,0.24278637235814454
peyrusson_extracellular_oxacillin,D_abs,4.152025175229274,5.649398794298719,1.3787908062892658,4.097357458817791,21.155133655154255,True,-4.152025175229274,0.15810512101016783,0.24721111171467886
peyrusson_extracellular_oxacillin,D_abs,4.380856002515701,6.0258184444459975,1.3787908062892658,4.370364537506062,22.122696357330025,True,-4.380856002515701,0.1792210850372744,0.251233138133063
peyrusson_extracellular_oxacillin,D_abs,4.532269136482802,6.232769640456976,1.3787908062892658,4.520460690647629,22.629208670400384,True,-4.532269136482801,0.1930634866937167,0.2535106017952123
peyrusson_extracellular_oxacillin,D_abs,4.622298397725413,6.3416441400052515,1.3787908062892658,4.599424445737706,22.88896762762537,True,-4.622298397725412,0.2011876979529134,0.2547259467813146
peyrusson_extracellular_oxacillin,D_abs,4.877047423002657,6.600027349588114,1.3787908062892658,4.786822859191194,23.488003577547694,True,-4.877047423002657,0.22360983371099122,0.25765536464681393
peyrusson_extracellular_oxacillin,D_abs,5.145836447495797,6.806960666649235,1.3787908062892658,4.936906045209846,23.951082425253237,True,-5.145836447495797,0.24624565586759556,0.26004743141099224
peyrusson_extracellular_oxacillin,D_abs,5.381884571241647,6.945643624820322,1.3787908062892658,5.037489076035476,24.253616381122683,True,-5.381884571241647,0.2652505540165647,0.26167577063674413
peyrusson_extracellular_oxacillin,D_abs,5.429439258573668,6.969579750130611,1.3787908062892658,5.054849305884055,24.305220616872415,True,-5.429439258573668,0.2689850186413365,0.261959157727567
peyrusson_extracellular_oxacillin,D_abs,5.728672289397529,7.095121870566589,1.3787908062892658,5.145901639467457,24.573008995478055,True,-5.728672289397529,0.2918170149772399,0.26345911134342676
peyrusson_extracellular_oxacillin,D_abs,6.04439696926132,7.190361588753913,1.3787908062892658,5.214976453248412,24.77301859868534,True,-6.04439696926132,0.3148002281123552,0.26461641877345243
peyrusson_extracellular_oxacillin,D_abs,6.377522203466399,7.261342688100414,1.3787908062892658,5.266457141270645,24.920368009055892,True,-6.377522203466398,0.33803959433627595,0.2654952596447522
peyrusson_extracellular_oxacillin,D_abs,6.390768214759297,7.263674584927638,1.3787908062892658,5.268148403510418,24.925184313512037,True,-6.390768214759297,0.3389452687133964,0.2655244544994498
peyrusson_extracellular_oxacillin,D_abs,6.729006989869748,7.313280398394278,1.3787908062892658,5.304126169854933,25.02727560421019,True,-6.729006989869748,0.36166906246975294,0.266152413384027
peyrusson_extracellular_oxacillin,D_abs,7.099863179638158,7.350557876026744,1.3787908062892658,5.3311625247990095,25.103539861705123,True,-7.099863179638159,0.38583902063929254,0.2666364937093209
peyrusson_extracellular_oxacillin,D_abs,7.491158390156077,7.376773832333232,1.3787908062892658,5.350176254936247,25.156942578197132,True,-7.491158390156078,0.4107072918990257,0.2669880617210468
peyrusson_extracellular_oxacillin,D_abs,7.5887763541080915,7.381780875867082,1.3787908062892658,5.353807729349197,25.167120492955625,True,-7.588776354108092,0.41683119873337215,0.26705690584959413
peyrusson_extracellular_oxacillin,D_abs,7.904019078472691,7.39481720616678,1.3787908062892658,5.363262630150851,25.193587343328428,True,-7.904019078472691,0.4364326629078748,0.2672401624117806
peyrusson_extracellular_oxacillin,D_abs,8.339633784136115,7.406954977115342,1.3787908062892658,5.372065829949687,25.21818799287003,True,-8.339633784136117,0.46317066822674535,0.26741911687643516
peyrusson_extracellular_oxacillin,D_abs,8.799256550750078,7.414924496843506,1.3787908062892658,5.377845908908592,25.23431857977065,True,-8.799256550750078,0.4910710483000878,0.26754541063877163
peyrusson_extracellular_oxacillin,D_abs,9.011362111313742,7.417479597706825,1.3787908062892658,5.3796990550506045,25.239486523292765,True,-9.011362111313742,0.5038686086357964,0.2675888210810947
peyrusson_extracellular_oxacillin,D_abs,9.284210536103132,7.420024503592909,1.3787908062892658,5.381544807049005,25.244632077208703,True,-9.28421053610313,0.520276532658658,0.26763459978878384
peyrusson_extracellular_oxacillin,D_abs,9.795891821263096,7.423200646054829,1.3787908062892658,5.383848378009467,25.251051455366163,True,-9.795891821263096,0.5509228176121205,0.2676982062670328
peyrusson_extracellular_oxacillin,D_abs,10.335773429602385,7.425122571701581,1.3787908062892658,5.385242299145281,25.254934571922757,True,-10.335773429602384,0.5831393158903241,0.2677445399770389
peyrusson_extracellular_oxacillin,D_abs,10.700624621420255,7.425920815930175,1.3787908062892658,5.385821244279635,25.256547073230298,True,-10.700624621420257,0.6048664306454742,0.26776811658870087
peyrusson_extracellular_oxacillin,D_abs,10.905409567324114,7.426250723080528,1.3787908062892658,5.38606051708944,25.257213454875988,True,-10.905409567324114,0.6170504166887416,0.2677794166686004
peyrusson_extracellular_oxacillin,D_abs,12.706554888609631,7.427410267786557,1.3787908062892658,5.38690150377193,25.25955539207739,True,-12.706554888609633,0.7240357672142596,0.2678458792542406
peyrusson_extracellular_oxacillin,D_abs,15.088515189482441,7.427596058864022,1.3787908062892658,5.387036253058492,25.259930601094585,True,-15.088515189482443,0.8653754180779949,0.267896687812149
peyrusson_extracellular_oxacillin,D_abs,17.916995804057326,7.427611447176346,1.3787908062892658,5.387047413788788,25.259961677696477,True,-17.916995804057326,1.0331955157578676,0.26793742357929606
peyrusson_extracellular_oxacillin,D_abs,21.275701062114813,7.427612233505494,1.3787908062892658,5.387047984092233,25.259963265681616,True,-21.275701062114816,1.2324855363943659,0.26797153860767836
peyrusson_extracellular_oxacillin,D_abs,25.264026438068882,7.427612256231766,1.3787908062892658,5.387048000574989,25.25996331157713,True,-25.264026438068882,1.4691458455870778,0.26800025798306765
peyrusson_extracellular_oxacillin,D_abs,30.000000000000004,7.427612256566838,1.3787908062892658,5.387048000818008,25.259963312253806,True,-30.000000000000004,1.7501801806416768,0.26802444202143505
peyrusson_extracellular_oxacillin,alpha,9.999999999999982e-09,13.400997743219028,1.3787908062892658,9.719384320007965,34.11183412354829,True,-1.0358991253385932,9.999999999999982e-09,0.07866689728173518
peyrusson_extracellular_oxacillin,alpha,1.4289504402967221e-08,13.400992491196584,1.3787908062892658,9.719380510856917,34.11182824485526,True,-1.0358992932457949,1.4289504402967243e-08,0.07866709012804567
peyrusson_extracellular_oxacillin,alpha,2.0418993608241962e-08,13.400984986317065,1.3787908062892658,9.719375067769041,34.111819844490554,True,-1.0358997023487968,2.041899360824198e-08,0.07866735690273835
peyrusson_extracellular_oxacillin,alpha,2.9177729906913307e-08,13.400974262211315,1.3787908062892658,9.719367289862706,34.111807840772116,True,-1.035900389750575,2.9177729906913324e-08,0.07866773139536308
peyrusson_extracellular_oxacillin,alpha,4.169352999734261e-08,13.40095893798686,1.3787908062892658,9.719356175613623,34.11179068802682,True,-1.035901320713114,4.169352999734261e-08,0.07866826823572728
peyrusson_extracellular_oxacillin,alpha,5.9577988047227436e-08,13.400937040411028,1.3787908062892658,9.719340293889047,34.11176617754907,True,-1.035902654071549,5.957798804722751e-08,0.07866903745013086
peyrusson_extracellular_oxacillin,alpha,8.51339922520785e-08,13.400905749822604,1.3787908062892658,9.71931759966431,34.111731153179285,True,-1.0359045550063595,8.513399225207856e-08,0.07867013433277577
peyrusson_extracellular_oxacillin,alpha,1.216522557128253e-07,13.400861037045347,1.3787908062892658,9.719285170685923,34.111681104862384,True,-1.0359072660717041,1.2165225571282535e-07,0.07867170457761737
peyrusson_extracellular_oxacillin,alpha,1.7383504436393114e-07,13.400797144544871,1.3787908062892658,9.719238831168584,34.111609587831566,True,-1.0359111447366456,1.7383504436393114e-07,0.07867394672458634
peyrusson_extracellular_oxacillin,alpha,2.4840166318283966e-07,13.400705845005316,1.3787908062892658,9.719172614060708,34.11150739258573,True,-1.0359170314800552,2.4840166318283955e-07,0.07867712797731577
peyrusson_extracellular_oxacillin,alpha,3.549536659755568e-07,13.400575381828817,1.3787908062892658,9.71907799261712,34.11136135869795,True,-1.0359250296182434,3.549536659755565e-07,0.0786817004126999
peyrusson_extracellular_oxacillin,alpha,5.072111972807086e-07,13.400388955070431,1.3787908062892658,9.718942782288233,34.11115267953696,True,-1.035936465787135,5.072111972807087e-07,0.078688233020646
peyrusson_extracellular_oxacillin,alpha,7.247796636776962e-07,13.400122557723753,1.3787908062892658,9.718749571436039,34.11085447924339,True,-1.0359525317009903,7.24779663677696e-07,0.0786975811346366
peyrusson_extracellular_oxacillin,alpha,1.035674219530354e-06,13.399741883504813,1.3787908062892658,9.71847347863269,34.110428349230915,True,-1.0359761647124786,1.0356742195303534e-06,0.07871089431655538
peyrusson_extracellular_oxacillin,alpha,1.4799271320018636e-06,13.399197907436326,1.3787908062892658,9.718078947376748,34.10981939670577,True,-1.0360095427029743,1.4799271320018647e-06,0.07872993392424593
peyrusson_extracellular_oxacillin,alpha,2.1147425268811283e-06,13.398420569129676,1.3787908062892658,9.717515164746995,34.10894916455337,True,-1.036056996084079,2.1147425268811287e-06,0.07875714005734438
peyrusson_extracellular_oxacillin,alpha,3.021862264900991e-06,13.397309743213397,1.3787908062892658,9.716709512496333,34.10770550457027,True,-1.0361251343079145,3.0218622649009908e-06,0.07879595823826051
peyrusson_extracellular_oxacillin,alpha,4.318091413946322e-06,13.395722329739074,1.3787908062892658,9.715558204069353,34.10592808706277,True,-1.0362229102426985,4.318091413946319e-06,0.07885133243993434
peyrusson_extracellular_oxacillin,alpha,6.170338627200092e-06,13.393453793054357,1.3787908062892658,9.71391289524196,34.103387654300214,True,-1.0363622801463133,6.170338627200097e-06,0.07893033726349685
peyrusson_extracellular_oxacillin,alpha,8.817108098117443e-06,13.39021175278026,1.3787908062892658,9.711561530365353,34.099756291426026,True,-1.036561337515826,8.817108098117446e-06,0.07904294380523376
peyrusson_extracellular_oxacillin,alpha,1.2599210498948715e-05,13.385578186203679,1.3787908062892658,9.708200928774854,34.094564773304555,True,-1.0368464601179987,1.2599210498948715e-05,0.07920321267674471
peyrusson_extracellular_oxacillin,alpha,1.800364738986385e-05,13.37895529025799,1.3787908062892658,9.703397519936123,34.0871412595489,True,-1.037255004093653,1.800364738986384e-05,0.07943095252827301
peyrusson_extracellular_oxacillin,alpha,2.5726319864692934e-05,13.369487850677801,1.3787908062892658,9.69653103987475,34.07652295186761,True,-1.0378397989637285,2.572631986469295e-05,0.07975387757656188
peyrusson_extracellular_oxacillin,alpha,3.676163609786728e-05,13.35595172792158,1.3787908062892658,9.686713653006144,34.06132830123458,True,-1.0386781030280152,3.676163609786729e-05,0.08021024720229959
peyrusson_extracellular_oxacillin,alpha,5.253055608807533e-05,13.336593226033518,1.3787908062892658,9.672673450678307,34.03957109676179,True,-1.0398826837096689,5.2530556088075314e-05,0.08085216177582265
peyrusson_extracellular_oxacillin,alpha,7.506356125108689e-05,13.308896671343657,1.3787908062892658,9.652585882235346,34.00838769787728,True,-1.0416173035054135,7.506356125108685e-05,0.08174919623057617
peyrusson_extracellular_oxacillin,alpha,0.00010726210889998059,13.269245618065142,1.3787908062892658,9.623828036521806,33.96363165481361,True,-1.044123562742044,0.00010726210889998067,0.08299136978642177
peyrusson_extracellular_oxacillin,alpha,0.00015327223773978224,13.212422813715643,1.3787908062892658,9.582615980211083,33.899259323020324,True,-1.047762840859895,0.0001532722377397823,0.0846898899701916
peyrusson_extracellular_oxacillin,alpha,0.00021901843160352614,13.130856456505432,1.3787908062892658,9.523458088500353,33.80637041154454,True,-1.0530912301538071,0.00021901843160352605,0.08697212551443555
peyrusson_extracellular_oxacillin,alpha,0.00031296648427295623,13.013442921177118,1.3787908062892658,9.438301199730324,33.67164009461102,True,-1.060988006799743,0.00031296648427295596,0.08996622549135243
peyrusson_extracellular_oxacillin,alpha,0.00044721359549995795,12.843597324463232,1.3787908062892658,9.315116742785046,33.47457805122759,True,-1.0729323675240203,0.0004472135954999578,0.09376587828056197
peyrusson_extracellular_oxacillin,alpha,0.0006390460641963452,12.595713412580539,1.3787908062892658,9.135333188418432,33.18224494489167,True,-1.0916336741096533,0.0006390460641963453,0.09836163827943775
peyrusson_extracellular_oxacillin,alpha,0.0009131651548032548,12.22777443389547,1.3787908062892658,8.868476913335412,32.73754604158817,True,-1.1228634588763582,0.0009131651548032545,0.1034933881422224
peyrusson_extracellular_oxacillin,alpha,0.0013048677500197355,11.662664035752607,1.3787908062892658,8.4586174948035,32.027786153614144,True,-1.1823179469747092,0.0013048677500197357,0.10823798744419591
peyrusson_extracellular_oxacillin,alpha,0.001864591345919694,10.749867157598255,1.3787908062892658,7.796590395412724,30.805297640004948,True,-1.3037996029201817,0.0018645913459196936,0.1110159616615782
peyrusson_extracellular_oxacillin,alpha,0.0026644086247254047,9.454901909895872,1.3787908062892658,6.857386825302246,28.87989659864373,True,-1.4055386720693808,0.002664408624725405,0.11721686997779833
peyrusson_extracellular_oxacillin,alpha,0.003807307877431751,7.987453108229595,1.3787908062892658,5.793085558588976,26.349975919669564,True,-1.4692760184444504,0.0038073078774317503,0.1270915017588405
peyrusson_extracellular_oxacillin,alpha,0.005440454267801291,6.493261472052018,1.3787908062892658,4.709388431104576,23.243370822324973,True,-1.5243132765788052,0.005440454267801291,0.13880190939316922
peyrusson_extracellular_oxacillin,alpha,0.007774139521388835,5.07670844229406,1.3787908062892658,3.6820005030037772,19.551843291336606,True,-1.5832417152717517,0.0077741395213888325,0.1515743716360367
peyrusson_extracellular_oxacillin,alpha,0.008278556992683001,4.8415920072395835,1.3787908062892658,3.511476857225166,18.84055059042837,True,-1.5947447401637822,0.008278556992683001,0.15389098628965545
peyrusson_extracellular_oxacillin,alpha,0.008734813630209021,4.6451095514245555,1.3787908062892658,3.368973400632051,18.219121035943463,True,-1.6049326726630195,0.008734813630209018,0.15587809659384488
peyrusson_extracellular_oxacillin,alpha,0.009216215968787836,4.452672943064609,1.3787908062892658,3.229404288710098,17.58446534227826,True,-1.6154999209325953,0.00921621596878784,0.15787273610860522
peyrusson_extracellular_oxacillin,alpha,0.009724149865039238,4.264472985397437,1.3787908062892658,3.0929079059312823,16.936675773925195,True,-1.6264824724626252,0.009724149865039236,0.1598731939028251
peyrusson_extracellular_oxacillin,alpha,0.010260077554386942,4.080688136564756,1.3787908062892658,2.9596136832004967,16.275881210793237,True,-1.6379177837933958,0.010260077554386939,0.16187776555071032
peyrusson_extracellular_oxacillin,alpha,0.010825541860528492,3.9014851042593026,1.3787908062892658,2.8296425291370735,15.602255833263111,True,-1.6498442481269566,0.010825541860528495,0.16388478514038415
peyrusson_extracellular_oxacillin,alpha,0.011108860092016726,3.816869016064186,1.3787908062892658,2.768272749320479,15.273353542578453,True,-1.6557744381749433,0.011108860092016726,0.1648516723233525
peyrusson_extracellular_oxacillin,alpha,0.01142217063690189,3.727019649721168,1.3787908062892658,2.703107413191767,14.91603007521712,True,-1.662301537964063,0.01142217063690189,0.1658926153700841
peyrusson_extracellular_oxacillin,alpha,0.012051681452935097,3.557437634721985,1.3787908062892658,2.5801141249963093,14.217504486748547,True,-1.675330009843274,0.012051681452935102,0.1678996801420801
peyrusson_extracellular_oxacillin,alpha,0.012715886538569084,3.392876347793987,1.3787908062892658,2.4607622362417847,13.507067311212309,True,-1.6889707234138887,0.012715886538569086,0.16990446868507222
peyrusson_extracellular_oxacillin,alpha,0.013416698001288705,3.233466147225571,1.3787908062892658,2.3451462922992543,12.785216770922924,True,-1.7032647337603852,0.0134166980012887,0.1719055714016227
peyrusson_extracellular_oxacillin,alpha,0.014156133330680104,3.0793324571191802,1.3787908062892658,2.233357259907016,12.05258926593936,True,-1.7182531287403968,0.01415613333068011,0.17390167833706147
peyrusson_extracellular_oxacillin,alpha,0.014936321206361187,2.9305981475451524,1.3787908062892658,2.1254842534323677,11.309994905744187,True,-1.7339754492544532,0.014936321206361187,0.1758916542071497
peyrusson_extracellular_oxacillin,alpha,0.015759507626004875,2.7873863185686667,1.3787908062892658,2.0216165540516973,10.558461984711114,True,-1.7504693643312124,0.01575950762600487,0.1778745454514884
peyrusson_extracellular_oxacillin,alpha,0.015874010519681986,2.7684907120870577,1.3787908062892658,2.00791207734978,10.456431220356773,True,-1.7527560890985179,0.01587401051968198,0.17814153691805296
peyrusson_extracellular_oxacillin,alpha,0.01662806237109654,2.649823488384531,1.3787908062892658,1.9218459220191573,9.799292128379907,True,-1.7677692292295588,0.01662806237109655,0.17984963871450013
peyrusson_extracellular_oxacillin,alpha,0.01754448582903914,2.518043155640468,1.3787908062892658,1.8262691803242201,9.0341277990116,True,-1.7859047320042465,0.01754448582903914,0.18181650935473292
peyrusson_extracellular_oxacillin,alpha,0.01851141619124542,2.3921896634730087,1.3787908062892658,1.7349910171733007,8.265033539455363,True,-1.8048994094918038,0.01851141619124542,0.18377506484688858
peyrusson_extracellular_oxacillin,alpha,0.019531637047939077,2.2724222375036565,1.3787908062892658,1.648126914640095,7.494591597491977,True,-1.8247690707946027,0.019531637047939077,0.18572559321771898
peyrusson_extracellular_oxacillin,alpha,0.02060808540152868,2.1589190044770787,1.3787908062892658,1.5658060632761026,6.72601121703823,True,-1.845520029764678,0.02060808540152868,0.18766880674026756
peyrusson_extracellular_oxacillin,alpha,0.021743860121623135,2.051880728890803,1.3787908062892658,1.4881740721879495,5.963248703491257,True,-1.8671480033786734,0.02174386012162314,0.1896058519016524
peyrusson_extracellular_oxacillin,alpha,0.022683174321374372,1.9722043235066804,1.3787908062892658,1.4303869118582724,5.369174631120384,True,-1.8848060186272282,0.022683174321374375,0.19112955321855982
peyrusson_extracellular_oxacillin,alpha,0.022942230866028996,1.9515339433592527,1.3787908062892658,1.4153952394064828,5.2111321984145835,True,-1.8896370225719439,0.022942230866028993,0.1915383200055096
peyrusson_extracellular_oxacillin,alpha,0.024206647493411254,1.8581331105506051,1.3787908062892658,1.3476541198816023,4.475480879114317,True,-1.9129593252659982,0.02420664749341125,0.19346820948803578
peyrusson_extracellular_oxacillin,alpha,0.02554074999471469,1.7719614580975487,1.3787908062892658,1.2851561310206452,3.763203205591872,True,-1.9370759373527833,0.025540749994714694,0.19539786606499138
peyrusson_extracellular_oxacillin,alpha,0.026948378971936308,1.6933301872768287,1.3787908062892658,1.2281269787648799,3.082353409233535,True,-1.9619381576186108,0.02694837897193631,0.197329892302431
peyrusson_extracellular_oxacillin,alpha,0.02843358669441497,1.622575875845817,1.3787908062892658,1.1768107739365112,2.442120683186052,True,-1.9874902403803567,0.028433586694414967,0.19926701947236777
peyrusson_extracellular_oxacillin,alpha,0.030000648764467102,1.560056064244463,1.3787908062892658,1.1314668310293101,1.8527230725446981,True,-2.0136725028072844,0.0300006487644671,0.20121197918049394
peyrusson_extracellular_oxacillin,alpha,0.031654076425951215,1.5061432053580768,1.3787908062892658,1.0923652801337964,1.325179905078185,True,-2.0404251777399782,0.03165407642595121,0.20316735783430542
peyrusson_extracellular_oxacillin,alpha,0.03241313193385521,1.4851683987055695,1.3787908062892658,1.0771528153009646,1.1148191684428084,True,-2.0524089047305996,0.03241313193385521,0.20403499450687293
peyrusson_extracellular_oxacillin,alpha,0.033398629551195276,1.4612173338973182,1.3787908062892658,1.0597817502351112,0.8709448637980709,True,-2.067692120605516,0.03339862955119528,0.20513547492439416
peyrusson_extracellular_oxacillin,alpha,0.03523933034367322,1.4256579358396135,1.3787908062892658,1.0339914723368957,0.5013979319376217,True,-2.095424291910328,0.03523933034367322,0.20711828034964463
peyrusson_extracellular_oxacillin,alpha,0.0371814777958782,1.399835547765979,1.3787908062892658,1.0152631866855502,0.22721814163766735,True,-2.1235826118214773,0.0371814777958782,0.20911728556517095
peyrusson_extracellular_oxacillin,alpha,0.03923066294401326,1.3841035866736962,1.3787908062892658,1.0038532171524472,0.05768718789342913,True,-2.1521400009756917,0.039230662944013256,0.21113352808427327
peyrusson_extracellular_oxacillin,alpha,0.041392784963415,1.3787908183946471,1.3787908062892658,1.0000000087797085,1.3169562715828104e-07,True,-2.181082539459734,0.041392784963414996,0.21316757142584877
peyrusson_extracellular_oxacillin,alpha,0.04367406815104509,1.3841947442048992,1.3787908062892658,1.003919331265471,0.05867506044552391,True,-2.21040991582734,0.043674068151045096,0.21521952614336903
peyrusson_extracellular_oxacillin,alpha,0.04608107984393918,1.400576049472295,1.3787908062892658,1.0158002527168424,0.23515092256499764,True,-2.240135386875119,0.04608107984393918,0.21728908593240256
peyrusson_extracellular_oxacillin,alpha,0.04631675914827815,1.4027136469029726,1.3787908062892658,1.0173505948143724,0.25802687984918854,True,-2.2429835672117404,0.04631675914827816,0.2174867770718183
peyrusson_extracellular_oxacillin,alpha,0.04862074932519618,1.42815413804256,1.3787908062892658,1.0358019008598887,0.5276386525063601,True,-2.2702850637118996,0.04862074932519619,0.2193755827876674
peyrusson_extracellular_oxacillin,alpha,0.051300387771934707,1.4671036845152667,1.3787908062892658,1.0640509624978405,0.9312493028529069,True,-2.3008972528879186,0.0513003877719347,0.22147803237909586
peyrusson_extracellular_oxacillin,alpha,0.054127709302642456,1.517552077182414,1.3787908062892658,1.1006398289430113,1.4383751006943792,True,-2.33202184846471,0.054127709302642456,0.22359517713351895
peyrusson_extracellular_oxacillin,alpha,0.05711085318450944,1.5795775940522376,1.3787908062892658,1.1456252731357766,2.0392586704229068,True,-2.3637191524081156,0.05711085318450945,0.22572554236206324
peyrusson_extracellular_oxacillin,alpha,0.060258407264675476,1.6532081464690653,1.3787908062892658,1.199027538425744,2.72266265414396,True,-2.3960601650138087,0.06025840726467546,0.22786743958943512
peyrusson_extracellular_oxacillin,alpha,0.0635794326928454,1.7384204319868923,1.3787908062892658,1.260829724173674,3.4765502323340947,True,-2.429125232108216,0.06357943269284541,0.23001902696862406
peyrusson_extracellular_oxacillin,alpha,0.06618435337804944,1.8097349314265092,1.3787908062892658,1.312552218343435,4.079602501451182,True,-2.454401370960554,0.06618435337804943,0.23163456889837591
peyrusson_extracellular_oxacillin,alpha,0.06708349000644351,1.8351393538174376,1.3787908062892658,1.33097736469272,4.288702995404767,True,-2.463005075410602,0.06708349000644351,0.2321782867969236
peyrusson_extracellular_oxacillin,alpha,0.0707806666534005,1.9432375833475042,1.3787908062892658,1.4093781119540039,5.14722827617179,True,-2.4978006295729354,0.07078066665340049,0.2343430419993709
peyrusson_extracellular_oxacillin,alpha,0.07468160603180592,2.0625351614989107,1.3787908062892658,1.4959014464636615,6.040934990248812,True,-2.5336235057718697,0.07468160603180592,0.23651096014960354
peyrusson_extracellular_oxacillin,alpha,0.07879753813002435,2.192799052027704,1.3787908062892658,1.59037835328274,6.959579189461134,True,-2.5705973763670404,0.07879753813002435,0.23867952316508623
peyrusson_extracellular_oxacillin,alpha,0.08314031185548268,2.3337425741534648,1.3787908062892658,1.6926009105284485,7.893995193005153,True,-2.6088591398761944,0.08314031185548268,0.24084601192621782
peyrusson_extracellular_oxacillin,alpha,0.0877224291451957,2.4850246527332702,1.3787908062892658,1.8023217455454372,8.83613538578188,True,-2.648560037205515,0.08772242914519568,0.2430074941808689
peyrusson_extracellular_oxacillin,alpha,0.09255708095622708,2.646248831482923,1.3787908062892658,1.919253319221617,9.779043212417932,True,-2.689869254096913,0.09255708095622708,0.24516074508705582
peyrusson_extracellular_oxacillin,alpha,0.09457416090031759,2.7137379417426484,1.3787908062892658,1.9682013611956992,10.156801666150596,True,-2.706964340318076,0.09457416090031759,0.24602294385237133
peyrusson_extracellular_oxacillin,alpha,0.09765818523969538,2.816961998596712,1.3787908062892658,2.043067001714343,10.7167816656944,True,-2.7329751216991696,0.0976581852396954,0.2473022489760618
peyrusson_extracellular_oxacillin,alpha,0.10304042700764338,2.996652774683368,1.3787908062892658,2.1733919032635907,11.644335543926061,True,-2.7780895863158657,0.10304042700764338,0.24942810459196554
peyrusson_extracellular_oxacillin,alpha,0.10871930060811569,3.1847495103473924,1.3787908062892658,2.3098134218913864,12.557501272914934,True,-2.8254515201331634,0.1087193006081157,0.2515339893433766
peyrusson_extracellular_oxacillin,alpha,0.11471115433014496,3.380617835106703,1.3787908062892658,2.451871465697502,13.452773947670373,True,-2.87533193021229,0.11471115433014498,0.2536150707027897
peyrusson_extracellular_oxacillin,alpha,0.12103323746705623,3.5835576907256494,1.3787908062892658,2.5990583012154427,14.327237813698732,True,-2.9280407247909235,0.12103323746705621,0.25566590191252675
peyrusson_extracellular_oxacillin,alpha,0.12770374997357348,3.7927997706140606,1.3787908062892658,2.7508159710040476,15.178463765932827,True,-2.9839334555221617,0.12770374997357348,0.25768033563649084
peyrusson_extracellular_oxacillin,alpha,0.13474189485968155,4.00750127308188,1.3787908062892658,2.906533213596958,16.004415531681236,True,-3.0434214247162914,0.13474189485968158,0.25965138686446054
peyrusson_extracellular_oxacillin,alpha,0.13514178885920186,4.019502269901359,1.3787908062892658,2.915237214787521,16.049267906656542,True,-3.046821563397176,0.13514178885920186,0.2597588440246124
peyrusson_extracellular_oxacillin,alpha,0.14216793347207485,4.226740860901198,1.3787908062892658,3.0655418078081103,16.80336489445419,True,-3.1069833243556326,0.14216793347207485,0.26157107850572753
peyrusson_extracellular_oxacillin,alpha,0.15000324382233546,4.449512704955835,1.3787908062892658,3.2271122527505036,17.573815469202778,True,-3.1751802489493377,0.15000324382233546,0.2634302715633838
peyrusson_extracellular_oxacillin,alpha,0.1582703821297561,4.674719480281381,1.3787908062892658,3.3904486880518414,18.314434034872566,True,-3.248674935107069,0.1582703821297561,0.26521843550266117
peyrusson_extracellular_oxacillin,alpha,0.16699314775597637,4.901164187679209,1.3787908062892658,3.5546829622904816,19.02398817732091,True,-3.328255802786583,0.16699314775597637,0.2669234108713312
peyrusson_extracellular_oxacillin,alpha,0.17619665171836607,5.127540711422405,1.3787908062892658,3.7188677847527396,19.701288945315568,True,-3.4148683509584417,0.17619665171836604,0.2685310968590359
peyrusson_extracellular_oxacillin,alpha,0.1859073889793909,5.352423128537645,1.3787908062892658,3.881968971741696,20.345137377916704,True,-3.5096549560102557,0.1859073889793909,0.27002511708204907
peyrusson_extracellular_oxacillin,alpha,0.19311091869284316,5.510029529404791,1.3787908062892658,3.996276668129165,20.780446419872206,True,-3.582518956460727,0.19311091869284316,0.2710047272738708
peyrusson_extracellular_oxacillin,alpha,0.19615331472006636,5.574254025368942,1.3787908062892658,4.042856972894177,20.954274203303523,True,-3.6140049301488073,0.19615331472006636,0.27138646124045823
peyrusson_extracellular_oxacillin,alpha,0.206963924817075,5.791332581086076,1.3787908062892658,4.200298228468949,21.527332943201724,True,-3.729619186108844,0.206963924817075,0.27259309546797833
peyrusson_extracellular_oxacillin,alpha,0.2759459322922428,6.78996394539177,1.3787908062892658,4.924578779043046,23.91358115802814,True,-4.652066962945479,0.2759459322922428,0.2752614386891654
peyrusson_extracellular_oxacillin,alpha,0.3943130614470898,7.349458864914051,1.3787908062892658,5.330365441508579,25.1012969844334,True,-6.924161720149765,0.3943130614470898,0.2699432415261464
peyrusson_extracellular_oxacillin,alpha,0.5634538227695675,7.424023028702835,1.3787908062892658,5.384444830092158,25.252713145120815,True,-9.975256107278987,0.5634538227695675,0.2679358271024497
peyrusson_extracellular_oxacillin,alpha,0.8051475881334447,7.4275647608193,1.3787908062892658,5.387013553425901,25.25986739468753,True,-14.072600849044699,0.8051475881334447,0.26788186311658063
peyrusson_extracellular_oxacillin,alpha,1.1505160005671295,7.427612156917679,1.3787908062892658,5.387047928545145,25.25996311101317,True,-19.894258971562145,1.1505160005671295,0.26795891542468503
peyrusson_extracellular_oxacillin,alpha,1.6440303455788237,7.427612256554194,1.3787908062892658,5.3870480008088375,25.259963312228273,True,-28.211185294147167,1.6440303455788237,0.26801626191486894
peyrusson_extracellular_oxacillin,alpha,2.3492378861760326,7.903018360614136,1.3787908062892658,5.731847300232221,26.190568046029966,True,-29.99999999999999,2.3492378861760326,0.28911388898810675
peyrusson_extracellular_oxacillin,alpha,3.3569445118129826,9.702694259161278,1.3787908062892658,7.0371039717577615,29.26795076830535,True,-29.99999999999999,3.356944511812982,0.31779441435969413
peyrusson_extracellular_oxacillin,alpha,4.796907338206847,12.717260779249292,1.3787908062892658,9.223488234212414,33.326299491707026,True,-29.99999999999999,4.796907338206847,0.35142023546650425
peyrusson_extracellular_oxacillin,alpha,6.854542852993251,16.755080690967183,1.3787908062892658,12.152010743428196,37.46241974070488,True,-29.99999999999999,6.8545428529932515,0.39238501307211077
peyrusson_extracellular_oxacillin,alpha,9.794802027817456,21.5624876559733,1.3787908062892658,15.638694106181587,41.24622351875819,True,-29.99999999999999,9.794802027817457,0.44421413593820164
peyrusson_extracellular_oxacillin,alpha,13.99628667026898,26.83302342010942,1.3787908062892658,19.461272368304392,44.52639687596456,True,-29.99999999999999,13.996286670268983,0.5120546997829131
peyrusson_extracellular_oxacillin,alpha,19.999999999999996,32.23239752064158,1.3787908062892658,23.37729362105953,47.27647789780646,True,-29.99999999999999,19.999999999999996,0.6033660021273264
peyrusson_extracellular_oxacillin,beta,9.999999999999982e-09,22.952894259964516,1.3787908062892658,16.64711873278119,42.18355728554283,True,-1.108892696959805,1.0000000000000018e-08,9.999999999999982e-09
peyrusson_extracellular_oxacillin,beta,1.4289504402967221e-08,22.95289322065678,1.3787908062892658,16.647117978999155,42.183556606342364,True,-1.1088922165104866,1.0000000000000018e-08,1.4289504402967243e-08
peyrusson_extracellular_oxacillin,beta,2.0418993608241962e-08,22.952891735562982,1.3787908062892658,16.647116901900446,42.18355563581514,True,-1.1088919593665774,1.0000000000000018e-08,2.041899360824198e-08
peyrusson_extracellular_oxacillin,beta,2.9177729906913307e-08,22.95288961344491,1.3787908062892658,16.647115362785115,42.18355424898455,True,-1.1088918223233486,1.0000000000000018e-08,2.9177729906913324e-08
peyrusson_extracellular_oxacillin,beta,4.169352999734261e-08,22.952886581045625,1.3787908062892658,16.647113163467225,42.18355226727362,True,-1.1088917373597436,1.0000000000000018e-08,4.169352999734261e-08
peyrusson_extracellular_oxacillin,beta,5.9577988047227436e-08,22.95288224789881,1.3787908062892658,16.64711002075203,42.183549435507416,True,-1.108891678256727,1.0000000000000018e-08,5.957798804722751e-08
peyrusson_extracellular_oxacillin,beta,8.51339922520785e-08,22.952876056048613,1.3787908062892658,16.647105529969117,42.183545389054146,True,-1.1088916292791018,1.0000000000000018e-08,8.513399225207856e-08
peyrusson_extracellular_oxacillin,beta,1.216522557128253e-07,22.95286720820506,1.3787908062892658,16.64709911286544,42.18353960687336,True,-1.1088915727117685,1.0000000000000018e-08,1.2165225571282535e-07
peyrusson_extracellular_oxacillin,beta,1.7383504436393114e-07,22.952854565082227,1.3787908062892658,16.64708994314747,42.18353134442437,True,-1.1088915071969305,1.0000000000000018e-08,1.7383504436393114e-07
peyrusson_extracellular_oxacillin,beta,2.4840166318283966e-07,22.95283649870064,1.3787908062892658,16.64707684008535,42.18351953779571,True,-1.1088914148462345,1.0000000000000018e-08,2.4840166318283955e-07
peyrusson_extracellular_oxacillin,beta,3.549536659755568e-07,22.95281068276622,1.3787908062892658,16.64705811648036,42.18350266671164,True,-1.108891291301246,1.0000000000000018e-08,3.549536659755565e-07
peyrusson_extracellular_oxacillin,beta,5.072111972807086e-07,22.952773793135222,1.3787908062892658,16.64703136142018,42.18347855877482,True,-1.108891099516537,1.0000000000000018e-08,5.072111972807087e-07
peyrusson_extracellular_oxacillin,beta,7.247796636776962e-07,22.952721079803432,1.3787908062892658,16.64699312985412,42.183444109740826,True,-1.1088908350487099,1.0000000000000018e-08,7.24779663677696e-07
peyrusson_extracellular_oxacillin,beta,1.035674219530354e-06,22.952645755315324,1.3787908062892658,16.646938499022696,42.18339488380497,True,-1.108890471117402,1.0000000000000018e-08,1.0356742195303534e-06
peyrusson_extracellular_oxacillin,beta,1.4799271320018636e-06,22.95253812086581,1.3787908062892658,16.646860434642644,42.18332454243581,True,-1.1088899412478024,1.0000000000000018e-08,1.4799271320018647e-06
peyrusson_extracellular_oxacillin,beta,2.1147425268811283e-06,22.95238431761549,1.3787908062892658,16.646748885269368,42.18322402821501,True,-1.1088891846253115,1.0000000000000018e-08,2.1147425268811287e-06
peyrusson_extracellular_oxacillin,beta,3.021862264900991e-06,22.9521645425112,1.3787908062892658,16.64658948827942,42.18308039859023,True,-1.1088879091923838,1.0000000000000018e-08,3.0218622649009908e-06
peyrusson_extracellular_oxacillin,beta,4.318091413946322e-06,22.951850499102445,1.3787908062892658,16.646361721016017,42.18287515941334,True,-1.1088858336701881,1.0000000000000018e-08,4.318091413946319e-06
peyrusson_extracellular_oxacillin,beta,6.170338627200092e-06,22.951401755493862,1.3787908062892658,16.646036259309618,42.18258188371725,True,-1.108882894022643,1.0000000000000018e-08,6.170338627200097e-06
peyrusson_extracellular_oxacillin,beta,8.817108098117443e-06,22.950760541200427,1.3787908062892658,16.64557120377653,42.182162809149915,True,-1.1088786685877103,1.0000000000000018e-08,8.817108098117446e-06
peyrusson_extracellular_oxacillin,beta,1.2599210498948715e-05,22.949844314681673,1.3787908062892658,16.644906689250778,42.181563976179135,True,-1.10887263130926,1.0000000000000018e-08,1.2599210498948715e-05
peyrusson_extracellular_oxacillin,beta,1.800364738986385e-05,22.948535147799717,1.3787908062892658,16.643957185616156,42.180708281339165,True,-1.1088640297779593,1.0000000000000018e-08,1.800364738986384e-05
peyrusson_extracellular_oxacillin,beta,2.5726319864692934e-05,22.94666456717261,1.3787908062892658,16.642600503646293,42.17948555174668,True,-1.1088516950280423,1.0000000000000018e-08,2.572631986469295e-05
peyrusson_extracellular_oxacillin,beta,3.676163609786728e-05,22.94399191455627,1.3787908062892658,16.640662100369923,42.1777383643075,True,-1.1088341514417868,1.0000000000000018e-08,3.676163609786729e-05
peyrusson_extracellular_oxacillin,beta,5.253055608807533e-05,22.94017346837971,1.3787908062892658,16.637892683748387,42.17524178657517,True,-1.1088090451537658,1.0000000000000018e-08,5.2530556088075314e-05
peyrusson_extracellular_oxacillin,beta,7.506356125108689e-05,22.93471840887021,1.3787908062892658,16.63393627536169,42.17167443678187,True,-1.1087731768675793,1.0000000000000018e-08,7.506356125108685e-05
peyrusson_extracellular_oxacillin,beta,0.00010726210889998059,22.9269260758375,1.3787908062892658,16.628284705161796,42.16657714914952,True,-1.1087219530714183,1.0000000000000018e-08,0.00010726210889998067
peyrusson_extracellular_oxacillin,beta,0.00015327223773978224,22.915796683754984,1.3787908062892658,16.62021285551517,42.15929394804504,True,-1.108648835202808,1.0000000000000018e-08,0.0001532722377397823
peyrusson_extracellular_oxacillin,beta,0.00021901843160352614,22.899904494820227,1.3787908062892658,16.608686677024377,42.14888778433043,True,-1.1085444791770434,1.0000000000000018e-08,0.00021901843160352605
peyrusson_extracellular_oxacillin,beta,0.00031296648427295623,22.87721813511109,1.3787908062892658,16.59223286865428,42.13402029577081,True,-1.1083956364446879,1.0000000000000018e-08,0.00031296648427295596
peyrusson_extracellular_oxacillin,beta,0.00044721359549995795,22.844846991937086,1.3787908062892658,16.568754946531254,42.112780344014794,True,-1.108183488237126,1.0000000000000018e-08,0.0004472135954999578
peyrusson_extracellular_oxacillin,beta,0.0006390460641963452,22.798685276096645,1.3787908062892658,16.535275091842728,42.082439748566586,True,-1.1078814403138628,1.0000000000000018e-08,0.0006390460641963453
peyrusson_extracellular_oxacillin,beta,0.0009131651548032548,22.732916576897434,1.3787908062892658,16.487574817878603,42.03910583831686,True,-1.1074503993675988,1.0000000000000018e-08,0.0009131651548032545
peyrusson_extracellular_oxacillin,beta,0.0013048677500197355,22.639332811119857,1.3787908062892658,16.419701021976643,41.97722843544464,True,-1.106843197142725,1.0000000000000018e-08,0.0013048677500197357
peyrusson_extracellular_oxacillin,beta,0.001864591345919694,22.50641604546229,1.3787908062892658,16.3233000559626,41.888903076087715,True,-1.1059804306555285,1.0000000000000018e-08,0.0018645913459196936
peyrusson_extracellular_oxacillin,beta,0.0026644086247254047,22.318138937616713,1.3787908062892658,16.18674771822814,41.762892980619625,True,-1.1047696777953502,1.0000000000000018e-08,0.002664408624725405
peyrusson_extracellular_oxacillin,beta,0.003807307877431751,22.052480675533715,1.3787908062892658,15.99407290427434,41.58327315188686,True,-1.1030725016924576,1.0000000000000018e-08,0.0038073078774317503
peyrusson_extracellular_oxacillin,beta,0.005440454267801291,21.67977710691308,1.3787908062892658,15.723760999871892,41.32759511611824,True,-1.1007160369245401,1.0000000000000018e-08,0.005440454267801291
peyrusson_extracellular_oxacillin,beta,0.007774139521388835,21.161327066188523,1.3787908062892658,15.347743087394033,40.96452649629029,True,-1.0974792817276522,1.0000000000000018e-08,0.0077741395213888325
peyrusson_extracellular_oxacillin,beta,0.011108860092016726,20.449375320976557,1.3787908062892658,14.831383577333156,40.45118171459707,True,-1.0930948811446881,1.0000000000000018e-08,0.011108860092016726
peyrusson_extracellular_oxacillin,beta,0.015874010519681986,19.491133204185495,1.3787908062892658,14.136396264957629,39.731291504254585,True,-1.0872657613481964,1.0000000000000018e-08,0.01587401051968198
peyrusson_extracellular_oxacillin,beta,0.022683174321374372,18.242807829616545,1.3787908062892658,13.231019344198662,38.73846034642847,True,-1.0796779853295584,1.0000000000000018e-08,0.022683174321374375
peyrusson_extracellular_oxacillin,beta,0.03241313193385521,16.706594386259184,1.3787908062892658,12.116844926767081,37.418949407677104,True,-1.0700480407505242,1.0000000000000018e-08,0.03241313193385521
peyrusson_extracellular_oxacillin,beta,0.0426335104746451,15.407309848882361,1.3787908062892658,11.174508691676001,36.20452761873678,True,-1.0611224846355707,1.0000000000000018e-08,0.042633510474645094
peyrusson_extracellular_oxacillin,beta,0.04498317384620665,15.154194508031475,1.3787908062892658,10.990930922157727,35.95605706681412,True,-1.0592114100832775,1.0000000000000018e-08,0.044983173846206655
peyrusson_extracellular_oxacillin,beta,0.04631675914827815,15.018121095585037,1.3787908062892658,10.892240524872115,35.82075985915824,True,-1.0581472853475886,1.0000000000000018e-08,0.04631675914827816
peyrusson_extracellular_oxacillin,beta,0.047462334364453795,14.90561816397609,1.3787908062892658,10.81064516530359,35.707969682054305,True,-1.0572455491746826,1.0000000000000018e-08,0.0474623343644538
peyrusson_extracellular_oxacillin,beta,0.05007812901385962,14.66392918771586,1.3787908062892658,10.63535463162888,35.46275690709794,True,-1.0552238937646892,1.0000000000000018e-08,0.05007812901385963
peyrusson_extracellular_oxacillin,beta,0.05283808811997587,14.431842824975245,1.3787908062892658,10.467028616049165,35.223452771990665,True,-1.0531457157035309,1.0000000000000018e-08,0.05283808811997588
peyrusson_extracellular_oxacillin,beta,0.055750157027664886,14.21248813503952,1.3787908062892658,10.307936541359405,34.99371204779484,True,-1.0510112780332486,1.0000000000000018e-08,0.055750157027664886
peyrusson_extracellular_oxacillin,beta,0.05882271897408523,14.009460491479565,1.3787908062892658,10.160686035601856,34.77788944589861,True,-1.0488192849465383,1.0000000000000018e-08,0.058822718974085225
peyrusson_extracellular_oxacillin,beta,0.06206461922227767,13.625965280159228,1.3787908062892658,9.882547242123506,34.36155444838672,True,-1.5689185387697728,0.0024013249019301745,0.06206461922227768
peyrusson_extracellular_oxacillin,beta,0.06548519052482682,13.124764173510396,1.3787908062892658,9.519039519006528,33.79940929279185,True,-1.578191115433983,0.00263518811219011,0.06548519052482682
peyrusson_extracellular_oxacillin,beta,0.06618435337804944,13.023417504405705,1.3787908062892658,9.445535497480996,33.68313293616739,True,-1.580053413192273,0.002684401840115474,0.06618435337804943
peyrusson_extracellular_oxacillin,beta,0.06909427999090358,12.605677137204284,1.3787908062892658,9.142559610714182,33.19410586795051,True,-1.5877190760079456,0.0028946942362320415,0.06909427999090358
peyrusson_extracellular_oxacillin,beta,0.07290227743403213,12.069047845481402,1.3787908062892658,8.753356774957604,32.54155887338294,True,-1.5976191495695453,0.00318401089372345,0.07290227743403214
peyrusson_extracellular_oxacillin,beta,0.07692014528218964,11.515374830506104,1.3787908062892658,8.35179258374763,31.837142947657522,True,-1.6080203490769418,0.0035081100146560603,0.07692014528218966
peyrusson_extracellular_oxacillin,beta,0.08115945013634282,10.945335978391387,1.3787908062892658,7.9383586897047325,31.075598096216254,True,-1.6190699068059076,0.0038729758817482424,0.0811594501363428
peyrusson_extracellular_oxacillin,beta,0.08563239606827236,10.359815208655645,1.3787908062892658,7.513696175953606,30.250912679084554,True,-1.6309443905034724,0.004285906143252535,0.08563239606827237
peyrusson_extracellular_oxacillin,beta,0.09035185975354246,9.759931666002858,1.3787908062892658,7.078616728138567,29.356177668531345,True,-1.6438535700835684,0.004755834422575269,0.09035185975354244
peyrusson_extracellular_oxacillin,beta,0.09457416090031759,9.238937612876752,1.3787908062892658,6.70075371168268,28.533300215263655,True,-1.6558535715357097,0.005209066532673725,0.09457416090031759
peyrusson_extracellular_oxacillin,beta,0.09533142754075577,9.147071857639,1.3787908062892658,6.634125942757392,28.383403871730156,True,-1.65805956775152,0.005293867760187023,0.09533142754075576
peyrusson_extracellular_oxacillin,beta,0.10058543456380871,8.522925485278616,1.3787908062892658,6.181449315154873,27.323291414852015,True,-1.6738917476528572,0.005913938137586193,0.10058543456380872
peyrusson_extracellular_oxacillin,beta,0.10612900600974295,7.889526508849495,1.3787908062892658,5.722062021926695,26.16493850660131,True,-1.6917675576738775,0.006633691550489273,0.10612900600974294
peyrusson_extracellular_oxacillin,beta,0.11197810066099459,7.2493028426878645,1.3787908062892658,5.25772496423724,24.89547625324133,True,-1.7122194151864292,0.007475682706257594,0.11197810066099459
peyrusson_extracellular_oxacillin,beta,0.11814955683739008,6.605142397963759,1.3787908062892658,4.790532666619784,23.49962413691025,True,-1.7359280838651368,0.008468975420184413,0.11814955683739008
peyrusson_extracellular_oxacillin,beta,0.1246611408701463,5.960492930131601,1.3787908062892658,4.3229856936550455,21.959194444863865,True,-1.763731971807463,0.009650832124250228,0.1246611408701463
peyrusson_extracellular_oxacillin,beta,0.13153159824742128,5.319533964161065,1.3787908062892658,3.8581153427310015,20.2526821659577,True,-1.796590007066029,0.011068086465168624,0.13153159824742125
peyrusson_extracellular_oxacillin,beta,0.13514178885920186,4.999031538969096,1.3787908062892658,3.625663527901647,19.320559706043408,True,-1.8153808684395458,0.011890061320990235,0.13514178885920186
peyrusson_extracellular_oxacillin,beta,0.138780707578653,4.687497013493779,1.3787908062892658,3.3997158902656315,18.35537799666097,True,-1.835355484964923,0.012775699926951071,0.138780707578653
peyrusson_extracellular_oxacillin,beta,0.14642933753303788,4.071249513103432,1.3787908062892658,2.952768102697442,16.241146054252322,True,-1.8802095247015618,0.014828661074887436,0.14642933753303788
peyrusson_extracellular_oxacillin,beta,0.15449950691606393,3.48018849506895,1.3787908062892658,2.5240873954150937,13.888193547573938,True,-1.9297666274803567,0.01726481893635201,0.15449950691606396
peyrusson_extracellular_oxacillin,beta,0.16301444805704476,2.9271137369601585,1.3787908062892658,2.122957103868344,11.292149656278191,True,-1.9808084913821646,0.02009370139507963,0.16301444805704476
peyrusson_extracellular_oxacillin,beta,0.17199867369013577,2.4283455422468307,1.3787908062892658,1.7612139065404908,8.490049363921074,True,-2.02968422373417,0.02331579391995441,0.1719986736901358
peyrusson_extracellular_oxacillin,beta,0.18147804752136706,2.0028918970812493,1.3787908062892658,1.4526437860951686,5.60077795489,True,-2.0741609066767763,0.02695976659323862,0.18147804752136706
peyrusson_extracellular_oxacillin,beta,0.1914798586848427,1.671448816143821,1.3787908062892658,1.212257007023556,2.887258757503636,True,-2.113765031750913,0.031100186539256305,0.1914798586848427
peyrusson_extracellular_oxacillin,beta,0.19311091869284316,1.6290762787377562,1.3787908062892658,1.1815253418479652,2.5020939943743543,True,-2.1196107160440856,0.031807536314170284,0.19311091869284316
peyrusson_extracellular_oxacillin,beta,0.20203290030244828,1.4558398142319544,1.3787908062892658,1.0558815794181644,0.8156405744000281,True,-2.1490747972866044,0.03585652691791157,0.20203290030244825
peyrusson_extracellular_oxacillin,beta,0.2131675523732255,1.3787908183706512,1.3787908062892658,1.0000000087623049,1.3143457264922944e-07,True,-2.181084825962227,0.04139289067339181,0.2131675523732255
peyrusson_extracellular_oxacillin,beta,0.22491586923103313,1.4637291544383768,1.3787908062892658,1.0616035063199365,0.8967076034092283,True,-2.2109295044964794,0.04792697654787892,0.22491586923103313
peyrusson_extracellular_oxacillin,beta,0.23731167182226895,1.7343861172042982,1.3787908062892658,1.2579037438406226,3.4416996018116928,True,-2.239843753577988,0.05575004505259105,0.23731167182226892
peyrusson_extracellular_oxacillin,beta,0.2503906450692981,2.2140536039107337,1.3787908062892658,1.6057937098299977,7.104272364063233,True,-2.269253730709118,0.06526100680208423,0.2503906450692981
peyrusson_extracellular_oxacillin,beta,0.2641904405998793,2.924350817865386,1.3787908062892658,2.1209532327356313,11.277984385647823,True,-2.3009737684244174,0.07702272959929322,0.2641904405998793
peyrusson_extracellular_oxacillin,beta,0.2759459322922428,3.6828774697222353,1.3787908062892658,2.671092273695927,14.737312200435312,True,-2.330134459499663,0.08877598023557681,0.2759459322922428
peyrusson_extracellular_oxacillin,beta,0.2787507851383244,3.883331196455069,1.3787908062892658,2.8164759865974616,15.532296800151494,True,-2.3375567879408368,0.09185749277536026,0.2787507851383244
peyrusson_extracellular_oxacillin,beta,0.29411359487042615,5.102738120330673,1.3787908062892658,3.700879130506862,19.628555914001804,True,-2.382929953330337,0.11101637502159578,0.29411359487042615
peyrusson_extracellular_oxacillin,beta,0.31032309611138825,6.584246981881864,1.3787908062892658,4.775377781638987,23.452096310651285,True,-2.4436882590765374,0.1365040205019114,0.31032309611138825
peyrusson_extracellular_oxacillin,beta,0.32742595262413404,8.314680807957,1.3787908062892658,6.030415034702957,26.95223755019224,True,-2.532100820066541,0.1717801694916847,0.32742595262413404
peyrusson_extracellular_oxacillin,beta,0.3454713999545178,10.260471329637083,1.3787908062892658,7.441644724373416,30.106378342764973,True,-2.6746416405361506,0.22360970694146237,0.3454713999545178
peyrusson_extracellular_oxacillin,beta,0.36451138717016063,12.361253613836002,1.3787908062892658,8.965285783347943,32.9003997633461,True,-2.9493757030423104,0.3094839561177925,0.36451138717016063
peyrusson_extracellular_oxacillin,beta,0.3846007264109481,14.225274964668879,1.3787908062892658,10.317210486015137,35.007201326588955,True,-29.999999999993275,4.773286281199238,0.3846007264109481
peyrusson_extracellular_oxacillin,beta,0.3943130614470898,15.129962305930409,1.3787908062892658,10.973355955751995,35.932052230798824,True,-29.99999999999999,5.17187498549641,0.3943130614470898
peyrusson_extracellular_oxacillin,beta,0.40579725068171396,16.210473981705885,1.3787908062892658,11.757022100642715,36.96676031504592,True,-29.99999999999847,5.674084301645464,0.40579725068171396
peyrusson_extracellular_oxacillin,beta,0.42816198034136166,18.30883531415569,1.3787908062892658,13.278907308230599,38.792652894844316,True,-29.99999999999999,6.742238940722013,0.42816198034136166
peyrusson_extracellular_oxacillin,beta,0.45175929876771226,20.458551859591633,1.3787908062892658,14.838039074724941,40.45791136779741,True,-29.999999999999975,7.983113427018252,0.45175929876771226
peyrusson_extracellular_oxacillin,beta,0.47665713770377877,22.606501369862805,1.3787908062892658,16.395889257996718,41.95545972616106,True,-29.99999999999996,9.395621031141806,0.47665713770377877
peyrusson_extracellular_oxacillin,beta,0.5029271728190434,24.711883393406204,1.3787908062892658,17.922866384577365,43.291160238778986,True,-29.99999999999995,10.974906404600182,0.5029271728190434
peyrusson_extracellular_oxacillin,beta,0.5306450300487147,26.746468366324052,1.3787908062892658,19.398496308737883,44.47793329809549,True,-29.99999999998359,12.71514169606752,0.5306450300487147
peyrusson_extracellular_oxacillin,beta,0.559890503304973,28.69274344676643,1.3787908062892658,20.810077435885358,45.53156042233107,True,-29.999999999999922,14.61143050592498,0.559890503304973
peyrusson_extracellular_oxacillin,beta,0.5634538227695675,28.91655693842752,1.3787908062892658,20.97240335990529,45.64811171676318,True,-29.99999999999999,14.845830324687645,0.5634538227695675
peyrusson_extracellular_oxacillin,beta,0.5907477841869503,30.541343030207543,1.3787908062892658,22.1508171441927,46.46811580794524,True,-29.99999999999999,16.660705372474624,0.5907477841869503
peyrusson_extracellular_oxacillin,beta,0.6233057043507313,32.2886281533768,1.3787908062892658,23.418076191177295,47.302623164276135,True,-29.99999999999999,18.861940739586768,0.6233057043507313
peyrusson_extracellular_oxacillin,beta,0.6576579912371066,33.94429542120411,1.3787908062892658,24.61888726438368,48.05270884987249,True,-28.34061832452902,19.99999999999997,0.6576579912371066
peyrusson_extracellular_oxacillin,beta,0.6939035378932649,35.51186747438076,1.3787908062892658,25.755805240646843,48.729900719089095,True,-25.38818885803361,19.99999999999999,0.6939035378932649
peyrusson_extracellular_oxacillin,beta,0.7321466876651893,36.9858956346388,1.3787908062892658,26.824878339723483,49.33994629761961,True,-22.8633907329475,19.99999999999999,0.7321466876651893
peyrusson_extracellular_oxacillin,beta,0.7724975345803193,38.370740761701185,1.3787908062892658,27.829269376235693,49.8913248314024,True,-20.68695392753673,19.99999999999999,0.7724975345803193
peyrusson_extracellular_oxacillin,beta,0.8051475881334447,39.38137858877241,1.3787908062892658,28.56225789230446,50.281292883004106,True,-19.206008744544224,19.99999999999999,0.8051475881334447
peyrusson_extracellular_oxacillin,beta,0.815072240285224,39.6711603138977,1.3787908062892658,28.772428807140468,50.391263932807654,True,-18.796906095889305,19.99999999999999,0.815072240285224
peyrusson_extracellular_oxacillin,beta,0.8599933684506788,40.892035301910425,1.3787908062892658,29.657896698602887,50.84592630689572,True,-17.144408937800886,19.99999999999999,0.8599933684506788
peyrusson_extracellular_oxacillin,beta,0.9073902376068351,42.03819910491876,1.3787908062892658,30.48917857093637,51.26057729555565,True,-15.690639593517027,19.99999999999999,0.9073902376068351
peyrusson_extracellular_oxacillin,beta,0.9573992934242131,43.11433372162277,1.3787908062892658,31.26967015225189,51.63972934555706,True,-14.404464631635316,19.99999999999999,0.9573992934242131
peyrusson_extracellular_oxacillin,beta,1.0101645015122416,44.124910234557646,1.3787908062892658,32.002614198821675,51.987263897642315,True,-13.260698991938861,19.99999999999999,1.0101645015122416
peyrusson_extracellular_oxacillin,beta,1.0658377618661274,45.07415799166438,1.3787908062892658,32.691078143298824,52.30653301531841,True,-12.238797918651498,19.99999999999999,1.0658377618661274
peyrusson_extracellular_oxacillin,beta,1.1505160005671295,46.328676921948265,1.3787908062892658,33.600947083939765,52.718313803908934,True,-10.960424545681585,19.99999999999999,1.1505160005671295
peyrusson_extracellular_oxacillin,beta,1.6440303455788237,50.93024404728087,1.3787908062892658,36.93834033050252,54.13875067457857,True,-6.873579413711318,19.99999999999999,1.6440303455788237
peyrusson_extracellular_oxacillin,beta,2.3492378861760326,54.01581571931208,1.3787908062892658,39.17622272568283,55.021049994633735,True,-4.5662319329171766,19.99999999999999,2.3492378861760326
peyrusson_extracellular_oxacillin,beta,3.3569445118129826,56.101732603827635,1.3787908062892658,40.689082308877595,55.58939712786765,True,-3.1611794081272913,19.99999999999999,3.356944511812982
peyrusson_extracellular_oxacillin,beta,4.796907338206847,57.515039286060215,1.3787908062892658,41.71411574816793,55.9625936801167,True,-2.2647219874683095,19.99999999999999,4.796907338206847
peyrusson_extracellular_oxacillin,beta,6.854542852993251,58.468670045595196,1.3787908062892658,42.40575856677758,56.20926252405066,True,-1.6753626962300354,19.99999999999999,6.8545428529932515
peyrusson_extracellular_oxacillin,beta,9.794802027817456,59.104986882500135,1.3787908062892658,42.86726210596744,56.37162620303768,True,-1.2801581508687228,19.99999999999999,9.794802027817457
peyrusson_extracellular_oxacillin,beta,13.99628667026898,59.52169897223679,1.3787908062892658,43.169492210661964,56.477010704204154,True,-1.0115986039629867,19.999999999999837,13.996286670268983
peyrusson_extracellular_oxacillin,beta,19.999999999999996,59.78757496090876,1.3787908062892658,43.362324935872486,56.543864625955145,True,-0.8274399168741207,19.99999999999999,19.999999999999996
