alpha_true,beta_true,beta_alpha_ratio,method,metric,median,q1,q3,mean,sd,n
0.0001,0.1,1000.0,NLLS,alpha_relative_error_pct,32.00228740351165,20.202827575712277,91.1289952233016,52.93306296668627,43.652424868502884,5
0.0001,0.1,1000.0,NLLS,beta_relative_error_pct,42.744264134091914,10.349797360623668,69.92178589147943,49.0520333506798,46.06484156303533,5
0.0001,0.1,1000.0,NLLS,test_rmse_observed_log,0.10906095144123393,0.09326872670754104,0.1161382255964014,0.10804649906037092,0.0157811386485294,5
0.0001,0.1,1000.0,NLLS,test_rmse_latent_log,0.01799087108204131,0.010053708033021424,0.01821254922463877,0.016201849678105496,0.0071170248856135074,5
0.0001,0.1,1000.0,NLLS,network_to_fitted_ode_rmse_log,0.0,0.0,0.0,0.0,0.0,5
0.0001,0.1,1000.0,PINN,alpha_relative_error_pct,70.370721339186,69.74073423900946,88.80107869741371,195.844439913546,281.53577487758815,5
0.0001,0.1,1000.0,PINN,beta_relative_error_pct,90.57281605848459,88.78524335168122,94.07273195786408,146.98785356718358,144.701830932536,5
0.0001,0.1,1000.0,PINN,test_rmse_observed_log,0.10797197885061649,0.09164779918546032,0.11384586031265195,0.10617850352485125,0.01490922682718299,5
0.0001,0.1,1000.0,PINN,test_rmse_latent_log,0.021827320127142107,0.010470056179702104,0.02383263034818753,0.01912055283754025,0.009297506307024483,5
0.0001,0.1,1000.0,PINN,network_to_fitted_ode_rmse_log,0.023291619211896025,0.021437982852864187,0.03392219956105414,0.027461927629027605,0.01130442701203048,5
0.001,0.1,100.0,NLLS,alpha_relative_error_pct,3.3871199411827035,2.334029542338767,5.650186098160548,4.022240981135239,2.4026501764863877,5
0.001,0.1,100.0,NLLS,beta_relative_error_pct,3.8263232598795938,3.3587618108511963,9.391295193101158,5.923543923496157,3.802321241899995,5
0.001,0.1,100.0,NLLS,test_rmse_observed_log,0.0908268756824641,0.08866304376424845,0.1065235635044014,0.09463216928183658,0.014646682812640397,5
0.001,0.1,100.0,NLLS,test_rmse_latent_log,0.007350873051209072,0.0052381244240063945,0.017948638941019824,0.010242243080810351,0.007303598890867811,5
0.001,0.1,100.0,NLLS,network_to_fitted_ode_rmse_log,0.0,0.0,0.0,0.0,0.0,5
0.001,0.1,100.0,PINN,alpha_relative_error_pct,7.573758576455935,5.471378634360957,17.93834508830279,12.077846776253443,8.420328841559357,5
0.001,0.1,100.0,PINN,beta_relative_error_pct,13.392223727924058,13.35977124115174,17.931666065601938,16.48917944869977,8.648531105937922,5
0.001,0.1,100.0,PINN,test_rmse_observed_log,0.09671900973277793,0.09049208268703113,0.1058592560416916,0.09603205925706049,0.014455535864609466,5
0.001,0.1,100.0,PINN,test_rmse_latent_log,0.013674833819069686,0.005098004522969396,0.020267111580061833,0.013843458963646155,0.009091681969216512,5
0.001,0.1,100.0,PINN,network_to_fitted_ode_rmse_log,0.01598395739154968,0.014826695084495377,0.040912928961789406,0.02453595395654315,0.016786586711973247,5
0.01,0.1,10.0,NLLS,alpha_relative_error_pct,2.4787523910336673,1.326759050792914,3.020859039201196,2.470549787035583,1.3987561844922822,5
0.01,0.1,10.0,NLLS,beta_relative_error_pct,4.605607310150884,3.266737192619673,5.872274030771374,6.137027552237251,4.496787219474227,5
0.01,0.1,10.0,NLLS,test_rmse_observed_log,0.08432677545211602,0.0807736609049733,0.08924126842526924,0.08709638606452216,0.014115646881345935,5
0.01,0.1,10.0,NLLS,test_rmse_latent_log,0.015926901390207936,0.015233617546539317,0.03130070890864226,0.021678982636033343,0.010137578355660953,5
0.01,0.1,10.0,NLLS,network_to_fitted_ode_rmse_log,0.0,0.0,0.0,0.0,0.0,5
0.01,0.1,10.0,PINN,alpha_relative_error_pct,3.356454881767168,2.091079836035581,4.2988729662407295,4.111038486492154,3.2587922337312216,5
0.01,0.1,10.0,PINN,beta_relative_error_pct,3.370989955014736,2.1944773663509665,5.616047119998324,4.756272969037953,4.638297726578746,5
0.01,0.1,10.0,PINN,test_rmse_observed_log,0.08540712024277122,0.08175446383744338,0.08840842322713297,0.0872981501344174,0.014562652632713424,5
0.01,0.1,10.0,PINN,test_rmse_latent_log,0.01779236654271681,0.015419588703022975,0.031219750732458498,0.021827831736682034,0.009254035109443793,5
0.01,0.1,10.0,PINN,network_to_fitted_ode_rmse_log,0.009291178514558244,0.007536024472835093,0.010122073473638554,0.012666768866350164,0.009576572341315053,5
0.05,0.1,2.0,NLLS,alpha_relative_error_pct,1.0581210020579324,0.8515626289548162,1.359119058655478,1.4341020929360806,1.366830874188392,5
0.05,0.1,2.0,NLLS,beta_relative_error_pct,3.5366748745445875,3.430635789063907,4.360008867709997,4.18085653264229,2.162431680486198,5
0.05,0.1,2.0,NLLS,test_rmse_observed_log,0.09256234717960869,0.0863782742621205,0.09651034842220575,0.08976617864434296,0.012562804682156828,5
0.05,0.1,2.0,NLLS,test_rmse_latent_log,0.012056158664038289,0.01181757505695216,0.018213462772253896,0.015912193687348412,0.007002320080011495,5
0.05,0.1,2.0,NLLS,network_to_fitted_ode_rmse_log,0.0,0.0,0.0,0.0,0.0,5
0.05,0.1,2.0,PINN,alpha_relative_error_pct,6.608106507448886,5.039193256815066,8.101748690032352,6.41735776139488,3.67442047896951,5
0.05,0.1,2.0,PINN,beta_relative_error_pct,12.735932099855763,11.280962095511015,19.748771056091485,14.138503401767858,7.745174080742861,5
0.05,0.1,2.0,PINN,test_rmse_observed_log,0.08686377455692414,0.08239553580056927,0.09765184709968022,0.0882808023947255,0.016937718872670857,5
0.05,0.1,2.0,PINN,test_rmse_latent_log,0.021731122582200724,0.021297462532265013,0.02332931604248389,0.02279409138151513,0.0035580915746150237,5
0.05,0.1,2.0,PINN,network_to_fitted_ode_rmse_log,0.04629524696857835,0.04463559532408961,0.054275075244243444,0.047005510912169014,0.018143436018886915,5
0.1,0.01,0.09999999999999999,NLLS,alpha_relative_error_pct,0.8269247224709453,0.6553985062179413,1.7850797592175116,1.7550542288865365,1.9979596978972973,5
0.1,0.01,0.09999999999999999,NLLS,beta_relative_error_pct,3.3928679457046806,2.240408080671341,14.963102657988191,7.812441569795181,8.05467751764633,5
0.1,0.01,0.09999999999999999,NLLS,test_rmse_observed_log,0.11912484961112732,0.09682990648142813,0.12343520514509726,0.1112781061990498,0.016484259235889254,5
0.1,0.01,0.09999999999999999,NLLS,test_rmse_latent_log,0.005267291811029923,0.005168729782940885,0.02945625634563593,0.015277738168892576,0.014553476443161854,5
0.1,0.01,0.09999999999999999,NLLS,network_to_fitted_ode_rmse_log,0.0,0.0,0.0,0.0,0.0,5
0.1,0.01,0.09999999999999999,PINN,alpha_relative_error_pct,21.409728076705704,19.18127540768422,30.7602806244205,23.075763681415758,7.640812160283078,5
0.1,0.01,0.09999999999999999,PINN,beta_relative_error_pct,99.99999377934856,99.99997894051303,99.99999894372507,99.99998633340336,1.6363536145392323e-05,5
0.1,0.01,0.09999999999999999,PINN,test_rmse_observed_log,0.1496992784805363,0.1404813851896746,0.15162028297965816,0.14634625704059184,0.00808965880432557,5
0.1,0.01,0.09999999999999999,PINN,test_rmse_latent_log,0.10893870231233471,0.09140625102204808,0.11412325886568635,0.10433763901615618,0.01808828339687416,5
0.1,0.01,0.09999999999999999,PINN,network_to_fitted_ode_rmse_log,0.2505988996684388,0.22424962501832185,0.29911879663847507,0.25385115444298906,0.052128408454650534,5
0.1,0.1,1.0,NLLS,alpha_relative_error_pct,1.4397045226451244,0.9471318759874281,2.3788269829646214,1.7080318470037128,0.8610257053270615,5
0.1,0.1,1.0,NLLS,beta_relative_error_pct,2.4584272601239077,2.035582566158034,2.709762690680062,2.6783636381351172,2.174285374308416,5
0.1,0.1,1.0,NLLS,test_rmse_observed_log,0.10022817647267117,0.0990156933899539,0.10351564360741371,0.10018591560035157,0.013353691305713039,5
0.1,0.1,1.0,NLLS,test_rmse_latent_log,0.012811311559080467,0.008870882706727952,0.015755642054870914,0.012419763888754333,0.0042706759135199565,5
0.1,0.1,1.0,NLLS,network_to_fitted_ode_rmse_log,0.0,0.0,0.0,0.0,0.0,5
0.1,0.1,1.0,PINN,alpha_relative_error_pct,27.752043390572624,25.688590069611895,29.20768297383709,25.705383068056882,6.613943170207633,5
0.1,0.1,1.0,PINN,beta_relative_error_pct,33.49195606717532,29.03983915335211,34.61881798183332,32.064895699286005,3.7607273764204656,5
0.1,0.1,1.0,PINN,test_rmse_observed_log,0.10876001030621245,0.10331069104152114,0.11551448862416935,0.1091104318105018,0.011458643741113874,5
0.1,0.1,1.0,PINN,test_rmse_latent_log,0.038176216952935646,0.03351920904384709,0.048840865166594444,0.04025106861917591,0.009087710543119534,5
0.1,0.1,1.0,PINN,network_to_fitted_ode_rmse_log,0.18466522116398046,0.16978357080937695,0.20044042012228,0.17191125343269692,0.04159387212749301,5
