alpha_true,beta_true,beta_alpha_ratio,trial,seed,noise_fraction,train_times_h,test_times_h,n_train_observations,n_test_observations,method,alpha,beta,alpha_relative_error_pct,beta_relative_error_pct,test_rmse_observed_log,test_rmse_latent_log,training_objective,selected_start_id,network_to_fitted_ode_rmse_log,initial_condition_max_abs_error,pre_RN_rmse_h-1,pre_RP_rmse_h-1,treatment_RN_rmse_h-1,treatment_RP_rmse_h-1,post_RN_rmse_h-1,post_RP_rmse_h-1
0.1,0.01,0.09999999999999999,1,120501,0.1,0;0.12121212;0.24242424;0.36363636;0.48484848;0.72727273;0.84848485;0.96969697;1.0909091;1.3333333;1.4545455;1.5757576;1.6969697;1.8181818;2.0606061;2.1818182;2.3030303;2.4242424;2.5454545;2.6666667;2.7878788;3.030303;3.1515152;3.3939394;3.5151515;3.6363636;3.7575758;3.8787879;4;4.1212121;4.2424242;4.4848485;4.6060606;4.7272727;4.8484848;4.969697;5.0909091;5.2121212;5.4545455;5.5757576;5.6969697;5.8181818;5.9393939;6.0606061;6.3030303;6.4242424;6.6666667;6.7878788;6.9090909;7.030303;7.2727273;7.3939394;7.5151515;7.7575758;8;8.1212121;8.4848485;8.7272727;8.8484848;8.969697;9.0909091;9.2121212;9.3333333;9.4545455;9.5757576;9.6969697;9.8181818;9.9393939;10.060606;10.424242;10.545455;10.666667;10.909091;11.030303;11.151515;11.272727;11.393939;11.757576;11.878788;12,0.60606061;1.2121212;1.9393939;2.9090909;3.2727273;4.3636364;5.3333333;6.1818182;6.5454545;7.1515152;7.6363636;7.8787879;8.2424242;8.3636364;8.6060606;10.181818;10.30303;10.787879;11.515152;11.636364,80,20,NLLS,0.10178507975921752,0.008199885611316252,1.7850797592175116,18.00114388683749,0.09682990648142813,0.02945625634563593,0.8187771800383479,,0.0,0.0,,,,,,
0.1,0.01,0.09999999999999999,1,120501,0.1,0;0.12121212;0.24242424;0.36363636;0.48484848;0.72727273;0.84848485;0.96969697;1.0909091;1.3333333;1.4545455;1.5757576;1.6969697;1.8181818;2.0606061;2.1818182;2.3030303;2.4242424;2.5454545;2.6666667;2.7878788;3.030303;3.1515152;3.3939394;3.5151515;3.6363636;3.7575758;3.8787879;4;4.1212121;4.2424242;4.4848485;4.6060606;4.7272727;4.8484848;4.969697;5.0909091;5.2121212;5.4545455;5.5757576;5.6969697;5.8181818;5.9393939;6.0606061;6.3030303;6.4242424;6.6666667;6.7878788;6.9090909;7.030303;7.2727273;7.3939394;7.5151515;7.7575758;8;8.1212121;8.4848485;8.7272727;8.8484848;8.969697;9.0909091;9.2121212;9.3333333;9.4545455;9.5757576;9.6969697;9.8181818;9.9393939;10.060606;10.424242;10.545455;10.666667;10.909091;11.030303;11.151515;11.272727;11.393939;11.757576;11.878788;12,0.60606061;1.2121212;1.9393939;2.9090909;3.2727273;4.3636364;5.3333333;6.1818182;6.5454545;7.1515152;7.6363636;7.8787879;8.2424242;8.3636364;8.6060606;10.181818;10.30303;10.787879;11.515152;11.636364,80,20,PINN,0.08676910978294343,1.0013961828396926e-10,13.23089021705658,99.99999899860381,0.1404813851896746,0.12623228252950372,0.008344825146688908,2.0,0.18496869273253075,0.0,0.023723946858731283,2.6012718349790953,0.022526794325904674,0.03333143167695567,0.017878015153633648,0.05827453119609684
0.1,0.01,0.09999999999999999,2,120502,0.1,0;0.12121212;0.48484848;0.60606061;0.72727273;0.84848485;0.96969697;1.0909091;1.2121212;1.5757576;1.6969697;1.8181818;1.9393939;2.0606061;2.1818182;2.3030303;2.4242424;2.5454545;2.6666667;2.7878788;2.9090909;3.030303;3.2727273;3.3939394;3.5151515;3.7575758;3.8787879;4;4.1212121;4.2424242;4.3636364;4.4848485;4.6060606;4.8484848;4.969697;5.2121212;5.5757576;5.6969697;5.9393939;6.0606061;6.1818182;6.5454545;6.6666667;6.7878788;6.9090909;7.030303;7.1515152;7.2727273;7.5151515;7.7575758;7.8787879;8;8.1212121;8.2424242;8.3636364;8.4848485;8.6060606;8.7272727;8.969697;9.0909091;9.2121212;9.3333333;9.4545455;9.5757576;9.6969697;9.8181818;9.9393939;10.181818;10.30303;10.424242;10.545455;10.666667;10.787879;10.909091;11.151515;11.272727;11.515152;11.636364;11.878788;12,0.24242424;0.36363636;1.3333333;1.4545455;3.1515152;3.6363636;4.7272727;5.0909091;5.3333333;5.4545455;5.8181818;6.3030303;6.4242424;7.3939394;7.6363636;8.8484848;10.060606;11.030303;11.393939;11.757576,80,20,NLLS,0.09968535693442451,0.010224040808067134,0.3146430655754928,2.240408080671341,0.12657476572348994,0.0036513595641347214,0.9060247951893585,,0.0,0.0,,,,,,
0.1,0.01,0.09999999999999999,2,120502,0.1,0;0.12121212;0.48484848;0.60606061;0.72727273;0.84848485;0.96969697;1.0909091;1.2121212;1.5757576;1.6969697;1.8181818;1.9393939;2.0606061;2.1818182;2.3030303;2.4242424;2.5454545;2.6666667;2.7878788;2.9090909;3.030303;3.2727273;3.3939394;3.5151515;3.7575758;3.8787879;4;4.1212121;4.2424242;4.3636364;4.4848485;4.6060606;4.8484848;4.969697;5.2121212;5.5757576;5.6969697;5.9393939;6.0606061;6.1818182;6.5454545;6.6666667;6.7878788;6.9090909;7.030303;7.1515152;7.2727273;7.5151515;7.7575758;7.8787879;8;8.1212121;8.2424242;8.3636364;8.4848485;8.6060606;8.7272727;8.969697;9.0909091;9.2121212;9.3333333;9.4545455;9.5757576;9.6969697;9.8181818;9.9393939;10.181818;10.30303;10.424242;10.545455;10.666667;10.787879;10.909091;11.151515;11.272727;11.515152;11.636364;11.878788;12,0.24242424;0.36363636;1.3333333;1.4545455;3.1515152;3.6363636;4.7272727;5.0909091;5.3333333;5.4545455;5.8181818;6.3030303;6.4242424;7.3939394;7.6363636;8.8484848;10.060606;11.030303;11.393939;11.757576,80,20,PINN,0.0692397193755795,1.0562749187000186e-10,30.7602806244205,99.99999894372507,0.1496992784805363,0.11412325886568635,0.013002889438542928,2.0,0.31031975815717877,0.0,0.057173658608719834,3.509322224474826,0.0502649024268027,0.06526832119651496,0.02757067563284431,0.06461785946617632
0.1,0.01,0.09999999999999999,3,120503,0.1,0;0.12121212;0.24242424;0.36363636;0.48484848;0.60606061;0.84848485;0.96969697;1.0909091;1.2121212;1.5757576;1.6969697;1.8181818;1.9393939;2.0606061;2.4242424;2.5454545;2.6666667;2.9090909;3.1515152;3.2727273;3.3939394;3.5151515;3.6363636;3.7575758;3.8787879;4;4.1212121;4.2424242;4.3636364;4.4848485;4.7272727;4.8484848;4.969697;5.0909091;5.3333333;5.6969697;5.8181818;6.0606061;6.1818182;6.3030303;6.4242424;6.5454545;6.6666667;6.7878788;6.9090909;7.030303;7.1515152;7.2727273;7.3939394;7.5151515;7.6363636;7.7575758;7.8787879;8;8.1212121;8.2424242;8.4848485;8.7272727;8.8484848;8.969697;9.0909091;9.2121212;9.4545455;9.5757576;9.6969697;9.8181818;9.9393939;10.181818;10.30303;10.424242;10.545455;10.666667;11.030303;11.272727;11.393939;11.515152;11.636364;11.878788;12,0.72727273;1.3333333;1.4545455;2.1818182;2.3030303;2.7878788;3.030303;4.6060606;5.2121212;5.4545455;5.5757576;5.9393939;8.3636364;8.6060606;9.3333333;10.060606;10.787879;10.909091;11.151515;11.757576,80,20,NLLS,0.09917307527752905,0.00995353147222258,0.8269247224709453,0.46468527777420165,0.09042580403410642,0.005267291811029923,0.8767827110906996,,0.0,0.0,,,,,,
0.1,0.01,0.09999999999999999,3,120503,0.1,0;0.12121212;0.24242424;0.36363636;0.48484848;0.60606061;0.84848485;0.96969697;1.0909091;1.2121212;1.5757576;1.6969697;1.8181818;1.9393939;2.0606061;2.4242424;2.5454545;2.6666667;2.9090909;3.1515152;3.2727273;3.3939394;3.5151515;3.6363636;3.7575758;3.8787879;4;4.1212121;4.2424242;4.3636364;4.4848485;4.7272727;4.8484848;4.969697;5.0909091;5.3333333;5.6969697;5.8181818;6.0606061;6.1818182;6.3030303;6.4242424;6.5454545;6.6666667;6.7878788;6.9090909;7.030303;7.1515152;7.2727273;7.3939394;7.5151515;7.6363636;7.7575758;7.8787879;8;8.1212121;8.2424242;8.4848485;8.7272727;8.8484848;8.969697;9.0909091;9.2121212;9.4545455;9.5757576;9.6969697;9.8181818;9.9393939;10.181818;10.30303;10.424242;10.545455;10.666667;11.030303;11.272727;11.393939;11.515152;11.636364;11.878788;12,0.72727273;1.3333333;1.4545455;2.1818182;2.3030303;2.7878788;3.030303;4.6060606;5.2121212;5.4545455;5.5757576;5.9393939;8.3636364;8.6060606;9.3333333;10.060606;10.787879;10.909091;11.151515;11.757576,80,20,PINN,0.08081872459231579,3.899517371851345e-09,19.18127540768422,99.99996100482628,0.13536046503208088,0.10893870231233471,0.009292802162602807,2.0,0.22424962501832185,0.0,0.034681904912526,3.65389915746809,0.027537136818684152,0.028759335611945047,0.018427145445175007,0.0733464368596837
0.1,0.01,0.09999999999999999,4,120504,0.1,0;0.24242424;0.48484848;0.72727273;0.84848485;0.96969697;1.0909091;1.2121212;1.3333333;1.4545455;1.5757576;1.6969697;1.8181818;1.9393939;2.0606061;2.1818182;2.3030303;2.4242424;2.5454545;2.7878788;2.9090909;3.030303;3.1515152;3.3939394;3.5151515;3.7575758;3.8787879;4;4.1212121;4.2424242;4.4848485;4.6060606;4.7272727;4.969697;5.2121212;5.4545455;5.6969697;5.8181818;5.9393939;6.0606061;6.1818182;6.4242424;6.5454545;6.6666667;6.7878788;7.030303;7.1515152;7.2727273;7.5151515;7.6363636;7.7575758;7.8787879;8;8.1212121;8.2424242;8.3636364;8.4848485;8.6060606;8.7272727;8.8484848;8.969697;9.0909091;9.3333333;9.4545455;9.6969697;9.9393939;10.060606;10.181818;10.424242;10.545455;10.787879;10.909091;11.030303;11.151515;11.272727;11.393939;11.515152;11.757576;11.878788;12,0.12121212;0.36363636;0.60606061;2.6666667;3.2727273;3.6363636;4.3636364;4.8484848;5.0909091;5.3333333;5.5757576;6.3030303;6.9090909;7.3939394;9.2121212;9.5757576;9.8181818;10.30303;10.666667;11.636364,80,20,NLLS,0.09480677490904921,0.01149631026579882,5.193225090950793,14.963102657988191,0.11912484961112732,0.032845053340721415,0.834948808279709,,0.0,0.0,,,,,,
0.1,0.01,0.09999999999999999,4,120504,0.1,0;0.24242424;0.48484848;0.72727273;0.84848485;0.96969697;1.0909091;1.2121212;1.3333333;1.4545455;1.5757576;1.6969697;1.8181818;1.9393939;2.0606061;2.1818182;2.3030303;2.4242424;2.5454545;2.7878788;2.9090909;3.030303;3.1515152;3.3939394;3.5151515;3.7575758;3.8787879;4;4.1212121;4.2424242;4.4848485;4.6060606;4.7272727;4.969697;5.2121212;5.4545455;5.6969697;5.8181818;5.9393939;6.0606061;6.1818182;6.4242424;6.5454545;6.6666667;6.7878788;7.030303;7.1515152;7.2727273;7.5151515;7.6363636;7.7575758;7.8787879;8;8.1212121;8.2424242;8.3636364;8.4848485;8.6060606;8.7272727;8.8484848;8.969697;9.0909091;9.3333333;9.4545455;9.6969697;9.9393939;10.060606;10.181818;10.424242;10.545455;10.787879;10.909091;11.030303;11.151515;11.272727;11.393939;11.515152;11.757576;11.878788;12,0.12121212;0.36363636;0.60606061;2.6666667;3.2727273;3.6363636;4.3636364;4.8484848;5.0909091;5.3333333;5.5757576;6.3030303;6.9090909;7.3939394;9.2121212;9.5757576;9.8181818;10.30303;10.666667;11.636364,80,20,PINN,0.06920335591878822,2.1059486966059565e-09,30.796644081211788,99.99997894051303,0.15162028297965816,0.09140625102204808,0.011117654768565298,2.0,0.29911879663847507,0.0,0.019145189482674095,2.6317506032464477,0.02994207018519583,0.048306832816547636,0.02497192014105646,0.08486240050697931
0.1,0.01,0.09999999999999999,5,120505,0.1,0;0.12121212;0.24242424;0.36363636;0.48484848;0.60606061;0.72727273;0.84848485;0.96969697;1.0909091;1.2121212;1.3333333;1.4545455;1.5757576;1.6969697;1.8181818;1.9393939;2.1818182;2.3030303;2.4242424;2.5454545;2.6666667;3.030303;3.1515152;3.2727273;3.3939394;3.5151515;3.6363636;3.8787879;4.1212121;4.2424242;4.3636364;4.4848485;4.6060606;4.7272727;5.0909091;5.2121212;5.3333333;5.5757576;5.6969697;5.8181818;5.9393939;6.0606061;6.1818182;6.3030303;6.4242424;6.5454545;6.6666667;6.7878788;7.030303;7.1515152;7.2727273;7.5151515;7.6363636;8;8.2424242;8.3636364;8.4848485;8.6060606;8.7272727;8.8484848;8.969697;9.0909091;9.2121212;9.3333333;9.4545455;9.6969697;10.060606;10.181818;10.30303;10.424242;10.666667;10.909091;11.151515;11.272727;11.515152;11.636364;11.757576;11.878788;12,2.0606061;2.7878788;2.9090909;3.7575758;4;4.8484848;4.969697;5.4545455;6.9090909;7.3939394;7.7575758;7.8787879;8.1212121;9.5757576;9.8181818;9.9393939;10.545455;10.787879;11.030303;11.393939,80,20,NLLS,0.09934460149378206,0.010339286794570468,0.6553985062179413,3.3928679457046806,0.12343520514509726,0.005168729782940885,0.8919421568234069,,0.0,0.0,,,,,,
0.1,0.01,0.09999999999999999,5,120505,0.1,0;0.12121212;0.24242424;0.36363636;0.48484848;0.60606061;0.72727273;0.84848485;0.96969697;1.0909091;1.2121212;1.3333333;1.4545455;1.5757576;1.6969697;1.8181818;1.9393939;2.1818182;2.3030303;2.4242424;2.5454545;2.6666667;3.030303;3.1515152;3.2727273;3.3939394;3.5151515;3.6363636;3.8787879;4.1212121;4.2424242;4.3636364;4.4848485;4.6060606;4.7272727;5.0909091;5.2121212;5.3333333;5.5757576;5.6969697;5.8181818;5.9393939;6.0606061;6.1818182;6.3030303;6.4242424;6.5454545;6.6666667;6.7878788;7.030303;7.1515152;7.2727273;7.5151515;7.6363636;8;8.2424242;8.3636364;8.4848485;8.6060606;8.7272727;8.8484848;8.969697;9.0909091;9.2121212;9.3333333;9.4545455;9.6969697;10.060606;10.181818;10.30303;10.424242;10.666667;10.909091;11.151515;11.272727;11.515152;11.636364;11.757576;11.878788;12,2.0606061;2.7878788;2.9090909;3.7575758;4;4.8484848;4.969697;5.4545455;6.9090909;7.3939394;7.7575758;7.8787879;8.1212121;9.5757576;9.8181818;9.9393939;10.545455;10.787879;11.030303;11.393939,80,20,PINN,0.0785902719232943,6.220651438769978e-10,21.409728076705704,99.99999377934856,0.15456987352100923,0.08098770035120807,0.010457423577213836,2.0,0.2505988996684388,0.0,0.023292136075306603,3.0337776210795995,0.02627774320281428,0.038273050636738665,0.027290201150986886,0.07622749075375829
0.1,0.1,1.0,1,120401,0.1,0;0.12121212;0.24242424;0.48484848;0.60606061;0.72727273;0.84848485;0.96969697;1.0909091;1.2121212;1.3333333;1.4545455;1.5757576;1.6969697;1.8181818;1.9393939;2.1818182;2.3030303;2.6666667;2.9090909;3.030303;3.1515152;3.2727273;3.5151515;3.6363636;4;4.1212121;4.2424242;4.3636364;4.6060606;4.7272727;4.8484848;4.969697;5.0909091;5.2121212;5.3333333;5.4545455;5.6969697;5.9393939;6.1818182;6.3030303;6.4242424;6.5454545;6.7878788;6.9090909;7.030303;7.1515152;7.2727273;7.3939394;7.5151515;7.6363636;7.7575758;7.8787879;8;8.1212121;8.2424242;8.4848485;8.6060606;8.969697;9.0909091;9.3333333;9.4545455;9.5757576;9.6969697;9.8181818;9.9393939;10.060606;10.181818;10.30303;10.424242;10.666667;10.909091;11.030303;11.272727;11.393939;11.515152;11.636364;11.757576;11.878788;12,0.36363636;2.0606061;2.4242424;2.5454545;2.7878788;3.3939394;3.7575758;3.8787879;4.4848485;5.5757576;5.8181818;6.0606061;6.6666667;8.3636364;8.7272727;8.8484848;9.2121212;10.545455;10.787879;11.151515,80,20,NLLS,0.09716399240372964,0.10008553509387058,2.8360075962703624,0.08553509387057012,0.08039811032675025,0.017283409972696083,0.9606729813672358,,0.0,0.0,,,,,,
0.1,0.1,1.0,1,120401,0.1,0;0.12121212;0.24242424;0.48484848;0.60606061;0.72727273;0.84848485;0.96969697;1.0909091;1.2121212;1.3333333;1.4545455;1.5757576;1.6969697;1.8181818;1.9393939;2.1818182;2.3030303;2.6666667;2.9090909;3.030303;3.1515152;3.2727273;3.5151515;3.6363636;4;4.1212121;4.2424242;4.3636364;4.6060606;4.7272727;4.8484848;4.969697;5.0909091;5.2121212;5.3333333;5.4545455;5.6969697;5.9393939;6.1818182;6.3030303;6.4242424;6.5454545;6.7878788;6.9090909;7.030303;7.1515152;7.2727273;7.3939394;7.5151515;7.6363636;7.7575758;7.8787879;8;8.1212121;8.2424242;8.4848485;8.6060606;8.969697;9.0909091;9.3333333;9.4545455;9.5757576;9.6969697;9.8181818;9.9393939;10.060606;10.181818;10.30303;10.424242;10.666667;10.909091;11.030303;11.272727;11.393939;11.515152;11.636364;11.757576;11.878788;12,0.36363636;2.0606061;2.4242424;2.5454545;2.7878788;3.3939394;3.7575758;3.8787879;4.4848485;5.5757576;5.8181818;6.0606061;6.6666667;8.3636364;8.7272727;8.8484848;9.2121212;10.545455;10.787879;11.151515,80,20,PINN,0.06859845099976704,0.06650804393282468,31.401549000232965,33.49195606717532,0.10876001030621245,0.048840865166594444,0.008641615145563587,2.0,0.2031888223087047,0.0,0.05153508575290353,3.3319658673645747,0.03468677493021578,0.03823787463750406,0.03521635285625265,0.0660832651042181
0.1,0.1,1.0,2,120402,0.1,0;0.12121212;0.24242424;0.48484848;0.60606061;0.84848485;0.96969697;1.3333333;1.4545455;1.5757576;1.6969697;1.8181818;1.9393939;2.0606061;2.1818182;2.5454545;2.6666667;2.9090909;3.030303;3.1515152;3.2727273;3.3939394;3.6363636;3.7575758;3.8787879;4;4.1212121;4.2424242;4.3636364;4.6060606;4.7272727;4.8484848;4.969697;5.0909091;5.2121212;5.3333333;5.4545455;5.6969697;5.8181818;6.0606061;6.1818182;6.4242424;6.5454545;6.6666667;6.9090909;7.030303;7.1515152;7.2727273;7.3939394;7.5151515;7.6363636;7.7575758;7.8787879;8;8.1212121;8.2424242;8.3636364;8.4848485;8.7272727;9.0909091;9.2121212;9.3333333;9.5757576;9.6969697;9.8181818;9.9393939;10.181818;10.30303;10.424242;10.545455;10.666667;10.787879;10.909091;11.030303;11.151515;11.515152;11.636364;11.757576;11.878788;12,0.36363636;0.72727273;1.0909091;1.2121212;2.3030303;2.4242424;2.7878788;3.5151515;4.4848485;5.5757576;5.9393939;6.3030303;6.7878788;8.6060606;8.8484848;8.969697;9.4545455;10.060606;11.272727;11.393939,80,20,NLLS,0.09906151174284898,0.10270976269068006,0.9384882571510267,2.709762690680062,0.0990156933899539,0.008870882706727952,0.879693859129766,,0.0,0.0,,,,,,
0.1,0.1,1.0,2,120402,0.1,0;0.12121212;0.24242424;0.48484848;0.60606061;0.84848485;0.96969697;1.3333333;1.4545455;1.5757576;1.6969697;1.8181818;1.9393939;2.0606061;2.1818182;2.5454545;2.6666667;2.9090909;3.030303;3.1515152;3.2727273;3.3939394;3.6363636;3.7575758;3.8787879;4;4.1212121;4.2424242;4.3636364;4.6060606;4.7272727;4.8484848;4.969697;5.0909091;5.2121212;5.3333333;5.4545455;5.6969697;5.8181818;6.0606061;6.1818182;6.4242424;6.5454545;6.6666667;6.9090909;7.030303;7.1515152;7.2727273;7.3939394;7.5151515;7.6363636;7.7575758;7.8787879;8;8.1212121;8.2424242;8.3636364;8.4848485;8.7272727;9.0909091;9.2121212;9.3333333;9.5757576;9.6969697;9.8181818;9.9393939;10.181818;10.30303;10.424242;10.545455;10.666667;10.787879;10.909091;11.030303;11.151515;11.515152;11.636364;11.757576;11.878788;12,0.36363636;0.72727273;1.0909091;1.2121212;2.3030303;2.4242424;2.7878788;3.5151515;4.4848485;5.5757576;5.9393939;6.3030303;6.7878788;8.6060606;8.8484848;8.969697;9.4545455;10.060606;11.272727;11.393939,80,20,PINN,0.07079231702616291,0.06403097899149836,29.20768297383709,35.96902100850164,0.10331069104152114,0.03351920904384709,0.009274019525164141,2.0,0.20044042012228,0.0,0.033858350300451284,1.2132452882711904,0.05002520783089203,0.059492457827136164,0.043978451062895205,0.07248992305455088
0.1,0.1,1.0,3,120403,0.1,0;0.12121212;0.36363636;0.60606061;0.72727273;0.84848485;0.96969697;1.0909091;1.2121212;1.3333333;1.5757576;1.6969697;1.8181818;1.9393939;2.0606061;2.1818182;2.3030303;2.4242424;2.5454545;2.6666667;2.7878788;2.9090909;3.030303;3.1515152;3.2727273;3.3939394;3.7575758;3.8787879;4;4.1212121;4.2424242;4.3636364;4.4848485;4.6060606;4.8484848;4.969697;5.0909091;5.2121212;5.3333333;5.4545455;5.6969697;5.8181818;5.9393939;6.1818182;6.3030303;6.4242424;6.6666667;6.7878788;6.9090909;7.030303;7.1515152;7.2727273;7.5151515;7.6363636;7.8787879;8;8.1212121;8.2424242;8.4848485;8.6060606;8.7272727;8.8484848;9.0909091;9.2121212;9.3333333;9.4545455;9.5757576;9.8181818;9.9393939;10.181818;10.30303;10.424242;10.666667;10.787879;10.909091;11.272727;11.515152;11.636364;11.757576;11.878788,0.24242424;0.48484848;1.4545455;3.5151515;3.6363636;4.7272727;5.5757576;6.0606061;6.5454545;7.3939394;7.7575758;8.3636364;8.969697;9.6969697;10.060606;10.545455;11.030303;11.151515;11.393939;12,80,20,NLLS,0.09762117301703538,0.09796441743384197,2.3788269829646214,2.035582566158034,0.10351564360741371,0.015755642054870914,0.6130480229846694,,0.0,0.0,,,,,,
0.1,0.1,1.0,3,120403,0.1,0;0.12121212;0.36363636;0.60606061;0.72727273;0.84848485;0.96969697;1.0909091;1.2121212;1.3333333;1.5757576;1.6969697;1.8181818;1.9393939;2.0606061;2.1818182;2.3030303;2.4242424;2.5454545;2.6666667;2.7878788;2.9090909;3.030303;3.1515152;3.2727273;3.3939394;3.7575758;3.8787879;4;4.1212121;4.2424242;4.3636364;4.4848485;4.6060606;4.8484848;4.969697;5.0909091;5.2121212;5.3333333;5.4545455;5.6969697;5.8181818;5.9393939;6.1818182;6.3030303;6.4242424;6.6666667;6.7878788;6.9090909;7.030303;7.1515152;7.2727273;7.5151515;7.6363636;7.8787879;8;8.1212121;8.2424242;8.4848485;8.6060606;8.7272727;8.8484848;9.0909091;9.2121212;9.3333333;9.4545455;9.5757576;9.8181818;9.9393939;10.181818;10.30303;10.424242;10.666667;10.787879;10.909091;11.272727;11.515152;11.636364;11.757576;11.878788,0.24242424;0.48484848;1.4545455;3.5151515;3.6363636;4.7272727;5.5757576;6.0606061;6.5454545;7.3939394;7.7575758;8.3636364;8.969697;9.6969697;10.060606;10.545455;11.030303;11.151515;11.393939;12,80,20,PINN,0.07224795660942739,0.07279515571443235,27.752043390572624,27.204844285567653,0.11551448862416935,0.05053092847930082,0.0066879252216460305,2.0,0.16978357080937695,0.0,0.02599267012210144,4.155414741554025,0.042983094000034874,0.046436382385088154,0.028507784190454567,0.06304367837705957
0.1,0.1,1.0,4,120404,0.1,0;0.36363636;0.48484848;0.60606061;0.72727273;0.96969697;1.0909091;1.3333333;1.4545455;1.6969697;1.8181818;1.9393939;2.1818182;2.3030303;2.4242424;2.5454545;2.6666667;2.7878788;2.9090909;3.3939394;3.5151515;3.6363636;3.7575758;3.8787879;4.1212121;4.2424242;4.3636364;4.4848485;4.6060606;4.7272727;4.8484848;4.969697;5.0909091;5.2121212;5.3333333;5.5757576;5.6969697;5.8181818;6.0606061;6.1818182;6.4242424;6.6666667;6.7878788;6.9090909;7.030303;7.1515152;7.3939394;7.5151515;7.6363636;7.7575758;7.8787879;8;8.1212121;8.2424242;8.4848485;8.6060606;8.7272727;8.8484848;8.969697;9.0909091;9.2121212;9.3333333;9.4545455;9.6969697;9.8181818;9.9393939;10.060606;10.30303;10.424242;10.545455;10.666667;10.787879;10.909091;11.030303;11.151515;11.272727;11.515152;11.636364;11.757576;11.878788,0.12121212;0.24242424;0.84848485;1.2121212;1.5757576;2.0606061;3.030303;3.1515152;3.2727273;4;5.4545455;5.9393939;6.3030303;6.5454545;7.2727273;8.3636364;9.5757576;10.181818;11.393939;12,80,20,NLLS,0.10094713187598743,0.10610251057984302,0.9471318759874281,6.102510579843012,0.10022817647267117,0.012811311559080467,0.9714538193385178,,0.0,0.0,,,,,,
0.1,0.1,1.0,4,120404,0.1,0;0.36363636;0.48484848;0.60606061;0.72727273;0.96969697;1.0909091;1.3333333;1.4545455;1.6969697;1.8181818;1.9393939;2.1818182;2.3030303;2.4242424;2.5454545;2.6666667;2.7878788;2.9090909;3.3939394;3.5151515;3.6363636;3.7575758;3.8787879;4.1212121;4.2424242;4.3636364;4.4848485;4.6060606;4.7272727;4.8484848;4.969697;5.0909091;5.2121212;5.3333333;5.5757576;5.6969697;5.8181818;6.0606061;6.1818182;6.4242424;6.6666667;6.7878788;6.9090909;7.030303;7.1515152;7.3939394;7.5151515;7.6363636;7.7575758;7.8787879;8;8.1212121;8.2424242;8.4848485;8.6060606;8.7272727;8.8484848;8.969697;9.0909091;9.2121212;9.3333333;9.4545455;9.6969697;9.8181818;9.9393939;10.060606;10.30303;10.424242;10.545455;10.666667;10.787879;10.909091;11.030303;11.151515;11.272727;11.515152;11.636364;11.757576;11.878788,0.12121212;0.24242424;0.84848485;1.2121212;1.5757576;2.0606061;3.030303;3.1515152;3.2727273;4;5.4545455;5.9393939;6.3030303;6.5454545;7.2727273;8.3636364;9.5757576;10.181818;11.393939;12,80,20,PINN,0.08552295009397017,0.0709601608466479,14.477049906029837,29.03983915335211,0.09397685096655427,0.038176216952935646,0.00843494567165519,2.0,0.10147823275914257,0.0,0.026041043779737615,4.926205892443951,0.034751360176227306,0.02467844589600423,0.03503785731407521,0.09131791812174321
0.1,0.1,1.0,5,120405,0.1,0;0.12121212;0.24242424;0.36363636;0.48484848;0.84848485;0.96969697;1.2121212;1.3333333;1.4545455;1.5757576;1.6969697;1.8181818;1.9393939;2.0606061;2.1818182;2.4242424;2.7878788;3.030303;3.1515152;3.3939394;3.6363636;3.7575758;3.8787879;4;4.1212121;4.2424242;4.3636364;4.4848485;4.6060606;4.7272727;4.969697;5.0909091;5.2121212;5.3333333;5.4545455;5.5757576;5.6969697;5.9393939;6.0606061;6.1818182;6.3030303;6.4242424;6.5454545;6.6666667;6.7878788;6.9090909;7.030303;7.1515152;7.5151515;7.6363636;7.7575758;7.8787879;8;8.3636364;8.6060606;8.7272727;8.8484848;8.969697;9.0909091;9.2121212;9.4545455;9.5757576;9.6969697;9.8181818;10.181818;10.30303;10.545455;10.666667;10.787879;10.909091;11.030303;11.151515;11.272727;11.393939;11.515152;11.636364;11.757576;11.878788;12,0.60606061;0.72727273;1.0909091;2.3030303;2.5454545;2.6666667;2.9090909;3.2727273;3.5151515;4.8484848;5.8181818;7.2727273;7.3939394;8.1212121;8.2424242;8.4848485;9.3333333;9.9393939;10.060606;10.424242,80,20,NLLS,0.10143970452264513,0.10245842726012391,1.4397045226451244,2.4584272601239077,0.11777195420496883,0.007377573150396249,0.715192687583367,,0.0,0.0,,,,,,
0.1,0.1,1.0,5,120405,0.1,0;0.12121212;0.24242424;0.36363636;0.48484848;0.84848485;0.96969697;1.2121212;1.3333333;1.4545455;1.5757576;1.6969697;1.8181818;1.9393939;2.0606061;2.1818182;2.4242424;2.7878788;3.030303;3.1515152;3.3939394;3.6363636;3.7575758;3.8787879;4;4.1212121;4.2424242;4.3636364;4.4848485;4.6060606;4.7272727;4.969697;5.0909091;5.2121212;5.3333333;5.4545455;5.5757576;5.6969697;5.9393939;6.0606061;6.1818182;6.3030303;6.4242424;6.5454545;6.6666667;6.7878788;6.9090909;7.030303;7.1515152;7.5151515;7.6363636;7.7575758;7.8787879;8;8.3636364;8.6060606;8.7272727;8.8484848;8.969697;9.0909091;9.2121212;9.4545455;9.5757576;9.6969697;9.8181818;10.181818;10.30303;10.545455;10.666667;10.787879;10.909091;11.030303;11.151515;11.272727;11.393939;11.515152;11.636364;11.757576;11.878788;12,0.60606061;0.72727273;1.0909091;2.3030303;2.5454545;2.6666667;2.9090909;3.2727273;3.5151515;4.8484848;5.8181818;7.2727273;7.3939394;8.1212121;8.2424242;8.4848485;9.3333333;9.9393939;10.060606;10.424242,80,20,PINN,0.07431140993038811,0.06538118201816669,25.688590069611895,34.61881798183332,0.1239901181140517,0.03018812345320155,0.007760729604944339,2.0,0.18466522116398046,0.0,0.03975523198120583,3.986660929546669,0.033097820406607775,0.055041562626597366,0.050136598580605235,0.06343863800417364
0.05,0.1,2.0,1,120301,0.1,0;0.12121212;0.24242424;0.36363636;0.48484848;0.60606061;0.72727273;0.84848485;0.96969697;1.0909091;1.2121212;1.3333333;1.9393939;2.0606061;2.1818182;2.3030303;2.4242424;2.5454545;2.6666667;2.7878788;3.030303;3.1515152;3.2727273;3.3939394;3.6363636;3.7575758;3.8787879;4;4.1212121;4.3636364;4.6060606;4.7272727;4.969697;5.2121212;5.3333333;5.4545455;5.5757576;5.6969697;5.8181818;5.9393939;6.1818182;6.3030303;6.4242424;6.5454545;6.6666667;7.030303;7.1515152;7.2727273;7.3939394;7.5151515;7.6363636;7.7575758;7.8787879;8;8.1212121;8.4848485;8.7272727;8.8484848;8.969697;9.0909091;9.2121212;9.4545455;9.5757576;9.6969697;9.8181818;9.9393939;10.060606;10.181818;10.30303;10.424242;10.545455;10.666667;10.787879;10.909091;11.030303;11.151515;11.272727;11.636364;11.757576;11.878788,1.4545455;1.5757576;1.6969697;1.8181818;2.9090909;3.5151515;4.2424242;4.4848485;4.8484848;5.0909091;6.0606061;6.7878788;6.9090909;8.2424242;8.3636364;8.6060606;9.3333333;11.393939;11.515152;12,80,20,NLLS,0.049922661669423045,0.10770019326158195,0.15467666115391854,7.7001932615819335,0.10323670975392986,0.018213462772253896,0.687582288689766,,0.0,0.0,,,,,,
0.05,0.1,2.0,1,120301,0.1,0;0.12121212;0.24242424;0.36363636;0.48484848;0.60606061;0.72727273;0.84848485;0.96969697;1.0909091;1.2121212;1.3333333;1.9393939;2.0606061;2.1818182;2.3030303;2.4242424;2.5454545;2.6666667;2.7878788;3.030303;3.1515152;3.2727273;3.3939394;3.6363636;3.7575758;3.8787879;4;4.1212121;4.3636364;4.6060606;4.7272727;4.969697;5.2121212;5.3333333;5.4545455;5.5757576;5.6969697;5.8181818;5.9393939;6.1818182;6.3030303;6.4242424;6.5454545;6.6666667;7.030303;7.1515152;7.2727273;7.3939394;7.5151515;7.6363636;7.7575758;7.8787879;8;8.1212121;8.4848485;8.7272727;8.8484848;8.969697;9.0909091;9.2121212;9.4545455;9.5757576;9.6969697;9.8181818;9.9393939;10.060606;10.181818;10.30303;10.424242;10.545455;10.666667;10.787879;10.909091;11.030303;11.151515;11.272727;11.636364;11.757576;11.878788,1.4545455;1.5757576;1.6969697;1.8181818;2.9090909;3.5151515;4.2424242;4.4848485;4.8484848;5.0909091;6.0606061;6.7878788;6.9090909;8.2424242;8.3636364;8.6060606;9.3333333;11.393939;11.515152;12,80,20,PINN,0.045949125654983825,0.08726406790014424,8.101748690032352,12.735932099855763,0.10984006141646771,0.019066301419754433,0.004338626746472542,2.0,0.054275075244243444,0.0,0.016365466150876386,0.7431796967070301,0.02515918491995355,0.031232237051487557,0.0352586777810842,0.03241228098473291
0.05,0.1,2.0,2,120302,0.1,0;0.24242424;0.36363636;0.72727273;0.96969697;1.2121212;1.3333333;1.5757576;1.6969697;1.8181818;2.0606061;2.1818182;2.4242424;2.5454545;2.6666667;2.7878788;2.9090909;3.1515152;3.2727273;3.3939394;3.5151515;3.6363636;4;4.1212121;4.2424242;4.3636364;4.4848485;4.6060606;4.7272727;4.8484848;4.969697;5.0909091;5.2121212;5.3333333;5.4545455;5.5757576;5.6969697;5.8181818;5.9393939;6.0606061;6.1818182;6.3030303;6.4242424;6.6666667;6.7878788;6.9090909;7.030303;7.1515152;7.2727273;7.6363636;7.7575758;7.8787879;8;8.1212121;8.3636364;8.4848485;8.6060606;8.8484848;8.969697;9.0909091;9.3333333;9.4545455;9.5757576;9.6969697;9.8181818;9.9393939;10.060606;10.181818;10.30303;10.424242;10.545455;10.666667;10.909091;11.272727;11.393939;11.515152;11.636364;11.757576;11.878788;12,0.12121212;0.48484848;0.60606061;0.84848485;1.0909091;1.4545455;1.9393939;2.3030303;3.030303;3.7575758;3.8787879;6.5454545;7.3939394;7.5151515;8.2424242;8.7272727;9.2121212;10.787879;11.030303;11.151515,80,20,NLLS,0.04947093949897104,0.10343063578906392,1.0581210020579324,3.430635789063907,0.09256234717960869,0.010273983816515652,0.864809125093244,,0.0,0.0,,,,,,
0.05,0.1,2.0,2,120302,0.1,0;0.24242424;0.36363636;0.72727273;0.96969697;1.2121212;1.3333333;1.5757576;1.6969697;1.8181818;2.0606061;2.1818182;2.4242424;2.5454545;2.6666667;2.7878788;2.9090909;3.1515152;3.2727273;3.3939394;3.5151515;3.6363636;4;4.1212121;4.2424242;4.3636364;4.4848485;4.6060606;4.7272727;4.8484848;4.969697;5.0909091;5.2121212;5.3333333;5.4545455;5.5757576;5.6969697;5.8181818;5.9393939;6.0606061;6.1818182;6.3030303;6.4242424;6.6666667;6.7878788;6.9090909;7.030303;7.1515152;7.2727273;7.6363636;7.7575758;7.8787879;8;8.1212121;8.3636364;8.4848485;8.6060606;8.8484848;8.969697;9.0909091;9.3333333;9.4545455;9.5757576;9.6969697;9.8181818;9.9393939;10.060606;10.181818;10.30303;10.424242;10.545455;10.666667;10.909091;11.272727;11.393939;11.515152;11.636364;11.757576;11.878788;12,0.12121212;0.48484848;0.60606061;0.84848485;1.0909091;1.4545455;1.9393939;2.3030303;3.030303;3.7575758;3.8787879;6.5454545;7.3939394;7.5151515;8.2424242;8.7272727;9.2121212;10.787879;11.030303;11.151515,80,20,PINN,0.04748040337159247,0.07660099222811738,5.039193256815066,23.39900777188263,0.08686377455692414,0.021297462532265013,0.005201041912469047,2.0,0.04629524696857835,0.0,0.01785808195638934,0.7608621766243737,0.03164044474240591,0.015228163011161972,0.03593494363621842,0.03925319388835258
0.05,0.1,2.0,3,120303,0.1,0;0.12121212;0.24242424;0.36363636;0.48484848;0.60606061;0.72727273;0.96969697;1.0909091;1.2121212;1.3333333;1.4545455;1.5757576;1.6969697;1.8181818;1.9393939;2.1818182;2.3030303;2.4242424;2.6666667;2.7878788;2.9090909;3.030303;3.1515152;3.2727273;3.3939394;3.6363636;3.8787879;4;4.2424242;4.3636364;4.4848485;4.6060606;4.7272727;4.969697;5.0909091;5.4545455;5.5757576;5.6969697;5.8181818;5.9393939;6.0606061;6.4242424;6.6666667;6.7878788;6.9090909;7.030303;7.2727273;7.3939394;7.5151515;7.6363636;7.7575758;7.8787879;8;8.1212121;8.2424242;8.3636364;8.4848485;8.6060606;8.8484848;8.969697;9.0909091;9.2121212;9.3333333;9.4545455;9.5757576;9.8181818;9.9393939;10.060606;10.30303;10.666667;10.909091;11.030303;11.151515;11.272727;11.515152;11.636364;11.757576;11.878788;12,0.84848485;2.0606061;2.5454545;3.5151515;3.7575758;4.1212121;4.8484848;5.2121212;5.3333333;6.1818182;6.3030303;6.5454545;7.1515152;8.7272727;9.6969697;10.181818;10.424242;10.545455;10.787879;11.393939,80,20,NLLS,0.048126484443070876,0.09563999113229,3.747031113858257,4.360008867709997,0.09651034842220575,0.02719978812698207,0.9444212776503352,,0.0,0.0,,,,,,
0.05,0.1,2.0,3,120303,0.1,0;0.12121212;0.24242424;0.36363636;0.48484848;0.60606061;0.72727273;0.96969697;1.0909091;1.2121212;1.3333333;1.4545455;1.5757576;1.6969697;1.8181818;1.9393939;2.1818182;2.3030303;2.4242424;2.6666667;2.7878788;2.9090909;3.030303;3.1515152;3.2727273;3.3939394;3.6363636;3.8787879;4;4.2424242;4.3636364;4.4848485;4.6060606;4.7272727;4.969697;5.0909091;5.4545455;5.5757576;5.6969697;5.8181818;5.9393939;6.0606061;6.4242424;6.6666667;6.7878788;6.9090909;7.030303;7.2727273;7.3939394;7.5151515;7.6363636;7.7575758;7.8787879;8;8.1212121;8.2424242;8.3636364;8.4848485;8.6060606;8.8484848;8.969697;9.0909091;9.2121212;9.3333333;9.4545455;9.5757576;9.8181818;9.9393939;10.060606;10.30303;10.666667;10.909091;11.030303;11.151515;11.272727;11.515152;11.636364;11.757576;11.878788;12,0.84848485;2.0606061;2.5454545;3.5151515;3.7575758;4.1212121;4.8484848;5.2121212;5.3333333;6.1818182;6.3030303;6.5454545;7.1515152;8.7272727;9.6969697;10.181818;10.424242;10.545455;10.787879;11.393939,80,20,PINN,0.049393191699175255,0.09647215601450161,1.213616601649492,3.527843985498391,0.09765184709968022,0.02854625433087158,0.004572670788601942,2.0,0.019920879842169264,0.0,0.014224824724851587,1.2211345863695051,0.029301772242058977,0.026868086868825383,0.018709492901691403,0.01845463393602913
0.05,0.1,2.0,4,120304,0.1,0;0.24242424;0.36363636;0.48484848;0.60606061;0.72727273;0.84848485;0.96969697;1.0909091;1.2121212;1.3333333;1.4545455;1.5757576;1.6969697;2.0606061;2.1818182;2.3030303;2.4242424;2.5454545;2.6666667;2.7878788;3.030303;3.1515152;3.6363636;3.7575758;3.8787879;4;4.1212121;4.2424242;4.3636364;4.4848485;4.6060606;4.7272727;4.8484848;4.969697;5.0909091;5.2121212;5.6969697;5.8181818;5.9393939;6.0606061;6.1818182;6.3030303;6.4242424;6.6666667;6.9090909;7.030303;7.1515152;7.2727273;7.3939394;7.5151515;7.7575758;7.8787879;8.1212121;8.2424242;8.4848485;8.6060606;8.7272727;8.969697;9.0909091;9.2121212;9.3333333;9.5757576;9.6969697;9.8181818;9.9393939;10.060606;10.181818;10.424242;10.545455;10.666667;10.787879;10.909091;11.030303;11.151515;11.515152;11.636364;11.757576;11.878788;12,0.12121212;1.8181818;1.9393939;2.9090909;3.2727273;3.3939394;3.5151515;5.3333333;5.4545455;5.5757576;6.5454545;6.7878788;7.6363636;8;8.3636364;8.8484848;9.4545455;10.30303;11.272727;11.393939,80,20,NLLS,0.04957421868552259,0.1035366748745446,0.8515626289548162,3.5366748745445875,0.0863782742621205,0.01181757505695216,0.9830876625584347,,0.0,0.0,,,,,,
0.05,0.1,2.0,4,120304,0.1,0;0.24242424;0.36363636;0.48484848;0.60606061;0.72727273;0.84848485;0.96969697;1.0909091;1.2121212;1.3333333;1.4545455;1.5757576;1.6969697;2.0606061;2.1818182;2.3030303;2.4242424;2.5454545;2.6666667;2.7878788;3.030303;3.1515152;3.6363636;3.7575758;3.8787879;4;4.1212121;4.2424242;4.3636364;4.4848485;4.6060606;4.7272727;4.8484848;4.969697;5.0909091;5.2121212;5.6969697;5.8181818;5.9393939;6.0606061;6.1818182;6.3030303;6.4242424;6.6666667;6.9090909;7.030303;7.1515152;7.2727273;7.3939394;7.5151515;7.7575758;7.8787879;8.1212121;8.2424242;8.4848485;8.6060606;8.7272727;8.969697;9.0909091;9.2121212;9.3333333;9.5757576;9.6969697;9.8181818;9.9393939;10.060606;10.181818;10.424242;10.545455;10.666667;10.787879;10.909091;11.030303;11.151515;11.515152;11.636364;11.757576;11.878788;12,0.12121212;1.8181818;1.9393939;2.9090909;3.2727273;3.3939394;3.5151515;5.3333333;5.4545455;5.5757576;6.5454545;6.7878788;7.6363636;8;8.3636364;8.8484848;9.4545455;10.30303;11.272727;11.393939,80,20,PINN,0.04669594674627556,0.08871903790448898,6.608106507448886,11.280962095511015,0.08239553580056927,0.021731122582200724,0.006152656078729064,2.0,0.04463559532408961,0.0,0.017807851258283776,0.16781996593639592,0.023082462767508874,0.013826982126138256,0.049028197847841015,0.057631654947491756
0.05,0.1,2.0,5,120305,0.1,0;0.12121212;0.24242424;0.36363636;0.48484848;0.60606061;0.72727273;0.84848485;0.96969697;1.0909091;1.2121212;1.3333333;1.4545455;1.5757576;1.6969697;2.0606061;2.1818182;2.3030303;2.4242424;2.5454545;2.6666667;2.7878788;2.9090909;3.030303;3.2727273;3.5151515;3.7575758;3.8787879;4;4.3636364;4.4848485;4.6060606;4.8484848;4.969697;5.0909091;5.2121212;5.4545455;5.5757576;5.8181818;5.9393939;6.0606061;6.1818182;6.4242424;6.6666667;6.7878788;6.9090909;7.1515152;7.2727273;7.3939394;7.5151515;7.6363636;7.8787879;8;8.2424242;8.3636364;8.6060606;8.7272727;8.8484848;8.969697;9.0909091;9.2121212;9.3333333;9.4545455;9.5757576;9.6969697;9.8181818;10.060606;10.181818;10.30303;10.424242;10.545455;10.666667;10.787879;10.909091;11.030303;11.151515;11.272727;11.393939;11.878788;12,1.8181818;1.9393939;3.1515152;3.3939394;3.6363636;4.1212121;4.2424242;4.7272727;5.3333333;5.6969697;6.3030303;6.5454545;7.030303;7.7575758;8.1212121;8.4848485;9.9393939;11.515152;11.636364;11.757576,80,20,NLLS,0.049320440470672265,0.10187676987031104,1.359119058655478,1.8767698703110236,0.07014321360385004,0.012056158664038289,0.6122043324742217,,0.0,0.0,,,,,,
0.05,0.1,2.0,5,120305,0.1,0;0.12121212;0.24242424;0.36363636;0.48484848;0.60606061;0.72727273;0.84848485;0.96969697;1.0909091;1.2121212;1.3333333;1.4545455;1.5757576;1.6969697;2.0606061;2.1818182;2.3030303;2.4242424;2.5454545;2.6666667;2.7878788;2.9090909;3.030303;3.2727273;3.5151515;3.7575758;3.8787879;4;4.3636364;4.4848485;4.6060606;4.8484848;4.969697;5.0909091;5.2121212;5.4545455;5.5757576;5.8181818;5.9393939;6.0606061;6.1818182;6.4242424;6.6666667;6.7878788;6.9090909;7.1515152;7.2727273;7.3939394;7.5151515;7.6363636;7.8787879;8;8.2424242;8.3636364;8.6060606;8.7272727;8.8484848;8.969697;9.0909091;9.2121212;9.3333333;9.4545455;9.5757576;9.6969697;9.8181818;10.060606;10.181818;10.30303;10.424242;10.545455;10.666667;10.787879;10.909091;11.030303;11.151515;11.272727;11.393939;11.878788;12,1.8181818;1.9393939;3.1515152;3.3939394;3.6363636;4.1212121;4.2424242;4.7272727;5.3333333;5.6969697;6.3030303;6.5454545;7.030303;7.7575758;8.1212121;8.4848485;9.9393939;11.515152;11.636364;11.757576,80,20,PINN,0.0444379381244857,0.08025122894390851,11.124123751028602,19.748771056091485,0.06465279309998605,0.02332931604248389,0.00433157192760241,2.0,0.06990075718176439,0.0,0.017632564586182883,0.257713518395575,0.016513475946697942,0.012045505865025008,0.03210687979149442,0.05533170524603043
0.01,0.1,10.0,1,120201,0.1,0;0.12121212;0.24242424;0.48484848;0.60606061;0.72727273;0.84848485;0.96969697;1.0909091;1.2121212;1.3333333;1.4545455;1.5757576;1.8181818;2.0606061;2.3030303;2.4242424;2.5454545;2.6666667;2.7878788;2.9090909;3.030303;3.2727273;3.5151515;3.6363636;3.7575758;3.8787879;4.1212121;4.2424242;4.3636364;4.4848485;4.6060606;4.969697;5.0909091;5.3333333;5.4545455;5.5757576;5.8181818;5.9393939;6.0606061;6.3030303;6.4242424;6.6666667;6.7878788;6.9090909;7.030303;7.3939394;7.5151515;7.6363636;7.7575758;7.8787879;8;8.1212121;8.2424242;8.3636364;8.4848485;8.6060606;8.7272727;8.8484848;9.0909091;9.2121212;9.3333333;9.4545455;9.5757576;9.6969697;9.8181818;9.9393939;10.060606;10.181818;10.30303;10.545455;10.666667;10.787879;11.030303;11.151515;11.272727;11.393939;11.515152;11.636364;12,0.36363636;1.6969697;1.9393939;2.1818182;3.1515152;3.3939394;4;4.7272727;4.8484848;5.2121212;5.6969697;6.1818182;6.5454545;7.1515152;7.2727273;8.969697;10.424242;10.909091;11.757576;11.878788,80,20,NLLS,0.009752124760896633,0.09539439268984912,2.4787523910336673,4.605607310150884,0.08432677545211602,0.015233617546539317,0.9077770657930748,,0.0,0.0,,,,,,
0.01,0.1,10.0,1,120201,0.1,0;0.12121212;0.24242424;0.48484848;0.60606061;0.72727273;0.84848485;0.96969697;1.0909091;1.2121212;1.3333333;1.4545455;1.5757576;1.8181818;2.0606061;2.3030303;2.4242424;2.5454545;2.6666667;2.7878788;2.9090909;3.030303;3.2727273;3.5151515;3.6363636;3.7575758;3.8787879;4.1212121;4.2424242;4.3636364;4.4848485;4.6060606;4.969697;5.0909091;5.3333333;5.4545455;5.5757576;5.8181818;5.9393939;6.0606061;6.3030303;6.4242424;6.6666667;6.7878788;6.9090909;7.030303;7.3939394;7.5151515;7.6363636;7.7575758;7.8787879;8;8.1212121;8.2424242;8.3636364;8.4848485;8.6060606;8.7272727;8.8484848;9.0909091;9.2121212;9.3333333;9.4545455;9.5757576;9.6969697;9.8181818;9.9393939;10.060606;10.181818;10.30303;10.545455;10.666667;10.787879;11.030303;11.151515;11.272727;11.393939;11.515152;11.636364;12,0.36363636;1.6969697;1.9393939;2.1818182;3.1515152;3.3939394;4;4.7272727;4.8484848;5.2121212;5.6969697;6.1818182;6.5454545;7.1515152;7.2727273;8.969697;10.424242;10.909091;11.757576;11.878788,80,20,PINN,0.009570112703375927,0.09438395288000168,4.2988729662407295,5.616047119998324,0.08540712024277122,0.01779236654271681,0.003696425991575852,2.0,0.010122073473638554,0.0,0.003258198391634828,0.00716547829735578,0.012657642731098033,0.009344638075231464,0.011866320625436138,0.01961665834737662
0.01,0.1,10.0,2,120202,0.1,0;0.12121212;0.24242424;0.36363636;0.48484848;0.60606061;0.72727273;0.84848485;0.96969697;1.0909091;1.3333333;1.4545455;1.5757576;1.8181818;1.9393939;2.0606061;2.1818182;2.3030303;2.4242424;2.5454545;2.6666667;2.7878788;3.030303;3.1515152;3.2727273;3.3939394;3.5151515;3.6363636;3.7575758;3.8787879;4;4.2424242;4.3636364;4.6060606;4.7272727;4.8484848;4.969697;5.0909091;5.2121212;5.5757576;5.6969697;5.9393939;6.0606061;6.1818182;6.4242424;6.6666667;6.7878788;6.9090909;7.030303;7.1515152;7.2727273;7.5151515;7.6363636;7.7575758;7.8787879;8.1212121;8.2424242;8.3636364;8.4848485;8.8484848;8.969697;9.0909091;9.2121212;9.4545455;9.5757576;9.6969697;9.8181818;9.9393939;10.060606;10.181818;10.30303;10.424242;10.666667;10.909091;11.151515;11.393939;11.515152;11.636364;11.757576;11.878788,1.2121212;1.6969697;2.9090909;4.1212121;4.4848485;5.3333333;5.4545455;5.8181818;6.3030303;6.5454545;7.3939394;8;8.6060606;8.7272727;9.3333333;10.545455;10.787879;11.030303;11.272727;12,80,20,NLLS,0.009897514833606427,0.10587227403077139,1.024851663935733,5.872274030771374,0.0807736609049733,0.015926901390207936,0.8107511597816688,,0.0,0.0,,,,,,
0.01,0.1,10.0,2,120202,0.1,0;0.12121212;0.24242424;0.36363636;0.48484848;0.60606061;0.72727273;0.84848485;0.96969697;1.0909091;1.3333333;1.4545455;1.5757576;1.8181818;1.9393939;2.0606061;2.1818182;2.3030303;2.4242424;2.5454545;2.6666667;2.7878788;3.030303;3.1515152;3.2727273;3.3939394;3.5151515;3.6363636;3.7575758;3.8787879;4;4.2424242;4.3636364;4.6060606;4.7272727;4.8484848;4.969697;5.0909091;5.2121212;5.5757576;5.6969697;5.9393939;6.0606061;6.1818182;6.4242424;6.6666667;6.7878788;6.9090909;7.030303;7.1515152;7.2727273;7.5151515;7.6363636;7.7575758;7.8787879;8.1212121;8.2424242;8.3636364;8.4848485;8.8484848;8.969697;9.0909091;9.2121212;9.4545455;9.5757576;9.6969697;9.8181818;9.9393939;10.060606;10.181818;10.30303;10.424242;10.666667;10.909091;11.151515;11.393939;11.515152;11.636364;11.757576;11.878788,1.2121212;1.6969697;2.9090909;4.1212121;4.4848485;5.3333333;5.4545455;5.8181818;6.3030303;6.5454545;7.3939394;8;8.6060606;8.7272727;9.3333333;10.545455;10.787879;11.030303;11.272727;12,80,20,PINN,0.009790892016396442,0.10219447736635098,2.091079836035581,2.1944773663509665,0.08175446383744338,0.015419588703022975,0.0032563465395116396,2.0,0.007536024472835093,0.0,0.0050838032233252225,0.012204306429000302,0.011479781358470931,0.00666341894995009,0.010403192671363816,0.014007202297094795
0.01,0.1,10.0,3,120203,0.1,0;0.12121212;0.24242424;0.36363636;0.48484848;0.60606061;0.84848485;0.96969697;1.0909091;1.2121212;1.3333333;1.4545455;1.5757576;1.8181818;2.0606061;2.1818182;2.3030303;2.7878788;2.9090909;3.1515152;3.2727273;3.3939394;3.5151515;3.6363636;3.7575758;3.8787879;4;4.1212121;4.2424242;4.3636364;4.4848485;4.6060606;4.7272727;4.969697;5.0909091;5.2121212;5.3333333;5.4545455;5.5757576;5.8181818;5.9393939;6.0606061;6.1818182;6.3030303;6.4242424;6.5454545;6.6666667;7.030303;7.1515152;7.2727273;7.3939394;7.6363636;7.7575758;7.8787879;8;8.2424242;8.3636364;8.4848485;8.6060606;8.7272727;9.0909091;9.2121212;9.4545455;9.5757576;9.8181818;9.9393939;10.060606;10.424242;10.545455;10.666667;10.787879;10.909091;11.030303;11.151515;11.272727;11.393939;11.515152;11.636364;11.757576;12,0.72727273;1.6969697;1.9393939;2.4242424;2.5454545;2.6666667;3.030303;4.8484848;5.6969697;6.7878788;6.9090909;7.5151515;8.1212121;8.8484848;8.969697;9.3333333;9.6969697;10.181818;10.30303;11.878788,80,20,NLLS,0.00954984732097856,0.10326673719261968,4.501526790214405,3.266737192619673,0.10955200251187688,0.03130070890864226,0.8644349466963968,,0.0,0.0,,,,,,
0.01,0.1,10.0,3,120203,0.1,0;0.12121212;0.24242424;0.36363636;0.48484848;0.60606061;0.84848485;0.96969697;1.0909091;1.2121212;1.3333333;1.4545455;1.5757576;1.8181818;2.0606061;2.1818182;2.3030303;2.7878788;2.9090909;3.1515152;3.2727273;3.3939394;3.5151515;3.6363636;3.7575758;3.8787879;4;4.1212121;4.2424242;4.3636364;4.4848485;4.6060606;4.7272727;4.969697;5.0909091;5.2121212;5.3333333;5.4545455;5.5757576;5.8181818;5.9393939;6.0606061;6.1818182;6.3030303;6.4242424;6.5454545;6.6666667;7.030303;7.1515152;7.2727273;7.3939394;7.6363636;7.7575758;7.8787879;8;8.2424242;8.3636364;8.4848485;8.6060606;8.7272727;9.0909091;9.2121212;9.4545455;9.5757576;9.8181818;9.9393939;10.060606;10.424242;10.545455;10.666667;10.787879;10.909091;11.030303;11.151515;11.272727;11.393939;11.515152;11.636364;11.757576;12,0.72727273;1.6969697;1.9393939;2.4242424;2.5454545;2.6666667;3.030303;4.8484848;5.6969697;6.7878788;6.9090909;7.5151515;8.1212121;8.8484848;8.969697;9.3333333;9.6969697;10.181818;10.30303;11.878788,80,20,PINN,0.00904453987409936,0.09662901004498527,9.5546012590064,3.370989955014736,0.11036945200287761,0.03226424683338259,0.0033755158024593814,2.0,0.02962875399350414,0.0,0.005039576670978531,0.004874099955694112,0.005750875404846687,0.006822920622491932,0.013144866524153921,0.01630047400373986
0.01,0.1,10.0,4,120204,0.1,0;0.24242424;0.36363636;0.48484848;0.60606061;0.72727273;0.84848485;0.96969697;1.2121212;1.3333333;1.4545455;1.5757576;1.6969697;1.8181818;1.9393939;2.0606061;2.1818182;2.3030303;2.5454545;2.6666667;2.7878788;2.9090909;3.030303;3.1515152;3.2727273;3.3939394;3.5151515;3.6363636;3.7575758;3.8787879;4;4.1212121;4.2424242;4.3636364;4.6060606;4.7272727;4.8484848;4.969697;5.0909091;5.2121212;5.3333333;5.4545455;5.5757576;5.9393939;6.0606061;6.1818182;6.3030303;6.4242424;6.6666667;6.7878788;6.9090909;7.030303;7.1515152;7.2727273;7.3939394;7.5151515;7.6363636;7.7575758;7.8787879;8.1212121;8.2424242;8.6060606;8.969697;9.0909091;9.3333333;9.4545455;9.5757576;9.6969697;9.8181818;10.060606;10.181818;10.424242;10.545455;10.787879;10.909091;11.151515;11.393939;11.515152;11.636364;11.757576,0.12121212;1.0909091;2.4242424;4.4848485;5.6969697;5.8181818;6.5454545;8;8.3636364;8.4848485;8.7272727;8.8484848;9.2121212;9.9393939;10.30303;10.666667;11.030303;11.272727;11.878788;12,80,20,NLLS,0.01030208590392012,0.113917393187959,3.020859039201196,13.917393187958993,0.07158822302837542,0.03393402157737907,0.7636121573041911,,0.0,0.0,,,,,,
0.01,0.1,10.0,4,120204,0.1,0;0.24242424;0.36363636;0.48484848;0.60606061;0.72727273;0.84848485;0.96969697;1.2121212;1.3333333;1.4545455;1.5757576;1.6969697;1.8181818;1.9393939;2.0606061;2.1818182;2.3030303;2.5454545;2.6666667;2.7878788;2.9090909;3.030303;3.1515152;3.2727273;3.3939394;3.5151515;3.6363636;3.7575758;3.8787879;4;4.1212121;4.2424242;4.3636364;4.6060606;4.7272727;4.8484848;4.969697;5.0909091;5.2121212;5.3333333;5.4545455;5.5757576;5.9393939;6.0606061;6.1818182;6.3030303;6.4242424;6.6666667;6.7878788;6.9090909;7.030303;7.1515152;7.2727273;7.3939394;7.5151515;7.6363636;7.7575758;7.8787879;8.1212121;8.2424242;8.6060606;8.969697;9.0909091;9.3333333;9.4545455;9.5757576;9.6969697;9.8181818;10.060606;10.181818;10.424242;10.545455;10.787879;10.909091;11.151515;11.393939;11.515152;11.636364;11.757576,0.12121212;1.0909091;2.4242424;4.4848485;5.6969697;5.8181818;6.5454545;8;8.3636364;8.4848485;8.7272727;8.8484848;9.2121212;9.9393939;10.30303;10.666667;11.030303;11.272727;11.878788;12,80,20,PINN,0.010335645488176717,0.1123027779170757,3.356454881767168,12.302777917075701,0.07055129136186186,0.031219750732458498,0.0029589326656874423,2.0,0.009291178514558244,0.0,0.007969794766554574,0.002781057202696999,0.0053805524504806175,0.006207607872923997,0.015809724451979833,0.011747476820223323
0.01,0.1,10.0,5,120205,0.1,0;0.36363636;0.48484848;0.60606061;0.72727273;0.84848485;0.96969697;1.2121212;1.3333333;1.4545455;1.5757576;1.8181818;1.9393939;2.0606061;2.1818182;2.3030303;2.4242424;2.5454545;2.7878788;3.030303;3.1515152;3.2727273;3.3939394;3.5151515;3.6363636;3.7575758;4;4.1212121;4.2424242;4.3636364;4.4848485;4.6060606;4.7272727;4.8484848;4.969697;5.0909091;5.3333333;5.4545455;5.5757576;5.8181818;5.9393939;6.0606061;6.4242424;6.6666667;6.7878788;6.9090909;7.030303;7.1515152;7.2727273;7.5151515;7.6363636;7.7575758;7.8787879;8;8.1212121;8.2424242;8.3636364;8.6060606;8.7272727;9.0909091;9.3333333;9.4545455;9.5757576;9.6969697;9.8181818;9.9393939;10.060606;10.181818;10.30303;10.545455;10.666667;10.787879;10.909091;11.030303;11.151515;11.393939;11.515152;11.636364;11.757576;11.878788,0.12121212;0.24242424;1.0909091;1.6969697;2.6666667;2.9090909;3.8787879;5.2121212;5.6969697;6.1818182;6.3030303;6.5454545;7.3939394;8.4848485;8.8484848;8.969697;9.2121212;10.424242;11.272727;12,80,20,NLLS,0.009867324094920709,0.10302312603968533,1.326759050792914,3.023126039685331,0.08924126842526924,0.011999663757398122,0.7623604208883944,,0.0,0.0,,,,,,
0.01,0.1,10.0,5,120205,0.1,0;0.36363636;0.48484848;0.60606061;0.72727273;0.84848485;0.96969697;1.2121212;1.3333333;1.4545455;1.5757576;1.8181818;1.9393939;2.0606061;2.1818182;2.3030303;2.4242424;2.5454545;2.7878788;3.030303;3.1515152;3.2727273;3.3939394;3.5151515;3.6363636;3.7575758;4;4.1212121;4.2424242;4.3636364;4.4848485;4.6060606;4.7272727;4.8484848;4.969697;5.0909091;5.3333333;5.4545455;5.5757576;5.8181818;5.9393939;6.0606061;6.4242424;6.6666667;6.7878788;6.9090909;7.030303;7.1515152;7.2727273;7.5151515;7.6363636;7.7575758;7.8787879;8;8.1212121;8.2424242;8.3636364;8.6060606;8.7272727;9.0909091;9.3333333;9.4545455;9.5757576;9.6969697;9.8181818;9.9393939;10.060606;10.181818;10.30303;10.545455;10.666667;10.787879;10.909091;11.030303;11.151515;11.393939;11.515152;11.636364;11.757576;11.878788,0.12121212;0.24242424;1.0909091;1.6969697;2.6666667;2.9090909;3.8787879;5.2121212;5.6969697;6.1818182;6.3030303;6.5454545;7.3939394;8.4848485;8.8484848;8.969697;9.2121212;10.424242;11.272727;12,80,20,PINN,0.009874581651058912,0.09970292751324997,1.2541834894108872,0.2970724867500385,0.08840842322713297,0.0124432058718293,0.0030761022747832455,2.0,0.006755813877214786,0.0,0.0055134109662131805,0.009406353424065598,0.010154535913440647,0.007694654631250583,0.008138728701376672,0.01757778911653852
0.001,0.1,100.0,1,120101,0.1,0;0.12121212;0.24242424;0.36363636;0.48484848;0.60606061;0.72727273;0.84848485;0.96969697;1.0909091;1.3333333;1.4545455;1.6969697;1.8181818;1.9393939;2.0606061;2.1818182;2.3030303;2.5454545;2.6666667;2.7878788;2.9090909;3.030303;3.2727273;3.3939394;3.6363636;3.7575758;4;4.2424242;4.3636364;4.4848485;4.8484848;4.969697;5.2121212;5.3333333;5.4545455;5.5757576;5.6969697;5.8181818;5.9393939;6.0606061;6.1818182;6.3030303;6.4242424;6.5454545;6.6666667;6.7878788;6.9090909;7.1515152;7.5151515;7.6363636;7.7575758;7.8787879;8.3636364;8.4848485;8.6060606;8.7272727;8.8484848;9.0909091;9.2121212;9.3333333;9.4545455;9.5757576;9.6969697;9.8181818;10.060606;10.181818;10.30303;10.424242;10.545455;10.666667;10.787879;10.909091;11.030303;11.151515;11.393939;11.515152;11.636364;11.757576;12,1.2121212;1.5757576;2.4242424;3.1515152;3.5151515;3.8787879;4.1212121;4.6060606;4.7272727;5.0909091;7.030303;7.2727273;7.3939394;8;8.1212121;8.2424242;8.969697;9.9393939;11.272727;11.878788,80,20,NLLS,0.001014591368513155,0.10335876181085121,1.45913685131549,3.3587618108511963,0.07534808842622384,0.0025726865949063414,0.6530768556560211,,0.0,0.0,,,,,,
0.001,0.1,100.0,1,120101,0.1,0;0.12121212;0.24242424;0.36363636;0.48484848;0.60606061;0.72727273;0.84848485;0.96969697;1.0909091;1.3333333;1.4545455;1.6969697;1.8181818;1.9393939;2.0606061;2.1818182;2.3030303;2.5454545;2.6666667;2.7878788;2.9090909;3.030303;3.2727273;3.3939394;3.6363636;3.7575758;4;4.2424242;4.3636364;4.4848485;4.8484848;4.969697;5.2121212;5.3333333;5.4545455;5.5757576;5.6969697;5.8181818;5.9393939;6.0606061;6.1818182;6.3030303;6.4242424;6.5454545;6.6666667;6.7878788;6.9090909;7.1515152;7.5151515;7.6363636;7.7575758;7.8787879;8.3636364;8.4848485;8.6060606;8.7272727;8.8484848;9.0909091;9.2121212;9.3333333;9.4545455;9.5757576;9.6969697;9.8181818;10.060606;10.181818;10.30303;10.424242;10.545455;10.666667;10.787879;10.909091;11.030303;11.151515;11.393939;11.515152;11.636364;11.757576;12,1.2121212;1.5757576;2.4242424;3.1515152;3.5151515;3.8787879;4.1212121;4.6060606;4.7272727;5.0909091;7.030303;7.2727273;7.3939394;8;8.1212121;8.2424242;8.969697;9.9393939;11.272727;11.878788,80,20,PINN,0.0009242624142354407,0.08660777627207594,7.573758576455935,13.392223727924058,0.07489367578673811,0.004847605850189744,0.0024611344658425995,2.0,0.01598395739154968,0.0,0.0017458502516465636,0.001119141770110171,0.009547371430358343,0.003616834458403574,0.005344203617592322,0.004159742636004952
0.001,0.1,100.0,2,120102,0.1,0;0.12121212;0.24242424;0.36363636;0.48484848;0.60606061;0.72727273;0.96969697;1.0909091;1.2121212;1.3333333;1.4545455;1.5757576;1.6969697;1.8181818;2.0606061;2.1818182;2.3030303;2.4242424;2.5454545;2.7878788;2.9090909;3.1515152;3.2727273;3.3939394;3.6363636;3.7575758;4.1212121;4.2424242;4.3636364;4.4848485;4.7272727;4.969697;5.3333333;5.5757576;5.6969697;5.9393939;6.0606061;6.1818182;6.3030303;6.4242424;6.5454545;6.6666667;6.7878788;6.9090909;7.030303;7.2727273;7.3939394;7.5151515;7.6363636;7.7575758;7.8787879;8;8.3636364;8.4848485;8.6060606;8.7272727;8.8484848;8.969697;9.0909091;9.2121212;9.3333333;9.4545455;9.5757576;9.6969697;9.8181818;9.9393939;10.060606;10.30303;10.424242;10.545455;10.787879;10.909091;11.030303;11.151515;11.393939;11.515152;11.636364;11.878788;12,0.84848485;1.9393939;2.6666667;3.030303;3.5151515;3.8787879;4;4.6060606;4.8484848;5.0909091;5.2121212;5.4545455;5.8181818;7.1515152;8.1212121;8.2424242;10.181818;10.666667;11.272727;11.757576,80,20,NLLS,0.0009271926752732132,0.1038263232598796,7.280732472678686,3.8263232598795938,0.0908268756824641,0.01810089239291012,0.817177226747416,,0.0,0.0,,,,,,
0.001,0.1,100.0,2,120102,0.1,0;0.12121212;0.24242424;0.36363636;0.48484848;0.60606061;0.72727273;0.96969697;1.0909091;1.2121212;1.3333333;1.4545455;1.5757576;1.6969697;1.8181818;2.0606061;2.1818182;2.3030303;2.4242424;2.5454545;2.7878788;2.9090909;3.1515152;3.2727273;3.3939394;3.6363636;3.7575758;4.1212121;4.2424242;4.3636364;4.4848485;4.7272727;4.969697;5.3333333;5.5757576;5.6969697;5.9393939;6.0606061;6.1818182;6.3030303;6.4242424;6.5454545;6.6666667;6.7878788;6.9090909;7.030303;7.2727273;7.3939394;7.5151515;7.6363636;7.7575758;7.8787879;8;8.3636364;8.4848485;8.6060606;8.7272727;8.8484848;8.969697;9.0909091;9.2121212;9.3333333;9.4545455;9.5757576;9.6969697;9.8181818;9.9393939;10.060606;10.30303;10.424242;10.545455;10.787879;10.909091;11.030303;11.151515;11.393939;11.515152;11.636364;11.878788;12,0.84848485;1.9393939;2.6666667;3.030303;3.5151515;3.8787879;4;4.6060606;4.8484848;5.0909091;5.2121212;5.4545455;5.8181818;7.1515152;8.1212121;8.2424242;10.181818;10.666667;11.272727;11.757576,80,20,PINN,0.0009452862136563905,0.1073424760268028,5.471378634360957,7.342476026802802,0.09049208268703113,0.020267111580061833,0.003044744012319468,2.0,0.006907000317109917,0.0,0.0034203891902916624,0.0019903392308124605,0.005608444797541562,0.003541310782246053,0.008238528141251467,0.0020016398571960467
0.001,0.1,100.0,3,120103,0.1,0;0.12121212;0.24242424;0.36363636;0.60606061;0.72727273;0.84848485;0.96969697;1.2121212;1.3333333;1.4545455;1.6969697;1.8181818;1.9393939;2.0606061;2.1818182;2.3030303;2.4242424;2.5454545;2.6666667;2.7878788;2.9090909;3.030303;3.1515152;3.2727273;3.3939394;3.5151515;3.6363636;3.7575758;3.8787879;4;4.1212121;4.2424242;4.3636364;4.4848485;4.7272727;4.969697;5.2121212;5.5757576;5.6969697;5.8181818;5.9393939;6.1818182;6.3030303;6.4242424;6.5454545;6.7878788;6.9090909;7.030303;7.1515152;7.2727273;7.3939394;7.5151515;7.7575758;7.8787879;8;8.1212121;8.2424242;8.3636364;8.4848485;8.6060606;8.8484848;8.969697;9.0909091;9.4545455;9.5757576;9.6969697;9.8181818;10.181818;10.30303;10.424242;10.666667;10.787879;10.909091;11.030303;11.151515;11.272727;11.636364;11.757576;12,0.48484848;1.0909091;1.5757576;4.6060606;4.8484848;5.0909091;5.3333333;5.4545455;6.0606061;6.6666667;7.6363636;8.7272727;9.2121212;9.3333333;9.9393939;10.060606;10.545455;11.393939;11.515152;11.878788,80,20,NLLS,0.0010233402954233878,0.10239055295264163,2.334029542338767,2.3905529526416114,0.1065235635044014,0.0052381244240063945,1.1132097663198832,,0.0,0.0,,,,,,
0.001,0.1,100.0,3,120103,0.1,0;0.12121212;0.24242424;0.36363636;0.60606061;0.72727273;0.84848485;0.96969697;1.2121212;1.3333333;1.4545455;1.6969697;1.8181818;1.9393939;2.0606061;2.1818182;2.3030303;2.4242424;2.5454545;2.6666667;2.7878788;2.9090909;3.030303;3.1515152;3.2727273;3.3939394;3.5151515;3.6363636;3.7575758;3.8787879;4;4.1212121;4.2424242;4.3636364;4.4848485;4.7272727;4.969697;5.2121212;5.5757576;5.6969697;5.8181818;5.9393939;6.1818182;6.3030303;6.4242424;6.5454545;6.7878788;6.9090909;7.030303;7.1515152;7.2727273;7.3939394;7.5151515;7.7575758;7.8787879;8;8.1212121;8.2424242;8.3636364;8.4848485;8.6060606;8.8484848;8.969697;9.0909091;9.4545455;9.5757576;9.6969697;9.8181818;10.181818;10.30303;10.424242;10.666667;10.787879;10.909091;11.030303;11.151515;11.272727;11.636364;11.757576;12,0.48484848;1.0909091;1.5757576;4.6060606;4.8484848;5.0909091;5.3333333;5.4545455;6.0606061;6.6666667;7.6363636;8.7272727;9.2121212;9.3333333;9.9393939;10.060606;10.545455;11.393939;11.515152;11.878788,80,20,PINN,0.0009455856373676853,0.08664022875884826,5.44143626323147,13.35977124115174,0.1058592560416916,0.005098004522969396,0.004219710648109887,2.0,0.014826695084495377,0.0,0.00587570480896914,0.0010132609951604653,0.01138658112409898,0.0075172990670618126,0.004749380768817791,0.0015887527811430124
0.001,0.1,100.0,4,120104,0.1,0;0.24242424;0.48484848;0.60606061;0.72727273;0.84848485;0.96969697;1.0909091;1.2121212;1.3333333;1.4545455;1.5757576;1.6969697;1.9393939;2.1818182;2.3030303;2.4242424;2.5454545;2.6666667;2.9090909;3.1515152;3.2727273;3.3939394;3.5151515;3.6363636;3.7575758;3.8787879;4;4.1212121;4.3636364;4.4848485;4.6060606;4.969697;5.0909091;5.2121212;5.4545455;5.5757576;5.8181818;5.9393939;6.1818182;6.3030303;6.4242424;6.6666667;6.7878788;6.9090909;7.030303;7.2727273;7.3939394;7.5151515;7.6363636;7.7575758;7.8787879;8;8.1212121;8.2424242;8.3636364;8.4848485;8.6060606;8.7272727;9.0909091;9.2121212;9.4545455;9.5757576;9.6969697;9.8181818;10.060606;10.181818;10.30303;10.424242;10.545455;10.666667;10.909091;11.030303;11.151515;11.272727;11.393939;11.515152;11.636364;11.878788;12,0.12121212;0.36363636;1.8181818;2.0606061;2.7878788;3.030303;4.2424242;4.7272727;4.8484848;5.3333333;5.6969697;6.0606061;6.5454545;7.1515152;8.8484848;8.969697;9.3333333;9.9393939;10.787879;11.757576,80,20,NLLS,0.0010338711994118271,0.11065078640100724,3.3871199411827035,10.650786401007228,0.11179927503184517,0.007350873051209072,0.7382396703924465,,0.0,0.0,,,,,,
0.001,0.1,100.0,4,120104,0.1,0;0.24242424;0.48484848;0.60606061;0.72727273;0.84848485;0.96969697;1.0909091;1.2121212;1.3333333;1.4545455;1.5757576;1.6969697;1.9393939;2.1818182;2.3030303;2.4242424;2.5454545;2.6666667;2.9090909;3.1515152;3.2727273;3.3939394;3.5151515;3.6363636;3.7575758;3.8787879;4;4.1212121;4.3636364;4.4848485;4.6060606;4.969697;5.0909091;5.2121212;5.4545455;5.5757576;5.8181818;5.9393939;6.1818182;6.3030303;6.4242424;6.6666667;6.7878788;6.9090909;7.030303;7.2727273;7.3939394;7.5151515;7.6363636;7.7575758;7.8787879;8;8.1212121;8.2424242;8.3636364;8.4848485;8.6060606;8.7272727;9.0909091;9.2121212;9.4545455;9.5757576;9.6969697;9.8181818;10.060606;10.181818;10.30303;10.424242;10.545455;10.666667;10.909091;11.030303;11.151515;11.272727;11.393939;11.515152;11.636364;11.878788;12,0.12121212;0.36363636;1.8181818;2.0606061;2.7878788;3.030303;4.2424242;4.7272727;4.8484848;5.3333333;5.6969697;6.0606061;6.5454545;7.1515152;8.8484848;8.969697;9.3333333;9.9393939;10.787879;11.757576,80,20,PINN,0.0008206165491169722,0.06958023981798171,17.93834508830279,30.419760182018297,0.11219627203706364,0.013674833819069686,0.0027754988838759754,2.0,0.04404918802777137,0.0,0.007795531213100634,0.0012825139704908805,0.01019665837061571,0.0032654600626095716,0.014141726768571634,0.002406691986844561
0.001,0.1,100.0,5,120105,0.1,0;0.12121212;0.24242424;0.36363636;0.72727273;0.84848485;1.0909091;1.2121212;1.3333333;1.4545455;1.5757576;1.6969697;1.8181818;2.0606061;2.1818182;2.3030303;2.4242424;2.5454545;2.6666667;2.7878788;2.9090909;3.030303;3.1515152;3.2727273;3.3939394;3.6363636;3.7575758;3.8787879;4;4.1212121;4.3636364;4.6060606;4.7272727;4.8484848;4.969697;5.0909091;5.3333333;5.6969697;5.8181818;5.9393939;6.0606061;6.1818182;6.3030303;6.4242424;6.5454545;6.6666667;6.7878788;6.9090909;7.1515152;7.2727273;7.3939394;7.5151515;7.6363636;7.7575758;7.8787879;8;8.2424242;8.3636364;8.6060606;8.7272727;8.8484848;8.969697;9.0909091;9.2121212;9.3333333;9.5757576;9.6969697;9.8181818;9.9393939;10.060606;10.181818;10.545455;10.787879;10.909091;11.151515;11.272727;11.515152;11.636364;11.757576;12,0.48484848;0.60606061;0.96969697;1.9393939;3.5151515;4.2424242;4.4848485;5.2121212;5.4545455;5.5757576;7.030303;8.1212121;8.4848485;9.4545455;10.30303;10.424242;10.666667;11.030303;11.393939;11.878788,80,20,NLLS,0.0009434981390183945,0.10939129519310116,5.650186098160548,9.391295193101158,0.08866304376424845,0.017948638941019824,0.8472761683499661,,0.0,0.0,,,,,,
0.001,0.1,100.0,5,120105,0.1,0;0.12121212;0.24242424;0.36363636;0.72727273;0.84848485;1.0909091;1.2121212;1.3333333;1.4545455;1.5757576;1.6969697;1.8181818;2.0606061;2.1818182;2.3030303;2.4242424;2.5454545;2.6666667;2.7878788;2.9090909;3.030303;3.1515152;3.2727273;3.3939394;3.6363636;3.7575758;3.8787879;4;4.1212121;4.3636364;4.6060606;4.7272727;4.8484848;4.969697;5.0909091;5.3333333;5.6969697;5.8181818;5.9393939;6.0606061;6.1818182;6.3030303;6.4242424;6.5454545;6.6666667;6.7878788;6.9090909;7.1515152;7.2727273;7.3939394;7.5151515;7.6363636;7.7575758;7.8787879;8;8.2424242;8.3636364;8.6060606;8.7272727;8.8484848;8.969697;9.0909091;9.2121212;9.3333333;9.5757576;9.6969697;9.8181818;9.9393939;10.060606;10.181818;10.545455;10.787879;10.909091;11.151515;11.272727;11.515152;11.636364;11.757576;12,0.48484848;0.60606061;0.96969697;1.9393939;3.5151515;4.2424242;4.4848485;5.2121212;5.4545455;5.5757576;7.030303;8.1212121;8.4848485;9.4545455;10.30303;10.424242;10.666667;11.030303;11.393939;11.878788,80,20,PINN,0.0007603568468108393,0.08206833393439807,23.964315318916064,17.931666065601938,0.09671900973277793,0.02532973904594011,0.003103338061571882,2.0,0.040912928961789406,0.0,0.0070995487609086675,0.00036217806274168755,0.01068592287350575,0.0064272198984319535,0.004900178177851757,0.004459254776866676
0.0001,0.1,1000.0,1,120001,0.1,0;0.12121212;0.24242424;0.36363636;0.60606061;0.72727273;0.84848485;0.96969697;1.0909091;1.2121212;1.4545455;1.5757576;1.6969697;1.8181818;1.9393939;2.0606061;2.1818182;2.4242424;2.9090909;3.030303;3.1515152;3.2727273;3.3939394;3.5151515;3.7575758;3.8787879;4;4.1212121;4.2424242;4.3636364;4.4848485;4.7272727;4.8484848;4.969697;5.0909091;5.2121212;5.3333333;5.6969697;5.8181818;5.9393939;6.0606061;6.1818182;6.3030303;6.4242424;6.6666667;6.9090909;7.1515152;7.2727273;7.3939394;7.6363636;7.7575758;7.8787879;8.2424242;8.3636364;8.4848485;8.6060606;8.7272727;8.969697;9.0909091;9.2121212;9.3333333;9.4545455;9.5757576;9.6969697;9.8181818;10.060606;10.30303;10.424242;10.545455;10.666667;10.787879;10.909091;11.030303;11.151515;11.272727;11.515152;11.636364;11.757576;11.878788;12,0.48484848;1.3333333;2.3030303;2.5454545;2.6666667;2.7878788;3.6363636;4.6060606;5.4545455;5.5757576;6.5454545;6.7878788;7.030303;7.5151515;8;8.1212121;8.8484848;9.9393939;10.181818;11.393939,80,20,NLLS,0.00012020282757571228,0.10533997157982268,20.202827575712277,5.339971579822667,0.10906095144123393,0.008578120577106546,0.8500553550235442,,0.0,0.0,,,,,,
0.0001,0.1,1000.0,1,120001,0.1,0;0.12121212;0.24242424;0.36363636;0.60606061;0.72727273;0.84848485;0.96969697;1.0909091;1.2121212;1.4545455;1.5757576;1.6969697;1.8181818;1.9393939;2.0606061;2.1818182;2.4242424;2.9090909;3.030303;3.1515152;3.2727273;3.3939394;3.5151515;3.7575758;3.8787879;4;4.1212121;4.2424242;4.3636364;4.4848485;4.7272727;4.8484848;4.969697;5.0909091;5.2121212;5.3333333;5.6969697;5.8181818;5.9393939;6.0606061;6.1818182;6.3030303;6.4242424;6.6666667;6.9090909;7.1515152;7.2727273;7.3939394;7.6363636;7.7575758;7.8787879;8.2424242;8.3636364;8.4848485;8.6060606;8.7272727;8.969697;9.0909091;9.2121212;9.3333333;9.4545455;9.5757576;9.6969697;9.8181818;10.060606;10.30303;10.424242;10.545455;10.666667;10.787879;10.909091;11.030303;11.151515;11.272727;11.515152;11.636364;11.757576;11.878788;12,0.48484848;1.3333333;2.3030303;2.5454545;2.6666667;2.7878788;3.6363636;4.6060606;5.4545455;5.5757576;6.5454545;6.7878788;7.030303;7.5151515;8;8.1212121;8.8484848;9.9393939;10.181818;11.393939,80,20,PINN,2.9629278660813995e-05,0.009427183941515408,70.370721339186,90.57281605848459,0.10797197885061649,0.010470056179702104,0.0031451663816088175,1.0,0.023291619211896025,0.0,0.0049555822132868795,0.0009411112449465949,0.009482569178271597,0.003342949746504237,0.01052696775704502,0.0007505079084675813
0.0001,0.1,1000.0,2,120002,0.1,0;0.12121212;0.24242424;0.36363636;0.48484848;0.60606061;0.84848485;0.96969697;1.0909091;1.3333333;1.4545455;1.5757576;1.6969697;1.8181818;2.0606061;2.1818182;2.3030303;2.4242424;2.5454545;2.6666667;2.7878788;2.9090909;3.030303;3.2727273;3.5151515;3.6363636;3.7575758;3.8787879;4;4.1212121;4.2424242;4.3636364;4.4848485;4.6060606;4.7272727;4.8484848;5.3333333;5.4545455;5.5757576;5.6969697;6.0606061;6.3030303;6.4242424;6.5454545;6.6666667;6.7878788;6.9090909;7.030303;7.1515152;7.2727273;7.3939394;7.7575758;7.8787879;8;8.1212121;8.2424242;8.3636364;8.4848485;8.7272727;8.969697;9.0909091;9.2121212;9.3333333;9.5757576;9.6969697;10.060606;10.181818;10.30303;10.545455;10.666667;10.787879;10.909091;11.030303;11.151515;11.272727;11.393939;11.515152;11.636364;11.878788;12,0.72727273;1.2121212;1.9393939;3.1515152;3.3939394;4.969697;5.0909091;5.2121212;5.8181818;5.9393939;6.1818182;7.5151515;7.6363636;8.6060606;8.8484848;9.4545455;9.8181818;9.9393939;10.424242;11.757576,80,20,NLLS,0.00013200228740351165,0.11034979736062368,32.00228740351165,10.349797360623668,0.12952641220210873,0.010053708033021424,1.0706820204208651,,0.0,0.0,,,,,,
0.0001,0.1,1000.0,2,120002,0.1,0;0.12121212;0.24242424;0.36363636;0.48484848;0.60606061;0.84848485;0.96969697;1.0909091;1.3333333;1.4545455;1.5757576;1.6969697;1.8181818;2.0606061;2.1818182;2.3030303;2.4242424;2.5454545;2.6666667;2.7878788;2.9090909;3.030303;3.2727273;3.5151515;3.6363636;3.7575758;3.8787879;4;4.1212121;4.2424242;4.3636364;4.4848485;4.6060606;4.7272727;4.8484848;5.3333333;5.4545455;5.5757576;5.6969697;6.0606061;6.3030303;6.4242424;6.5454545;6.6666667;6.7878788;6.9090909;7.030303;7.1515152;7.2727273;7.3939394;7.7575758;7.8787879;8;8.1212121;8.2424242;8.3636364;8.4848485;8.7272727;8.969697;9.0909091;9.2121212;9.3333333;9.5757576;9.6969697;10.060606;10.181818;10.30303;10.545455;10.666667;10.787879;10.909091;11.030303;11.151515;11.272727;11.393939;11.515152;11.636364;11.878788;12,0.72727273;1.2121212;1.9393939;3.1515152;3.3939394;4.969697;5.0909091;5.2121212;5.8181818;5.9393939;6.1818182;7.5151515;7.6363636;8.6060606;8.8484848;9.4545455;9.8181818;9.9393939;10.424242;11.757576,80,20,PINN,4.860515286924666e-05,0.005927268042135919,51.39484713075334,94.07273195786408,0.1260792407089801,0.008766997404703335,0.004003374677847061,1.0,0.021437982852864187,0.0,0.0020909377272172046,0.000203474314438352,0.007113914207836343,0.002964079007603227,0.011258215553414982,0.0024031139529977915
0.0001,0.1,1000.0,3,120003,0.1,0;0.12121212;0.24242424;0.36363636;0.60606061;0.72727273;0.84848485;0.96969697;1.0909091;1.2121212;1.3333333;1.4545455;1.5757576;1.6969697;1.8181818;2.0606061;2.1818182;2.3030303;2.4242424;2.5454545;2.7878788;2.9090909;3.030303;3.1515152;3.2727273;3.3939394;3.7575758;3.8787879;4;4.2424242;4.3636364;4.4848485;4.6060606;4.8484848;4.969697;5.0909091;5.2121212;5.3333333;5.4545455;5.6969697;5.8181818;5.9393939;6.0606061;6.3030303;6.4242424;6.5454545;6.7878788;6.9090909;7.030303;7.1515152;7.2727273;7.5151515;7.6363636;7.8787879;8;8.1212121;8.2424242;8.3636364;8.6060606;8.7272727;8.8484848;9.0909091;9.2121212;9.3333333;9.6969697;9.8181818;9.9393939;10.060606;10.181818;10.30303;10.424242;10.545455;10.666667;11.030303;11.151515;11.272727;11.393939;11.515152;11.636364;12,0.48484848;1.9393939;2.6666667;3.5151515;3.6363636;4.1212121;4.7272727;5.5757576;6.1818182;6.6666667;7.3939394;7.7575758;8.4848485;8.969697;9.4545455;9.5757576;10.787879;10.909091;11.757576;11.878788,80,20,NLLS,0.0001911289952233016,0.1427442641340919,91.1289952233016,42.744264134091914,0.1161382255964014,0.026173999473719425,0.7966785795628206,,0.0,0.0,,,,,,
0.0001,0.1,1000.0,3,120003,0.1,0;0.12121212;0.24242424;0.36363636;0.60606061;0.72727273;0.84848485;0.96969697;1.0909091;1.2121212;1.3333333;1.4545455;1.5757576;1.6969697;1.8181818;2.0606061;2.1818182;2.3030303;2.4242424;2.5454545;2.7878788;2.9090909;3.030303;3.1515152;3.2727273;3.3939394;3.7575758;3.8787879;4;4.2424242;4.3636364;4.4848485;4.6060606;4.8484848;4.969697;5.0909091;5.2121212;5.3333333;5.4545455;5.6969697;5.8181818;5.9393939;6.0606061;6.3030303;6.4242424;6.5454545;6.7878788;6.9090909;7.030303;7.1515152;7.2727273;7.5151515;7.6363636;7.8787879;8;8.1212121;8.2424242;8.3636364;8.6060606;8.7272727;8.8484848;9.0909091;9.2121212;9.3333333;9.6969697;9.8181818;9.9393939;10.060606;10.181818;10.30303;10.424242;10.545455;10.666667;11.030303;11.151515;11.272727;11.393939;11.515152;11.636364;12,0.48484848;1.9393939;2.6666667;3.5151515;3.6363636;4.1212121;4.7272727;5.5757576;6.1818182;6.6666667;7.3939394;7.7575758;8.4848485;8.969697;9.4545455;9.5757576;10.787879;10.909091;11.757576;11.878788,80,20,PINN,3.0259265760990542e-05,0.011214756648318778,69.74073423900946,88.78524335168122,0.11384586031265195,0.03070576012796617,0.002884184054614691,1.0,0.043625324728693675,0.0,0.007270911250034758,0.0003381225626392386,0.009144278797822866,0.001574343917835604,0.0037230130642122456,0.0011355150490236152
0.0001,0.1,1000.0,4,120004,0.1,0;0.12121212;0.24242424;0.36363636;0.48484848;0.60606061;0.84848485;0.96969697;1.0909091;1.2121212;1.3333333;1.4545455;1.5757576;1.6969697;1.8181818;1.9393939;2.0606061;2.5454545;2.6666667;2.7878788;2.9090909;3.030303;3.2727273;3.3939394;3.5151515;3.6363636;3.7575758;3.8787879;4.2424242;4.3636364;4.4848485;4.6060606;4.7272727;4.969697;5.2121212;5.3333333;5.4545455;5.5757576;5.6969697;5.9393939;6.0606061;6.1818182;6.3030303;6.4242424;6.5454545;6.6666667;6.7878788;6.9090909;7.030303;7.1515152;7.3939394;7.5151515;7.6363636;7.7575758;7.8787879;8;8.2424242;8.3636364;8.4848485;8.6060606;8.969697;9.2121212;9.3333333;9.4545455;9.5757576;9.6969697;9.8181818;9.9393939;10.060606;10.181818;10.30303;10.545455;10.666667;10.787879;11.030303;11.151515;11.393939;11.515152;11.757576;12,0.72727273;2.1818182;2.3030303;2.4242424;3.1515152;4;4.1212121;4.8484848;5.0909091;5.8181818;7.2727273;8.1212121;8.7272727;8.8484848;9.0909091;10.424242;10.909091;11.272727;11.636364;11.878788,80,20,NLLS,8.694877336387426e-05,0.16992178589147944,13.051226636125735,69.92178589147943,0.09223817935456945,0.01821254922463877,1.0250644685027077,,0.0,0.0,,,,,,
0.0001,0.1,1000.0,4,120004,0.1,0;0.12121212;0.24242424;0.36363636;0.48484848;0.60606061;0.84848485;0.96969697;1.0909091;1.2121212;1.3333333;1.4545455;1.5757576;1.6969697;1.8181818;1.9393939;2.0606061;2.5454545;2.6666667;2.7878788;2.9090909;3.030303;3.2727273;3.3939394;3.5151515;3.6363636;3.7575758;3.8787879;4.2424242;4.3636364;4.4848485;4.6060606;4.7272727;4.969697;5.2121212;5.3333333;5.4545455;5.5757576;5.6969697;5.9393939;6.0606061;6.1818182;6.3030303;6.4242424;6.5454545;6.6666667;6.7878788;6.9090909;7.030303;7.1515152;7.3939394;7.5151515;7.6363636;7.7575758;7.8787879;8;8.2424242;8.3636364;8.4848485;8.6060606;8.969697;9.2121212;9.3333333;9.4545455;9.5757576;9.6969697;9.8181818;9.9393939;10.060606;10.181818;10.30303;10.545455;10.666667;10.787879;11.030303;11.151515;11.393939;11.515152;11.757576;12,0.72727273;2.1818182;2.3030303;2.4242424;3.1515152;4;4.1212121;4.8484848;5.0909091;5.8181818;7.2727273;8.1212121;8.7272727;8.8484848;9.0909091;10.424242;10.909091;11.272727;11.636364;11.878788,80,20,PINN,1.1198921302586282e-05,0.042956231676045675,88.80107869741371,57.043768323954325,0.09134763856654736,0.021827320127142107,0.003766978710491242,1.0,0.01503251179063001,0.0,0.003425723660560989,0.0009341824070686436,0.010473121402059629,0.002222492046579692,0.012103714045964126,0.0011891082422735187
0.0001,0.1,1000.0,5,120005,0.1,0;0.12121212;0.24242424;0.36363636;0.48484848;0.84848485;1.0909091;1.2121212;1.3333333;1.4545455;1.6969697;2.0606061;2.1818182;2.3030303;2.4242424;2.5454545;2.6666667;2.7878788;2.9090909;3.030303;3.1515152;3.2727273;3.3939394;3.5151515;3.6363636;3.7575758;3.8787879;4;4.1212121;4.2424242;4.3636364;4.6060606;4.7272727;4.8484848;4.969697;5.0909091;5.2121212;5.3333333;5.4545455;5.5757576;5.6969697;5.8181818;5.9393939;6.0606061;6.1818182;6.4242424;6.5454545;6.9090909;7.030303;7.1515152;7.2727273;7.3939394;7.5151515;7.8787879;8.1212121;8.3636364;8.4848485;8.6060606;8.7272727;8.969697;9.0909091;9.2121212;9.3333333;9.4545455;9.5757576;9.6969697;9.8181818;9.9393939;10.30303;10.666667;10.787879;10.909091;11.030303;11.151515;11.272727;11.393939;11.636364;11.757576;11.878788;12,0.60606061;0.72727273;0.96969697;1.5757576;1.8181818;1.9393939;4.4848485;6.3030303;6.6666667;6.7878788;7.6363636;7.7575758;8;8.2424242;8.8484848;10.060606;10.181818;10.424242;10.545455;11.515152,80,20,NLLS,0.0002082799779947801,0.21690434778738132,108.27997799478007,116.90434778738133,0.09326872670754104,0.01799087108204131,0.8314262710788871,,0.0,0.0,,,,,,
0.0001,0.1,1000.0,5,120005,0.1,0;0.12121212;0.24242424;0.36363636;0.48484848;0.84848485;1.0909091;1.2121212;1.3333333;1.4545455;1.6969697;2.0606061;2.1818182;2.3030303;2.4242424;2.5454545;2.6666667;2.7878788;2.9090909;3.030303;3.1515152;3.2727273;3.3939394;3.5151515;3.6363636;3.7575758;3.8787879;4;4.1212121;4.2424242;4.3636364;4.6060606;4.7272727;4.8484848;4.969697;5.0909091;5.2121212;5.3333333;5.4545455;5.5757576;5.6969697;5.8181818;5.9393939;6.0606061;6.1818182;6.4242424;6.5454545;6.9090909;7.030303;7.1515152;7.2727273;7.3939394;7.5151515;7.8787879;8.1212121;8.3636364;8.4848485;8.6060606;8.7272727;8.969697;9.0909091;9.2121212;9.3333333;9.4545455;9.5757576;9.6969697;9.8181818;9.9393939;10.30303;10.666667;10.787879;10.909091;11.030303;11.151515;11.272727;11.393939;11.636364;11.757576;11.878788;12,0.60606061;0.72727273;0.96969697;1.5757576;1.8181818;1.9393939;4.4848485;6.3030303;6.6666667;6.7878788;7.6363636;7.7575758;8;8.2424242;8.8484848;10.060606;10.181818;10.424242;10.545455;11.515152,80,20,PINN,0.0007989148181613676,0.5044647081439337,698.9148181613675,404.46470814393376,0.09164779918546032,0.02383263034818753,0.003129189436715753,2.0,0.03392219956105414,0.0,0.004108443571078877,0.005095127013547429,0.00928672794511487,0.007580053291809747,0.012844162051930381,0.0022096216353533044
