dataset,condition,initial_condition_scenario,initial_fraction,fold,selection_seed,train_times_h,test_times_h,n_train_observations,n_test_observations,method,D,alpha,beta,train_sse,training_objective,network_train_sse,ode_implied_train_sse,test_rmse_observed_log,ode_implied_test_rmse_log,network_to_fitted_ode_rmse_log,initial_condition_max_abs_error,selected_start_id,selected_weight_seed_index,all_RN_rmse_h-1,all_RP_rmse_h-1,selected_network_seed,network_observed_sse,network_r2,ode_implied_observed_sse,ode_implied_r2
Peyrusson,peyrusson_extracellular_oxacillin,assumed_0.1pct,0.001,0,100000,0;1;3;6;24,,15,0,NLLS,-2.1810819134648227,0.04139278496341501,0.21316755237322554,1.378790806289266,1.378790806289266,1.3787908062892658,1.3787908062892658,,,0.0,0.0,,,,,,1.3787908062892658,0.9895424256161632,1.3787908062892658,0.9895424256161632
Peyrusson,peyrusson_extracellular_oxacillin,assumed_0.1pct,0.001,0,100000,0;1;3;6;24,,15,0,NN,,,,11.709816399937333,0.7807200173237577,11.709816399937333,,,,,0.0,,,,,,11.709816399937333,0.9111857466231718,,
Peyrusson,peyrusson_extracellular_oxacillin,assumed_0.1pct,0.001,0,100000,0;1;3;6;24,,15,0,PINN,-1.0169157181904285,2.0930015498025897e-06,0.0792045215443027,13.34007653976302,0.2724592039360739,13.34007653976302,13.423881576715626,,,0.007384098385979953,0.0,0.0,0.0,0.002801006138469664,0.0013806268661668054,100000000.0,13.34007653976302,0.898820878363632,13.423881576715626,0.8981852508241428
Peyrusson,peyrusson_extracellular_oxacillin,assumed_0.1pct,0.001,1,100001,0;3;6;24,1,12,3,NLLS,-6.1013933277684815,0.13907104831848482,0.2158490977711191,1.2902827247884823,1.2902827247884823,1.2902827247884823,1.2902827247884823,1.7866458167121724,1.7866458167121724,0.0,0.0,,,,,,,,,
Peyrusson,peyrusson_extracellular_oxacillin,assumed_0.1pct,0.001,1,100001,0;3;6;24,1,12,3,NN,,,,10.373595457112575,0.8644665714058499,10.373595457112575,,1.0435354252305478,,,0.0,,,,,,,,,
Peyrusson,peyrusson_extracellular_oxacillin,assumed_0.1pct,0.001,1,100001,0;3;6;24,1,12,3,PINN,-0.9931728236882051,2.51286503330302e-06,0.07971795104277551,10.268052416508235,0.2587554138271968,10.268052416508235,10.307130256428907,1.0339586670030991,1.0365990619432144,0.00318133171662554,0.0,0.0,0.0,0.0017076138086022346,0.000800516097107627,100001000.0,,,,
Peyrusson,peyrusson_extracellular_oxacillin,assumed_0.1pct,0.001,2,100002,0;1;6;24,3,12,3,NLLS,-2.144000617684381,0.052049831763892364,0.225951535195219,1.0963431733713411,1.0963431733713411,1.0963431733713414,1.0963431733713414,0.4108022777814188,0.4108022777814188,0.0,0.0,,,,,,,,,
Peyrusson,peyrusson_extracellular_oxacillin,assumed_0.1pct,0.001,2,100002,0;1;6;24,3,12,3,NN,,,,5.375804352834325,0.4479837401660271,5.375804352834325,,1.9048543576909966,,,0.0,,,,,,,,,
Peyrusson,peyrusson_extracellular_oxacillin,assumed_0.1pct,0.001,2,100002,0;1;6;24,3,12,3,PINN,-0.8545401048832749,2.064459465094728e-06,0.08212241939787716,5.357631995180002,0.13511711799411297,5.357631995180002,5.363825858990198,1.899734846266778,1.9035354113696363,0.002165419204149958,0.0,0.0,1.0,0.0011742516608727995,0.0008060850488601265,100002001.0,,,,
Peyrusson,peyrusson_extracellular_oxacillin,assumed_0.1pct,0.001,3,100003,0;1;3;24,6,12,3,NLLS,-2.0971500803881677,0.029956177698140216,0.20187714001767018,0.21597730817029662,0.21597730817029662,0.21597730817029664,0.21597730817029664,0.6840605152013116,0.6840605152013116,0.0,0.0,,,,,,,,,
Peyrusson,peyrusson_extracellular_oxacillin,assumed_0.1pct,0.001,3,100003,0;1;3;24,6,12,3,NN,,,,2.165599224011903,0.18054967111703954,2.165599224011903,,2.243978535193949,,,0.0,,,,,,,,,
Peyrusson,peyrusson_extracellular_oxacillin,assumed_0.1pct,0.001,3,100003,0;1;3;24,6,12,3,PINN,-1.7105766756087732,2.9280262573745525e-06,0.07626684497152152,1.5181504571447848,0.0995287271370976,1.5181504571447848,1.4587250271461305,2.524690207753101,2.516645911408395,0.018592783373629195,0.0,1.0,1.0,0.009175898434055915,0.004360257381947682,100003101.0,,,,
Peyrusson,peyrusson_extracellular_oxacillin,assumed_0.1pct,0.001,4,100004,0;1;3;6,24,12,3,NLLS,-2.0833083783356416,0.02185561307265656,0.06742752198592368,1.0499886403464798,1.0499886403464798,1.0499886403464798,1.0499886403464798,2.7670493863349086,2.7670493863349086,0.0,0.0,,,,,,,,,
Peyrusson,peyrusson_extracellular_oxacillin,assumed_0.1pct,0.001,4,100004,0;1;3;6,24,12,3,NN,,,,1.8687920843439247,0.1557576975726515,1.8687920843439247,,10.135033187370881,,,0.0,,,,,,,,,
Peyrusson,peyrusson_extracellular_oxacillin,assumed_0.1pct,0.001,4,100004,0;1;3;6,24,12,3,PINN,-0.965534387900185,1.2040029007884034e-06,0.5280566593488928,14.436899492281993,0.3611944158519685,14.436899492281993,14.44646422529995,9.999736373135175,10.001283041022104,0.0018632830942066304,0.0,0.0,0.0,0.0006373652630636123,0.0002291855920100279,100004000.0,,,,
Umetani,ampicillin,assumed_0.1pct,0.001,0,80000,0;0.333333333333;0.666666666667;1;1.5;2;2.5;3;4;5;6;7,,60,0,NLLS,-4.5394056361234245,1.0000001972245477e-08,1.407854947779028,65.24483223491292,65.24483223491292,65.24483223491293,65.24483223491293,,,0.0,0.0,,,,,,65.24483223491293,0.9545640915771918,65.24483223491293,0.9545640915771918
Umetani,ampicillin,assumed_0.1pct,0.001,0,80000,0;0.333333333333;0.666666666667;1;1.5;2;2.5;3;4;5;6;7,,60,0,NN,,,,63.50715650594667,1.0584562312378645,63.50715650594667,,,,,0.0,,,,,,63.50715650594667,0.9557741931681588,,
Umetani,ampicillin,assumed_0.1pct,0.001,0,80000,0;0.333333333333;0.666666666667;1;1.5;2;2.5;3;4;5;6;7,,60,0,PINN,-4.464992551680554,9.640977648673578e-05,1.4237728863841204,65.46018812616448,0.3398735382806726,65.46018812616448,65.61599496284549,,,0.006194485564367525,0.0,1.0,1.0,0.014342972086406398,0.006970456235204153,80000101.0,65.46018812616448,0.9544141196910202,65.61599496284549,0.9543056172254518
Umetani,ampicillin,assumed_0.1pct,0.001,1,80001,0;0.666666666667;1;1.5;2;2.5;4;5;6;7,0.333333333333;3,49,11,NLLS,-4.49010151028685,2.1789430002871394e-08,1.400690157175555,57.74578355004895,57.74578355004895,57.74578355004894,57.74578355004894,0.8314464861687011,0.8314464861687011,0.0,0.0,,,,,,,,,
Umetani,ampicillin,assumed_0.1pct,0.001,1,80001,0;0.666666666667;1;1.5;2;2.5;4;5;6;7,0.333333333333;3,49,11,NN,,,,56.09135653952873,1.1447238224515057,56.09135653952873,,0.8253617062162187,,,0.0,,,,,,,,,
Umetani,ampicillin,assumed_0.1pct,0.001,1,80001,0;0.666666666667;1;1.5;2;2.5;4;5;6;7,0.333333333333;3,49,11,PINN,-5.64239936960999,1.7075472245587475e-05,1.3294789573278976,77.20364730132006,0.5039620900552434,77.20364730132006,78.42771209199589,0.7445622464498697,0.7474513507452092,0.017390272376056472,0.0,2.0,0.0,0.014074329571587899,0.02101472130447217,80001200.0,,,,
Umetani,ampicillin,assumed_0.1pct,0.001,2,80002,0;0.333333333333;0.666666666667;1;1.5;2.5;3;4;6;7,2;5,51,9,NLLS,-4.673283914468894,1.0000000015708875e-08,1.375751740052298,54.68650443229911,54.68650443229911,54.68650443229911,54.68650443229911,1.1200618779089804,1.1200618779089804,0.0,0.0,,,,,,,,,
Umetani,ampicillin,assumed_0.1pct,0.001,2,80002,0;0.333333333333;0.666666666667;1;1.5;2.5;3;4;6;7,2;5,51,9,NN,,,,53.331038712885125,1.0457162511182363,53.331038712885125,,1.0712583731304213,,,0.0,,,,,,,,,
Umetani,ampicillin,assumed_0.1pct,0.001,2,80002,0;0.333333333333;0.666666666667;1;1.5;2.5;3;4;6;7,2;5,51,9,PINN,-4.681751285546895,6.608175970723495e-05,1.381060748739408,54.57186921358003,0.33252156581685877,54.57186921358003,54.813023132554505,1.1189910504837999,1.1192164804964142,0.005637010743285378,0.0,1.0,1.0,0.013435560982378482,0.0071155644220518375,80002101.0,,,,
Umetani,ampicillin,assumed_0.1pct,0.001,3,80003,0;0.333333333333;0.666666666667;1;2.5;3;4;5;6;7,1.5;2,48,12,NLLS,-5.365850533646491,1.0000030929547237e-08,1.393327950434377,46.70460588810148,46.70460588810148,46.70460588810148,46.70460588810148,1.6032821910320487,1.6032821910320487,0.0,0.0,,,,,,,,,
Umetani,ampicillin,assumed_0.1pct,0.001,3,80003,0;0.333333333333;0.666666666667;1;2.5;3;4;5;6;7,1.5;2,48,12,NN,,,,49.96838972836371,1.0410479696224035,49.96838972836371,,1.0642866495016676,,,0.0,,,,,,,,,
Umetani,ampicillin,assumed_0.1pct,0.001,3,80003,0;0.333333333333;0.666666666667;1;2.5;3;4;5;6;7,1.5;2,48,12,PINN,-5.055559153271193,7.457908713081258e-05,1.399050136021056,47.41238460102597,0.3126677515279455,47.41238460102597,47.64071027948964,1.3859339058346856,1.3859678902928818,0.013215780743145347,0.0,1.0,0.0,0.01693747859403952,0.006614661224333029,80003100.0,,,,
Umetani,ampicillin,assumed_0.1pct,0.001,4,80004,0;0.333333333333;0.666666666667;1;2;2.5;3;5;6;7,1.5;4,48,12,NLLS,-5.102042072975256,0.000522376851634461,1.3498186209094118,45.56834399513166,45.56834399513166,45.56834399513167,45.56834399513167,1.5142168042900461,1.5142168042900461,0.0,0.0,,,,,,,,,
Umetani,ampicillin,assumed_0.1pct,0.001,4,80004,0;0.333333333333;0.666666666667;1;2;2.5;3;5;6;7,1.5;4,48,12,NN,,,,46.990516428306314,0.9789837721050425,46.990516428306314,,1.2302366611563815,,,0.0,,,,,,,,,
Umetani,ampicillin,assumed_0.1pct,0.001,4,80004,0;0.333333333333;0.666666666667;1;2;2.5;3;5;6;7,1.5;4,48,12,PINN,-6.019603628891758,2.7081950281018696e-06,1.25905507433745,51.97936522974318,0.3402209883413822,51.97936522974318,52.16742437616486,1.9540485834293668,1.9547554316025202,0.0037803145773202033,0.0,0.0,0.0,0.016638383792821333,0.005989602433600191,80004000.0,,,,
Umetani,ampicillin,assumed_0.1pct,0.001,5,80005,0;0.333333333333;0.666666666667;1.5;2.5;3;4;5;6;7,1;2,48,12,NLLS,-4.610005467799492,1.0000010590437126e-08,1.4084642753291918,54.401192982006165,54.401192982006165,54.401192982006165,54.401192982006165,0.9564502421381232,0.9564502421381232,0.0,0.0,,,,,,,,,
Umetani,ampicillin,assumed_0.1pct,0.001,5,80005,0;0.333333333333;0.666666666667;1.5;2.5;3;4;5;6;7,1;2,48,12,NN,,,,52.78059078377972,1.0996034740875773,52.78059078377972,,0.9570171424079779,,,0.0,,,,,,,,,
Umetani,ampicillin,assumed_0.1pct,0.001,5,80005,0;0.333333333333;0.666666666667;1.5;2.5;3;4;5;6;7,1;2,48,12,PINN,-4.867264664802551,1.9253482545011767e-07,1.366034613580215,54.9386020137216,0.452177782570187,54.9386020137216,55.72556601996901,1.0058656422972623,1.0079651089582917,0.0213575306856368,0.0,3.0,1.0,0.04543049815343023,0.012256105222230602,80005301.0,,,,
Umetani,ampicillin,assumed_0.1pct,0.001,6,80006,0;0.333333333333;0.666666666667;1.5;2;2.5;3;4;5;6,1;7,51,9,NLLS,-4.40969962355529,2.2598529958167983e-08,1.5036094319361315,50.96285342266946,50.96285342266946,50.96285342266946,50.96285342266946,1.4266521072763818,1.4266521072763818,0.0,0.0,,,,,,,,,
Umetani,ampicillin,assumed_0.1pct,0.001,6,80006,0;0.333333333333;0.666666666667;1.5;2;2.5;3;4;5;6,1;7,51,9,NN,,,,50.26549247328225,0.9855999787960168,50.26549247328225,,1.3693390545018334,,,0.0,,,,,,,,,
Umetani,ampicillin,assumed_0.1pct,0.001,6,80006,0;0.333333333333;0.666666666667;1.5;2;2.5;3;4;5;6,1;7,51,9,PINN,-4.423455787655177,6.38501470170535e-05,1.5071135080304967,51.00982606063445,0.3026381599258452,51.00982606063445,51.013793563445326,1.4256355162248446,1.4259718333250033,0.0018111386392627663,0.0,1.0,0.0,0.004803242820904889,0.0052187360968866505,80006100.0,,,,
Umetani,ampicillin,assumed_0.1pct,0.001,7,80007,0;0.333333333333;0.666666666667;1;1.5;2.5;3;4;6;7,2;5,51,9,NLLS,-4.673283914468894,1.0000000015708875e-08,1.375751740052298,54.68650443229911,54.68650443229911,54.68650443229911,54.68650443229911,1.1200618779089804,1.1200618779089804,0.0,0.0,,,,,,,,,
Umetani,ampicillin,assumed_0.1pct,0.001,7,80007,0;0.333333333333;0.666666666667;1;1.5;2.5;3;4;6;7,2;5,51,9,NN,,,,53.36733398021672,1.0464281700542517,53.36733398021672,,1.070864435544579,,,0.0,,,,,,,,,
Umetani,ampicillin,assumed_0.1pct,0.001,7,80007,0;0.333333333333;0.666666666667;1;1.5;2.5;3;4;6;7,2;5,51,9,PINN,-5.240815697250267,2.8010266657460395e-06,1.319598025530994,59.839535380219836,0.36466331496018967,59.839535380219836,60.225546832654615,1.3126087572880243,1.3151450584621434,0.011105877011352452,0.0,0.0,1.0,0.015422129940399827,0.004540759283067315,80007001.0,,,,
Umetani,ampicillin,assumed_0.1pct,0.001,8,80008,0;0.333333333333;0.666666666667;1.5;2;2.5;3;4;5;6,1;7,51,9,NLLS,-4.40969962355529,2.2598529958167983e-08,1.5036094319361315,50.96285342266946,50.96285342266946,50.96285342266946,50.96285342266946,1.4266521072763818,1.4266521072763818,0.0,0.0,,,,,,,,,
Umetani,ampicillin,assumed_0.1pct,0.001,8,80008,0;0.333333333333;0.666666666667;1.5;2;2.5;3;4;5;6,1;7,51,9,NN,,,,50.28541163158711,0.9859903517438159,50.28541163158711,,1.3704459702870941,,,0.0,,,,,,,,,
Umetani,ampicillin,assumed_0.1pct,0.001,8,80008,0;0.333333333333;0.666666666667;1.5;2;2.5;3;4;5;6,1;7,51,9,PINN,-4.4095279292546286,9.882697534366151e-05,1.5145887700074134,51.04836089578204,0.3062477020754956,51.04836089578204,51.042424032258054,1.444405332599215,1.4452258946341352,0.003129978218377951,0.0,1.0,0.0,0.00825514167229605,0.0070866414636394665,80008100.0,,,,
Umetani,ampicillin,assumed_0.1pct,0.001,9,80009,0;0.666666666667;1;2;2.5;3;4;5;6;7,0.333333333333;1.5,49,11,NLLS,-4.874051266849444,1.0000000137856856e-08,1.394419079130274,55.13746633404849,55.13746633404849,55.1374663340485,55.1374663340485,1.0691290996313592,1.0691290996313592,0.0,0.0,,,,,,,,,
Umetani,ampicillin,assumed_0.1pct,0.001,9,80009,0;0.666666666667;1;2;2.5;3;4;5;6;7,0.333333333333;1.5,49,11,NN,,,,54.64365457914175,1.1151864046869064,54.64365457914175,,0.8897349999986555,,,0.0,,,,,,,,,
Umetani,ampicillin,assumed_0.1pct,0.001,9,80009,0;0.666666666667;1;2;2.5;3;4;5;6;7,0.333333333333;1.5,49,11,PINN,-5.782739918838857,0.0001178623083675168,1.385950823698156,59.92425000369184,0.3865719268342776,59.92425000369184,60.218826299756955,1.5928546962404762,1.5940148804297982,0.006416386046486182,0.0,2.0,0.0,0.011675715784252971,0.015796354615541096,80009200.0,,,,
Umetani,ampicillin,assumed_0.1pct,0.001,10,80010,0;0.333333333333;0.666666666667;1;1.5;2;2.5;3;5;7,4;6,50,10,NLLS,-4.561884834370973,1.000367515672963e-08,1.3463552391523215,50.54084117785398,50.54084117785398,50.54084117785397,50.54084117785397,1.2804768799228947,1.2804768799228947,0.0,0.0,,,,,,,,,
Umetani,ampicillin,assumed_0.1pct,0.001,10,80010,0;0.333333333333;0.666666666667;1;1.5;2;2.5;3;5;7,4;6,50,10,NN,,,,50.01401995539284,1.0002833220485203,50.01401995539284,,1.2198561478532888,,,0.0,,,,,,,,,
Umetani,ampicillin,assumed_0.1pct,0.001,10,80010,0;0.333333333333;0.666666666667;1;1.5;2;2.5;3;5;7,4;6,50,10,PINN,-6.527636979444881,0.0002281996260815871,1.2473262480279834,89.09484435112603,0.553446450588659,89.09484435112603,89.57551135070698,1.5052763362675592,1.4979664670320503,0.008975237202945062,0.0,2.0,1.0,0.010637357604234217,0.01622432780101022,80010201.0,,,,
Umetani,ampicillin,classification_anchor,1.5908037919303823e-05,0,81000,0;0.333333333333;0.666666666667;1;1.5;2;2.5;3;4;5;6;7,,60,0,NLLS,-4.174069111541773,0.00016758712718108375,0.8760220165446873,58.35623958131517,58.35623958131517,58.35623958131517,58.35623958131517,,,0.0,0.0,,,,,,58.35623958131517,0.9593612449186854,58.35623958131517,0.9593612449186854
Umetani,ampicillin,classification_anchor,1.5908037919303823e-05,0,81000,0;0.333333333333;0.666666666667;1;1.5;2;2.5;3;4;5;6;7,,60,0,NN,,,,59.55500195767079,0.9925834004430395,59.55500195767079,,,,,0.0,,,,,,59.55500195767079,0.9585264376904792,,
Umetani,ampicillin,classification_anchor,1.5908037919303823e-05,0,81000,0;0.333333333333;0.666666666667;1;1.5;2;2.5;3;4;5;6;7,,60,0,PINN,-4.023913896500038,6.052069474600023e-06,0.6340306787890829,59.20663720232451,0.3021874560465082,59.20663720232451,59.322941521050865,,,0.005811857497083826,0.0,1.0,0.0,0.010033823358936425,0.00496017139712011,81000100.0,59.20663720232451,0.9587690357412284,59.322941521050865,0.9586880424702855
Umetani,ampicillin,classification_anchor,1.5908037919303823e-05,1,81001,0;0.666666666667;1;1.5;2;2.5;4;5;6;7,0.333333333333;3,49,11,NLLS,-4.17923869343535,8.88748285353715e-08,0.6180588311071225,46.94836917130324,46.94836917130324,46.94836917130324,46.94836917130324,1.108923092802552,1.108923092802552,0.0,0.0,,,,,,,,,
Umetani,ampicillin,classification_anchor,1.5908037919303823e-05,1,81001,0;0.666666666667;1;1.5;2;2.5;4;5;6;7,0.333333333333;3,49,11,NN,,,,46.98473121069317,0.9588721646526849,46.98473121069317,,1.1201545295477449,,,0.0,,,,,,,,,
Umetani,ampicillin,classification_anchor,1.5908037919303823e-05,1,81001,0;0.666666666667;1;1.5;2;2.5;4;5;6;7,0.333333333333;3,49,11,PINN,-4.167709161719549,5.378494730231245e-06,0.6371955181134786,46.966443596558996,0.29126161529922034,46.966443596558996,46.96986945456386,1.09270925068026,1.0928158865181044,0.003664516873532222,0.0,1.0,0.0,0.0077753592566101645,0.0037345305583365114,81001100.0,,,,
Umetani,ampicillin,classification_anchor,1.5908037919303823e-05,2,81002,0;0.333333333333;0.666666666667;1;1.5;2.5;3;4;6;7,2;5,51,9,NLLS,-4.362614109831582,0.00040828530760604864,0.9770609848504292,49.12524504403664,49.12524504403664,49.12524504403664,49.12524504403664,1.0795271187230837,1.0795271187230837,0.0,0.0,,,,,,,,,
Umetani,ampicillin,classification_anchor,1.5908037919303823e-05,2,81002,0;0.333333333333;0.666666666667;1;1.5;2.5;3;4;6;7,2;5,51,9,NN,,,,51.62978753166794,1.012348908808384,51.62978753166794,,0.9510228048003906,,,0.0,,,,,,,,,
Umetani,ampicillin,classification_anchor,1.5908037919303823e-05,2,81002,0;0.333333333333;0.666666666667;1;1.5;2.5;3;4;6;7,2;5,51,9,PINN,-3.992301721083468,9.014409020908249e-07,0.6012185977587505,51.224486291934355,0.30956720421455164,51.224486291934355,51.49337984888839,0.9550054629810705,0.9573179237787498,0.007545142962356538,0.0,1.0,1.0,0.012301114020571558,0.003980970481896896,81002101.0,,,,
Umetani,ampicillin,classification_anchor,1.5908037919303823e-05,3,81003,0;0.333333333333;0.666666666667;1;2.5;3;4;5;6;7,1.5;2,48,12,NLLS,-5.229544303208781,0.00121951658624514,1.1499361596129485,43.28926015205812,43.28926015205812,43.28926015205811,43.28926015205811,1.7750967573336096,1.7750967573336096,0.0,0.0,,,,,,,,,
Umetani,ampicillin,classification_anchor,1.5908037919303823e-05,3,81003,0;0.333333333333;0.666666666667;1;2.5;3;4;5;6;7,1.5;2,48,12,NN,,,,49.89786044649827,1.0395390992051075,49.89786044649827,,0.902178937781239,,,0.0,,,,,,,,,
Umetani,ampicillin,classification_anchor,1.5908037919303823e-05,3,81003,0;0.333333333333;0.666666666667;1;2.5;3;4;5;6;7,1.5;2,48,12,PINN,-4.08960768014693,2.2988888299490067e-05,0.6677401743858236,49.12918415123285,0.3146949460214284,49.12918415123285,49.28738188203782,0.898079247902446,0.8978373975071372,0.005952071703698685,0.0,1.0,1.0,0.010727660485082509,0.006379529495261129,81003101.0,,,,
Umetani,ampicillin,classification_anchor,1.5908037919303823e-05,4,81004,0;0.333333333333;0.666666666667;1;2;2.5;3;5;6;7,1.5;4,48,12,NLLS,-5.097023769426082,0.004212024722890009,1.35105817110544,45.56834319830955,45.56834319830955,45.56834319830955,45.56834319830955,1.514221036921946,1.514221036921946,0.0,0.0,,,,,,,,,
Umetani,ampicillin,classification_anchor,1.5908037919303823e-05,4,81004,0;0.333333333333;0.666666666667;1;2;2.5;3;5;6;7,1.5;4,48,12,NN,,,,53.20940229162267,1.1085292655107606,53.20940229162267,,0.7282176527323577,,,0.0,,,,,,,,,
Umetani,ampicillin,classification_anchor,1.5908037919303823e-05,4,81004,0;0.333333333333;0.666666666667;1;2;2.5;3;5;6;7,1.5;4,48,12,PINN,-4.0808459892179,3.310806795349501e-05,0.6867404779577062,52.17052246323497,0.3338914382121771,52.17052246323497,52.365433042000745,0.7369168529437036,0.73700604652976,0.005003889054293574,0.0,1.0,0.0,0.009706829929984681,0.00802047500183685,81004100.0,,,,
Umetani,ampicillin,classification_anchor,1.5908037919303823e-05,5,81005,0;0.333333333333;0.666666666667;1.5;2.5;3;4;5;6;7,1;2,48,12,NLLS,-3.989251775146627,3.310505882844518e-05,0.7077070341194737,46.05800229129526,46.05800229129526,46.05800229129526,46.05800229129526,1.0590047171197245,1.0590047171197245,0.0,0.0,,,,,,,,,
Umetani,ampicillin,classification_anchor,1.5908037919303823e-05,5,81005,0;0.333333333333;0.666666666667;1.5;2.5;3;4;5;6;7,1;2,48,12,NN,,,,46.261540960185414,0.9637821932662304,46.261540960185414,,1.0904757643178866,,,0.0,,,,,,,,,
Umetani,ampicillin,classification_anchor,1.5908037919303823e-05,5,81005,0;0.333333333333;0.666666666667;1.5;2.5;3;4;5;6;7,1;2,48,12,PINN,-3.9658782225559777,1.2185644546344722e-05,0.6508048218455509,46.08454592069049,0.2939371889408711,46.08454592069049,46.09925013338608,1.0707814280771117,1.0721310927244918,0.004380405136254231,0.0,1.0,1.0,0.008993178522820765,0.006152994415231024,81005101.0,,,,
Umetani,ampicillin,classification_anchor,1.5908037919303823e-05,6,81006,0;0.333333333333;0.666666666667;1.5;2;2.5;3;4;5;6,1;7,51,9,NLLS,-4.168617931024191,0.00045910225981624233,1.1122557884984374,49.16459967462203,49.16459967462203,49.16459967462203,49.16459967462203,1.1325230343410044,1.1325230343410044,0.0,0.0,,,,,,,,,
Umetani,ampicillin,classification_anchor,1.5908037919303823e-05,6,81006,0;0.333333333333;0.666666666667;1.5;2;2.5;3;4;5;6,1;7,51,9,NN,,,,50.91797106430895,0.9983916573146023,50.91797106430895,,1.000936522036381,,,0.0,,,,,,,,,
Umetani,ampicillin,classification_anchor,1.5908037919303823e-05,6,81006,0;0.333333333333;0.666666666667;1.5;2;2.5;3;4;5;6,1;7,51,9,PINN,-4.002479663877677,6.1166373546772365e-06,0.645289060059222,50.53494276062756,0.3018322736224048,50.53494276062756,50.584544377174716,0.9935258039134259,0.9967521729569664,0.007157188760157406,0.0,1.0,1.0,0.008672742081588896,0.004194231756208418,81006101.0,,,,
Umetani,ampicillin,classification_anchor,1.5908037919303823e-05,7,81007,0;0.333333333333;0.666666666667;1;1.5;2.5;3;4;6;7,2;5,51,9,NLLS,-4.362614109831582,0.00040828530760604864,0.9770609848504292,49.12524504403664,49.12524504403664,49.12524504403664,49.12524504403664,1.0795271187230837,1.0795271187230837,0.0,0.0,,,,,,,,,
Umetani,ampicillin,classification_anchor,1.5908037919303823e-05,7,81007,0;0.333333333333;0.666666666667;1;1.5;2.5;3;4;6;7,2;5,51,9,NN,,,,51.63027672782238,1.0123585207955128,51.63027672782238,,0.9511005668293396,,,0.0,,,,,,,,,
Umetani,ampicillin,classification_anchor,1.5908037919303823e-05,7,81007,0;0.333333333333;0.666666666667;1;1.5;2.5;3;4;6;7,2;5,51,9,PINN,-4.077379918082236,2.191843598506327e-05,0.6741594680726544,50.81372823319238,0.3067915790232325,50.81372823319238,51.038766983692234,0.9384871527174774,0.937767614553842,0.0065802130161517714,0.0,1.0,1.0,0.010872065091446628,0.006437299348727038,81007101.0,,,,
Umetani,ampicillin,classification_anchor,1.5908037919303823e-05,8,81008,0;0.333333333333;0.666666666667;1.5;2;2.5;3;4;5;6,1;7,51,9,NLLS,-4.168617931024191,0.00045910225981624233,1.1122557884984374,49.16459967462203,49.16459967462203,49.16459967462203,49.16459967462203,1.1325230343410044,1.1325230343410044,0.0,0.0,,,,,,,,,
Umetani,ampicillin,classification_anchor,1.5908037919303823e-05,8,81008,0;0.333333333333;0.666666666667;1.5;2;2.5;3;4;5;6,1;7,51,9,NN,,,,50.91211953205768,0.9982768959387093,50.91211953205768,,1.0008417434336645,,,0.0,,,,,,,,,
Umetani,ampicillin,classification_anchor,1.5908037919303823e-05,8,81008,0;0.333333333333;0.666666666667;1.5;2;2.5;3;4;5;6,1;7,51,9,PINN,-3.9946313893478425,3.904809869442971e-06,0.6483418341565231,50.56149040562556,0.302552415797561,50.56149040562556,50.628880275377384,1.00320296283554,1.0064487384429364,0.005532557428078831,0.0,1.0,1.0,0.00937747687835189,0.004058734099526754,81008101.0,,,,
Umetani,ampicillin,classification_anchor,1.5908037919303823e-05,9,81009,0;0.666666666667;1;2;2.5;3;4;5;6;7,0.333333333333;1.5,49,11,NLLS,-4.22487591946775,0.00022054008397026265,0.9141964240782658,50.74271319236606,50.74271319236606,50.742713192366054,50.742713192366054,0.83586020099845,0.83586020099845,0.0,0.0,,,,,,,,,
Umetani,ampicillin,classification_anchor,1.5908037919303823e-05,9,81009,0;0.666666666667;1;2;2.5;3;4;5;6;7,0.333333333333;1.5,49,11,NN,,,,51.97132658270646,1.0606394137373298,51.97132658270646,,0.833339245630577,,,0.0,,,,,,,,,
Umetani,ampicillin,classification_anchor,1.5908037919303823e-05,9,81009,0;0.666666666667;1;2;2.5;3;4;5;6;7,0.333333333333;1.5,49,11,PINN,-4.054767364326549,2.037081204121592e-05,0.6752205388584416,51.31825648691705,0.3233090458709987,51.31825648691705,51.43138733606657,0.8296798949057105,0.8304670568017655,0.005313169544255116,0.0,1.0,1.0,0.009829157777428113,0.009371934073244624,81009101.0,,,,
Umetani,ampicillin,classification_anchor,1.5908037919303823e-05,10,81010,0;0.333333333333;0.666666666667;1;1.5;2;2.5;3;5;7,4;6,50,10,NLLS,-4.378930326580349,0.0010615022281252348,1.1364478689600188,49.36278743739072,49.36278743739072,49.362787437390715,49.362787437390715,1.1202846847062002,1.1202846847062002,0.0,0.0,,,,,,,,,
Umetani,ampicillin,classification_anchor,1.5908037919303823e-05,10,81010,0;0.333333333333;0.666666666667;1;1.5;2;2.5;3;5;7,4;6,50,10,NN,,,,53.45853571505442,1.0691707516591682,53.45853571505442,,0.7814958937593004,,,0.0,,,,,,,,,
Umetani,ampicillin,classification_anchor,1.5908037919303823e-05,10,81010,0;0.333333333333;0.666666666667;1;1.5;2;2.5;3;5;7,4;6,50,10,PINN,-4.053044295392044,1.201985092153828e-05,0.64200929951925,52.844996152051756,0.3215366795285026,52.844996152051756,53.02762874204793,0.7813588690734165,0.7815207523732048,0.0046713605896723425,0.0,1.0,1.0,0.007982248088584382,0.005180269422641172,81010101.0,,,,
Umetani,ciprofloxacin,assumed_0.1pct,0.001,0,70000,0;0.333333333333;0.666666666667;1;1.5;2;2.5;3;4;5;6;7,,36,0,NLLS,-4.525389050500972,1.000000000000151e-08,0.5441107577449953,14.151400910926832,14.151400910926832,14.15140091092683,14.15140091092683,,,0.0,0.0,,,,,,14.15140091092683,0.9649383884608693,14.15140091092683,0.9649383884608693
Umetani,ciprofloxacin,assumed_0.1pct,0.001,0,70000,0;0.333333333333;0.666666666667;1;1.5;2;2.5;3;4;5;6;7,,36,0,NN,,,,14.543208992677187,0.40399141867023247,14.543208992677187,,,,,0.0,,,,,,14.543208992677187,0.963967641971056,,
Umetani,ciprofloxacin,assumed_0.1pct,0.001,0,70000,0;0.333333333333;0.666666666667;1;1.5;2;2.5;3;4;5;6;7,,36,0,PINN,-6.109993978070472,8.94123936451592e-06,0.5367122422393573,25.66971927486212,0.24969237019527055,25.66971927486212,25.476563512542956,,,0.026036009701770894,0.0,2.0,0.0,0.025590013033653557,0.008494890008062058,70000200.0,25.66971927486212,0.9364005209661744,25.476563512542956,0.9368790850565855
Umetani,ciprofloxacin,assumed_0.1pct,0.001,1,70001,0;0.666666666667;1;1.5;2;2.5;4;5;6;7,0.333333333333;3,30,6,NLLS,-4.486200241417354,1.0000000000101199e-08,0.544448277378907,12.556140937801239,12.556140937801239,12.556140937801237,12.556140937801237,0.5174708873763042,0.5174708873763042,0.0,0.0,,,,,,,,,
Umetani,ciprofloxacin,assumed_0.1pct,0.001,1,70001,0;0.666666666667;1;1.5;2;2.5;4;5;6;7,0.333333333333;3,30,6,NN,,,,12.607618916788612,0.4202635083938197,12.607618916788612,,0.5434901075348997,,,0.0,,,,,,,,,
Umetani,ciprofloxacin,assumed_0.1pct,0.001,1,70001,0;0.666666666667;1;1.5;2;2.5;4;5;6;7,0.333333333333;3,30,6,PINN,-4.699315439133398,3.1542274601010793e-06,0.5156813945460647,13.011163430230475,0.1482536285516566,13.011163430230475,13.091154942900177,0.5024459557158836,0.5033940979451246,0.013349154731035305,0.0,0.0,1.0,0.017662604240271683,0.007590083216864028,70001001.0,,,,
Umetani,ciprofloxacin,assumed_0.1pct,0.001,2,70002,0;0.333333333333;0.666666666667;1;1.5;2.5;3;4;6;7,2;5,30,6,NLLS,-4.63319476424072,1.00000000079236e-08,0.5291749572229726,9.959311978088477,9.959311978088477,9.959311978088477,9.959311978088477,0.8503632236000132,0.8503632236000132,0.0,0.0,,,,,,,,,
Umetani,ciprofloxacin,assumed_0.1pct,0.001,2,70002,0;0.333333333333;0.666666666667;1;1.5;2.5;3;4;6;7,2;5,30,6,NN,,,,10.255036414842206,0.3418532271958897,10.255036414842206,,0.8118386055082314,,,0.0,,,,,,,,,
Umetani,ciprofloxacin,assumed_0.1pct,0.001,2,70002,0;0.333333333333;0.666666666667;1;1.5;2.5;3;4;6;7,2;5,30,6,PINN,-6.117696666324374,0.00014938229350460334,0.5540373962583591,20.698316499714497,0.27847780517076737,20.698316499714497,20.614563009164677,0.9060007482178424,0.9166649532809663,0.023735794220315694,0.0,2.0,1.0,0.025788472740307808,0.02754300515338083,70002201.0,,,,
Umetani,ciprofloxacin,assumed_0.1pct,0.001,3,70003,0;0.333333333333;0.666666666667;1;2.5;3;4;5;6;7,1.5;2,30,6,NLLS,-4.797394982113271,1.0000000118450335e-08,0.5482879746105724,10.407767625764333,10.407767625764333,10.407767625764333,10.407767625764333,0.8430996711862645,0.8430996711862645,0.0,0.0,,,,,,,,,
Umetani,ciprofloxacin,assumed_0.1pct,0.001,3,70003,0;0.333333333333;0.666666666667;1;2.5;3;4;5;6;7,1.5;2,30,6,NN,,,,11.991576109138215,0.3997527578146201,11.991576109138215,,0.7148034909916243,,,0.0,,,,,,,,,
Umetani,ciprofloxacin,assumed_0.1pct,0.001,3,70003,0;0.333333333333;0.666666666667;1;2.5;3;4;5;6;7,1.5;2,30,6,PINN,-4.61382761687481,3.111098875671298e-06,0.555264663365937,10.482918530261708,0.11300665887754253,10.482918530261708,10.571935143251988,0.7875008254728459,0.7850707953801515,0.006499046460148719,0.0,0.0,0.0,0.011910515965632359,0.004927602093158705,70003000.0,,,,
Umetani,ciprofloxacin,assumed_0.1pct,0.001,4,70004,0;0.333333333333;0.666666666667;1;2;2.5;3;5;6;7,1.5;4,30,6,NLLS,-4.649828760855808,1.000000000111962e-08,0.5217765056609412,11.559710049657093,11.559710049657093,11.559710049657095,11.559710049657095,0.6899277833553332,0.6899277833553332,0.0,0.0,,,,,,,,,
Umetani,ciprofloxacin,assumed_0.1pct,0.001,4,70004,0;0.333333333333;0.666666666667;1;2;2.5;3;5;6;7,1.5;4,30,6,NN,,,,12.466439205263924,0.41556593801438474,12.466439205263924,,0.6664091939832842,,,0.0,,,,,,,,,
Umetani,ciprofloxacin,assumed_0.1pct,0.001,4,70004,0;0.333333333333;0.666666666667;1;2;2.5;3;5;6;7,1.5;4,30,6,PINN,-4.394276440020641,0.00011579465292350272,0.5280058078008039,11.853276456518422,0.131216879053562,11.853276456518422,11.895911007941859,0.6671155764314901,0.6720149407777269,0.009642736420783076,0.0,1.0,1.0,0.010159512890588435,0.012267896246405632,70004101.0,,,,
Umetani,ciprofloxacin,assumed_0.1pct,0.001,5,70005,0;0.333333333333;0.666666666667;1.5;2.5;3;4;5;6;7,1;2,30,6,NLLS,-4.716733653680441,1.0000000257347729e-08,0.547669191321187,10.185249443749328,10.185249443749328,10.185249443749326,10.185249443749326,0.8400710513892024,0.8400710513892024,0.0,0.0,,,,,,,,,
Umetani,ciprofloxacin,assumed_0.1pct,0.001,5,70005,0;0.333333333333;0.666666666667;1.5;2.5;3;4;5;6;7,1;2,30,6,NN,,,,11.075062391122056,0.36919422896298276,11.075062391122056,,0.7763486210912636,,,0.0,,,,,,,,,
Umetani,ciprofloxacin,assumed_0.1pct,0.001,5,70005,0;0.333333333333;0.666666666667;1.5;2.5;3;4;5;6;7,1;2,30,6,PINN,-4.422360367955726,0.0001093505447372831,0.5588016599165768,10.722769892643736,0.11492204004238087,10.722769892643736,10.701463356718463,0.7750240831765122,0.7776196332022736,0.006202626635447194,0.0,1.0,1.0,0.009980388260438984,0.0075067189610389185,70005101.0,,,,
Umetani,ciprofloxacin,assumed_0.1pct,0.001,6,70006,0;0.333333333333;0.666666666667;1.5;2;2.5;3;4;5;6,1;7,30,6,NLLS,-4.4828194253282945,1.2078639409273645e-05,0.6013725575946487,9.742112117029857,9.742112117029857,9.742112117029858,9.742112117029858,0.9688953921544803,0.9688953921544803,0.0,0.0,,,,,,,,,
Umetani,ciprofloxacin,assumed_0.1pct,0.001,6,70006,0;0.333333333333;0.666666666667;1.5;2;2.5;3;4;5;6,1;7,30,6,NN,,,,10.257960905268632,0.3419432594729379,10.257960905268632,,0.9798482347575509,,,0.0,,,,,,,,,
Umetani,ciprofloxacin,assumed_0.1pct,0.001,6,70006,0;0.333333333333;0.666666666667;1.5;2;2.5;3;4;5;6,1;7,30,6,PINN,-5.421539755534539,8.37137883226492e-05,0.742889558413605,17.740351691782752,0.21643589850687267,17.740351691782752,19.02928664834737,1.6435932874581645,1.6819804178880775,0.06842589547192142,0.0,2.0,1.0,0.015236332312053773,0.02359543517957152,70006201.0,,,,
Umetani,ciprofloxacin,assumed_0.1pct,0.001,7,70007,0;0.333333333333;0.666666666667;1;1.5;2.5;3;4;6;7,2;5,30,6,NLLS,-4.63319476424072,1.00000000079236e-08,0.5291749572229726,9.959311978088477,9.959311978088477,9.959311978088477,9.959311978088477,0.8503632236000132,0.8503632236000132,0.0,0.0,,,,,,,,,
Umetani,ciprofloxacin,assumed_0.1pct,0.001,7,70007,0;0.333333333333;0.666666666667;1;1.5;2.5;3;4;6;7,2;5,30,6,NN,,,,10.257254586603535,0.34192725559627085,10.257254586603535,,0.8117741638952535,,,0.0,,,,,,,,,
Umetani,ciprofloxacin,assumed_0.1pct,0.001,7,70007,0;0.333333333333;0.666666666667;1;1.5;2.5;3;4;6;7,2;5,30,6,PINN,-4.125965381061147,9.159973854491293e-05,0.5526276777078303,12.083038275067926,0.16634418027599107,12.083038275067926,12.215416090450699,0.7510707892478209,0.7530609649169245,0.008543177883080545,0.0,1.0,1.0,0.02865268628171772,0.0101141050032267,70007101.0,,,,
Umetani,ciprofloxacin,assumed_0.1pct,0.001,8,70008,0;0.333333333333;0.666666666667;1.5;2;2.5;3;4;5;6,1;7,30,6,NLLS,-4.4828194253282945,1.2078639409273645e-05,0.6013725575946487,9.742112117029857,9.742112117029857,9.742112117029858,9.742112117029858,0.9688953921544803,0.9688953921544803,0.0,0.0,,,,,,,,,
Umetani,ciprofloxacin,assumed_0.1pct,0.001,8,70008,0;0.333333333333;0.666666666667;1.5;2;2.5;3;4;5;6,1;7,30,6,NN,,,,10.314228624838123,0.34381989379498684,10.314228624838123,,0.9836679124037271,,,0.0,,,,,,,,,
Umetani,ciprofloxacin,assumed_0.1pct,0.001,8,70008,0;0.333333333333;0.666666666667;1.5;2;2.5;3;4;5;6,1;7,30,6,PINN,-6.215971010624765,7.119042765293363e-05,0.5957086422671328,16.154499457973696,0.1916286365460281,16.154499457973696,16.216008535380876,1.44558600988523,1.4444173115414747,0.011478786036907072,0.0,2.0,0.0,0.020910785369210445,0.01281380113898062,70008200.0,,,,
Umetani,ciprofloxacin,assumed_0.1pct,0.001,9,70009,0;0.666666666667;1;2;2.5;3;4;5;6;7,0.333333333333;1.5,30,6,NLLS,-4.57152498683873,1.0000000366148807e-08,0.5438593056404993,11.868470610814907,11.868470610814907,11.868470610814908,11.868470610814908,0.6189104529474602,0.6189104529474602,0.0,0.0,,,,,,,,,
Umetani,ciprofloxacin,assumed_0.1pct,0.001,9,70009,0;0.666666666667;1;2;2.5;3;4;5;6;7,0.333333333333;1.5,30,6,NN,,,,12.498685883189777,0.4166386122143307,12.498685883189777,,0.6950883801162001,,,0.0,,,,,,,,,
Umetani,ciprofloxacin,assumed_0.1pct,0.001,9,70009,0;0.666666666667;1;2;2.5;3;4;5;6;7,0.333333333333;1.5,30,6,PINN,-6.001441252378752,6.306259212693622e-06,0.508467278954673,18.71757413985534,0.22751102754704372,18.71757413985534,18.570240498787413,0.9710757755481714,0.9726229561154429,0.008499292342792892,0.0,2.0,0.0,0.025008803132974575,0.013849756593035174,70009200.0,,,,
Umetani,ciprofloxacin,assumed_0.1pct,0.001,10,70010,0;0.333333333333;0.666666666667;1;1.5;2;2.5;3;5;7,4;6,30,6,NLLS,-4.54093197981839,1.0001584867219331e-08,0.5172335963448739,11.85482681364856,11.85482681364856,11.85482681364856,11.85482681364856,0.6547702319423137,0.6547702319423137,0.0,0.0,,,,,,,,,
Umetani,ciprofloxacin,assumed_0.1pct,0.001,10,70010,0;0.333333333333;0.666666666667;1;1.5;2;2.5;3;5;7,4;6,30,6,NN,,,,12.144800554402048,0.40483823468060365,12.144800554402048,,0.6268090871617238,,,0.0,,,,,,,,,
Umetani,ciprofloxacin,assumed_0.1pct,0.001,10,70010,0;0.333333333333;0.666666666667;1;1.5;2;2.5;3;5;7,4;6,30,6,PINN,-4.176334634196506,9.691005187402929e-05,0.5403107681478897,12.912644553206418,0.15664421949535376,12.912644553206418,13.03752516724941,0.620972013806011,0.6228834645167967,0.008299891508459768,0.0,1.0,0.0,0.022720805530908786,0.006700446612311196,70010100.0,,,,
Umetani,ciprofloxacin,classification_anchor,0.00016165371753033532,0,71000,0;0.333333333333;0.666666666667;1;1.5;2;2.5;3;4;5;6;7,,36,0,NLLS,-4.342937610435784,0.0014714448808773955,0.4199542833907455,13.462223868587701,13.462223868587701,13.462223868587701,13.462223868587701,,,0.0,0.0,,,,,,13.462223868587701,0.9666458984022719,13.462223868587701,0.9666458984022719
Umetani,ciprofloxacin,classification_anchor,0.00016165371753033532,0,71000,0;0.333333333333;0.666666666667;1;1.5;2;2.5;3;4;5;6;7,,36,0,NN,,,,15.651104770145766,0.4347562099659323,15.651104770145766,,,,,0.0,,,,,,15.651104770145766,0.9612227115136444,,
Umetani,ciprofloxacin,classification_anchor,0.00016165371753033532,0,71000,0;0.333333333333;0.666666666667;1;1.5;2;2.5;3;4;5;6;7,,36,0,PINN,-3.961901371288551,3.176538593399441e-05,0.21066158751860253,15.453500019915072,0.1348074975091247,15.453500019915072,15.477314335592586,,,0.0051049210800839205,0.0,1.0,0.0,0.009463753586507764,0.005664971474969423,71000100.0,15.453500019915072,0.9617122984481453,15.477314335592586,0.9616532959302596
Umetani,ciprofloxacin,classification_anchor,0.00016165371753033532,1,71001,0;0.666666666667;1;1.5;2;2.5;4;5;6;7,0.333333333333;3,30,6,NLLS,-4.179619284834048,0.0006052738422911121,0.32931999500039555,11.342215093825557,11.342215093825557,11.342215093825557,11.342215093825557,0.6552873990893306,0.6552873990893306,0.0,0.0,,,,,,,,,
Umetani,ciprofloxacin,classification_anchor,0.00016165371753033532,1,71001,0;0.666666666667;1;1.5;2;2.5;4;5;6;7,0.333333333333;3,30,6,NN,,,,11.707786447991134,0.3902609778279501,11.707786447991134,,0.8186487495058709,,,0.0,,,,,,,,,
Umetani,ciprofloxacin,classification_anchor,0.00016165371753033532,1,71001,0;0.666666666667;1;1.5;2;2.5;4;5;6;7,0.333333333333;3,30,6,PINN,-3.972428380082508,1.9111980622966103e-05,0.2063321806706511,11.630459272615628,0.12439471770214994,11.630459272615628,11.714004851810524,0.7926845875498083,0.7934811377108494,0.0062131683532144835,0.0,1.0,1.0,0.01136646364542657,0.005984027641246711,71001101.0,,,,
Umetani,ciprofloxacin,classification_anchor,0.00016165371753033532,2,71002,0;0.333333333333;0.666666666667;1;1.5;2.5;3;4;6;7,2;5,30,6,NLLS,-4.49863842495578,0.0009838268970220733,0.3462853025851144,8.348078866213095,8.348078866213095,8.348078866213095,8.348078866213095,0.9832718481748525,0.9832718481748525,0.0,0.0,,,,,,,,,
Umetani,ciprofloxacin,classification_anchor,0.00016165371753033532,2,71002,0;0.333333333333;0.666666666667;1;1.5;2.5;3;4;6;7,2;5,30,6,NN,,,,10.438046552263513,0.34794946326608733,10.438046552263513,,0.9429473204372819,,,0.0,,,,,,,,,
Umetani,ciprofloxacin,classification_anchor,0.00016165371753033532,2,71002,0;0.333333333333;0.666666666667;1;1.5;2.5;3;4;6;7,2;5,30,6,PINN,-4.169517733219808,8.150499053247234e-06,0.16871896750518933,10.197178060204468,0.10984849230740892,10.197178060204468,10.279813327843666,0.9472968026889551,0.9455441904383621,0.004545314463108334,0.0,1.0,0.0,0.01056064437951118,0.0069783764268071605,71002100.0,,,,
Umetani,ciprofloxacin,classification_anchor,0.00016165371753033532,3,71003,0;0.333333333333;0.666666666667;1;2.5;3;4;5;6;7,1.5;2,30,6,NLLS,-4.721547442555011,0.0009640362413995193,0.35459015145231326,8.53403870234565,8.53403870234565,8.534038702345649,8.534038702345649,1.085708585306743,1.085708585306743,0.0,0.0,,,,,,,,,
Umetani,ciprofloxacin,classification_anchor,0.00016165371753033532,3,71003,0;0.333333333333;0.666666666667;1;2.5;3;4;5;6;7,1.5;2,30,6,NN,,,,11.879196916221781,0.39599559602262197,11.879196916221781,,0.8057634822312906,,,0.0,,,,,,,,,
Umetani,ciprofloxacin,classification_anchor,0.00016165371753033532,3,71003,0;0.333333333333;0.666666666667;1;2.5;3;4;5;6;7,1.5;2,30,6,PINN,-4.072591966067337,1.0862718696711283e-05,0.2040562721994865,11.029612712209948,0.12018510143295966,11.029612712209948,11.14449895303593,0.8459140421403464,0.8455272469107331,0.007400708635923069,0.0,1.0,0.0,0.010797380571024936,0.009100711714766518,71003100.0,,,,
Umetani,ciprofloxacin,classification_anchor,0.00016165371753033532,4,71004,0;0.333333333333;0.666666666667;1;2;2.5;3;5;6;7,1.5;4,30,6,NLLS,-4.538975833197536,0.002356822634102286,0.4634653914793813,11.381197228753944,11.381197228753944,11.381197228753944,11.381197228753944,0.6418641505279655,0.6418641505279655,0.0,0.0,,,,,,,,,
Umetani,ciprofloxacin,classification_anchor,0.00016165371753033532,4,71004,0;0.333333333333;0.666666666667;1;2;2.5;3;5;6;7,1.5;4,30,6,NN,,,,14.175666915094055,0.47252519890508926,14.175666915094055,,0.5743957617583945,,,0.0,,,,,,,,,
Umetani,ciprofloxacin,classification_anchor,0.00016165371753033532,4,71004,0;0.333333333333;0.666666666667;1;2;2.5;3;5;6;7,1.5;4,30,6,PINN,-3.896005632980922,7.704610435802688e-05,0.20985831075433647,13.694852104094485,0.14500246656127308,13.694852104094485,13.71823580759699,0.5626007880592252,0.5614915914246474,0.0027393792689119466,0.0,1.0,1.0,0.010795129788013374,0.006663363932289718,71004101.0,,,,
Umetani,ciprofloxacin,classification_anchor,0.00016165371753033532,5,71005,0;0.333333333333;0.666666666667;1.5;2.5;3;4;5;6;7,1;2,30,6,NLLS,-4.509173943821481,0.0009413227331081196,0.35870305333205005,8.539291901355655,8.539291901355655,8.539291901355654,8.539291901355654,0.9750978056136629,0.9750978056136629,0.0,0.0,,,,,,,,,
Umetani,ciprofloxacin,classification_anchor,0.00016165371753033532,5,71005,0;0.333333333333;0.666666666667;1.5;2.5;3;4;5;6;7,1;2,30,6,NN,,,,10.731958739625787,0.3577477835585236,10.731958739625787,,0.8986557332797298,,,0.0,,,,,,,,,
Umetani,ciprofloxacin,classification_anchor,0.00016165371753033532,5,71005,0;0.333333333333;0.666666666667;1.5;2.5;3;4;5;6;7,1;2,30,6,PINN,-4.107803134936926,2.1977623246205258e-05,0.19616131282181629,10.151002344163505,0.1114017466763922,10.151002344163505,10.23024686537486,0.9225736569478714,0.9226954363609597,0.006004088622261977,0.0,1.0,0.0,0.01223526128547903,0.007187020332506322,71005100.0,,,,
Umetani,ciprofloxacin,classification_anchor,0.00016165371753033532,6,71006,0;0.333333333333;0.666666666667;1.5;2;2.5;3;4;5;6,1;7,30,6,NLLS,-4.479017792136456,0.003265943636318367,0.601865986724203,9.742112124088024,9.742112124088024,9.742112124088026,9.742112124088026,0.968882407661257,0.968882407661257,0.0,0.0,,,,,,,,,
Umetani,ciprofloxacin,classification_anchor,0.00016165371753033532,6,71006,0;0.333333333333;0.666666666667;1.5;2;2.5;3;4;5;6,1;7,30,6,NN,,,,12.795823758184847,0.4265297095381401,12.795823758184847,,0.7291484759623653,,,0.0,,,,,,,,,
Umetani,ciprofloxacin,classification_anchor,0.00016165371753033532,6,71006,0;0.333333333333;0.666666666667;1.5;2;2.5;3;4;5;6,1;7,30,6,PINN,-3.921286163775804,9.894873490820722e-07,0.20864673131442826,12.548936220431955,0.13013147507869607,12.548936220431955,12.622808453921554,0.725221831329385,0.7286077807776027,0.005112509667052408,0.0,1.0,0.0,0.008241098905579114,0.005160721631785796,71006100.0,,,,
Umetani,ciprofloxacin,classification_anchor,0.00016165371753033532,7,71007,0;0.333333333333;0.666666666667;1;1.5;2.5;3;4;6;7,2;5,30,6,NLLS,-4.49863842495578,0.0009838268970220733,0.3462853025851144,8.348078866213095,8.348078866213095,8.348078866213095,8.348078866213095,0.9832718481748525,0.9832718481748525,0.0,0.0,,,,,,,,,
Umetani,ciprofloxacin,classification_anchor,0.00016165371753033532,7,71007,0;0.333333333333;0.666666666667;1;1.5;2.5;3;4;6;7,2;5,30,6,NN,,,,10.376481371199926,0.3458958180483331,10.376481371199926,,0.9528658816277071,,,0.0,,,,,,,,,
Umetani,ciprofloxacin,classification_anchor,0.00016165371753033532,7,71007,0;0.333333333333;0.666666666667;1;1.5;2.5;3;4;6;7,2;5,30,6,PINN,-4.182859628688983,5.186677753660792e-06,0.16722817006128995,10.151081381332304,0.10768789988035343,10.151081381332304,10.23798940024801,0.9552420301967889,0.9544786146519577,0.008474184622864069,0.0,1.0,1.0,0.010173347704921683,0.004644589854375851,71007101.0,,,,
Umetani,ciprofloxacin,classification_anchor,0.00016165371753033532,8,71008,0;0.333333333333;0.666666666667;1.5;2;2.5;3;4;5;6,1;7,30,6,NLLS,-4.479017792136456,0.003265943636318367,0.601865986724203,9.742112124088024,9.742112124088024,9.742112124088026,9.742112124088026,0.968882407661257,0.968882407661257,0.0,0.0,,,,,,,,,
Umetani,ciprofloxacin,classification_anchor,0.00016165371753033532,8,71008,0;0.333333333333;0.666666666667;1.5;2;2.5;3;4;5;6,1;7,30,6,NN,,,,12.787612776357433,0.426255992153788,12.787612776357433,,0.7291093258305194,,,0.0,,,,,,,,,
Umetani,ciprofloxacin,classification_anchor,0.00016165371753033532,8,71008,0;0.333333333333;0.666666666667;1.5;2;2.5;3;4;5;6,1;7,30,6,PINN,-3.965135217360265,2.819396471039781e-06,0.19829294057775557,12.525511906509573,0.1264413032920054,12.525511906509573,12.581547225753916,0.7021766741255575,0.7040144464576612,0.0030712821469425985,0.0,1.0,0.0,0.00425672224698394,0.002452173848898566,71008100.0,,,,
Umetani,ciprofloxacin,classification_anchor,0.00016165371753033532,9,71009,0;0.666666666667;1;2;2.5;3;4;5;6;7,0.333333333333;1.5,30,6,NLLS,-4.278958586135926,0.0013161471028278221,0.4076016010359498,11.123860289788643,11.123860289788643,11.123860289788645,11.123860289788645,0.6279351189217662,0.6279351189217662,0.0,0.0,,,,,,,,,
Umetani,ciprofloxacin,classification_anchor,0.00016165371753033532,9,71009,0;0.666666666667;1;2;2.5;3;4;5;6;7,0.333333333333;1.5,30,6,NN,,,,12.648346030683399,0.42161412186103436,12.648346030683399,,0.7950794979960671,,,0.0,,,,,,,,,
Umetani,ciprofloxacin,classification_anchor,0.00016165371753033532,9,71009,0;0.666666666667;1;2;2.5;3;4;5;6;7,0.333333333333;1.5,30,6,PINN,-3.8334064785462263,2.4462995411512298e-05,0.1997232301823561,12.444283924442892,0.1267779445559814,12.444283924442892,12.451815806583642,0.7837891557068781,0.7858258151435725,0.002348111519394047,0.0,1.0,0.0,0.004823319920706055,0.004862388317637299,71009100.0,,,,
Umetani,ciprofloxacin,classification_anchor,0.00016165371753033532,10,71010,0;0.333333333333;0.666666666667;1;1.5;2;2.5;3;5;7,4;6,30,6,NLLS,-4.4253797942514135,0.002057948222311786,0.43889327086842317,11.591603183317213,11.591603183317213,11.591603183317211,11.591603183317211,0.6117403253749164,0.6117403253749164,0.0,0.0,,,,,,,,,
Umetani,ciprofloxacin,classification_anchor,0.00016165371753033532,10,71010,0;0.333333333333;0.666666666667;1;1.5;2;2.5;3;5;7,4;6,30,6,NN,,,,14.383494419018458,0.479452006751336,14.383494419018458,,0.47999204218616065,,,0.0,,,,,,,,,
Umetani,ciprofloxacin,classification_anchor,0.00016165371753033532,10,71010,0;0.333333333333;0.666666666667;1;1.5;2;2.5;3;5;7,4;6,30,6,PINN,-4.005795594868387,3.4712731651615322e-06,0.1755646278229564,14.16884365351566,0.14596161502648763,14.16884365351566,14.27854231086741,0.4557904304611087,0.4536572024240957,0.005600283814663206,0.0,1.0,1.0,0.00843873924729462,0.003978597577611581,71010101.0,,,,
