dataset,condition,initial_condition_scenario,initial_fraction,fold,selection_seed,train_times_h,test_times_h,n_train_observations,n_test_observations,start_id,weight_seed_index,network_seed,initial_D_abs,initial_alpha,initial_beta,alpha,beta,D,training_objective,network_to_fitted_ode_rmse_log,all_RN_rmse_h-1,all_RP_rmse_h-1,selected
Peyrusson,peyrusson_extracellular_oxacillin,assumed_0.1pct,0.001,0,100000,0;1;3;6;24,,15,0,0,0,100000000,2.0,1e-05,0.05,2.0930015498025897e-06,0.0792045215443027,-1.0169157181904285,0.2724592039360739,0.007384098385979953,0.002801006138469664,0.0013806268661668054,True
Peyrusson,peyrusson_extracellular_oxacillin,assumed_0.1pct,0.001,0,100000,0;1;3;6;24,,15,0,0,1,100000001,2.0,1e-05,0.05,1.0626651935359141e-09,0.2839140056798368,-0.4122620152550434,1.2028443008569676,0.010736808709189865,0.0015271455594841946,8.406413597038268e-06,False
Peyrusson,peyrusson_extracellular_oxacillin,assumed_0.1pct,0.001,0,100000,0;1;3;6;24,,15,0,1,0,100000100,5.0,0.001,0.5,0.00012296321302515909,0.056169738260205763,-2.0865673375466187,0.6838738578675693,0.018038569166471518,0.012462326488033899,0.012819611217614681,False
Peyrusson,peyrusson_extracellular_oxacillin,assumed_0.1pct,0.001,0,100000,0;1;3;6;24,,15,0,1,1,100000101,5.0,0.001,0.5,5.335090169976404e-05,0.4630539241383508,-0.41016679860670785,1.203452887222463,2.6294462892650025e-08,2.440238290723625e-09,2.6998619749339825e-07,False
Peyrusson,peyrusson_extracellular_oxacillin,assumed_0.1pct,0.001,0,100000,0;1;3;6;24,,15,0,2,0,100000200,10.0,0.05,2.0,2.1593125138290627e-05,0.10131622134822528,-0.7947786275393671,0.4024420794603889,0.01574536427989489,0.0049864465032433865,0.003868780566998843,False
Peyrusson,peyrusson_extracellular_oxacillin,assumed_0.1pct,0.001,0,100000,0;1;3;6;24,,15,0,2,1,100000201,10.0,0.05,2.0,1.4051819998393046e-05,0.12211525281748843,-0.5445405863103028,0.8986398673975247,0.03582897656847937,0.012400934080104464,0.003991994215576185,False
Peyrusson,peyrusson_extracellular_oxacillin,assumed_0.1pct,0.001,0,100000,0;1;3;6;24,,15,0,3,0,100000300,20.0,0.5,10.0,1e-10,1.0002186354147009e-10,-1.058066594430635,0.4528452257458651,0.05949077893964692,0.002000530623917127,0.004246811109957774,False
Peyrusson,peyrusson_extracellular_oxacillin,assumed_0.1pct,0.001,0,100000,0;1;3;6;24,,15,0,3,1,100000301,20.0,0.5,10.0,1.9224506602212348e-10,0.1258639499214459,-0.4707269862221243,1.092040300198279,0.040803949210372094,0.007967784332121922,0.0126407865728836,False
Umetani,ampicillin,assumed_0.1pct,0.001,0,80000,0;0.333333333333;0.666666666667;1;1.5;2;2.5;3;4;5;6;7,,60,0,0,0,80000000,2.0,1e-05,0.05,2.7888488632920745e-06,1.3112552290617094,-5.623162011555908,0.47506281246392695,0.025482635744375638,0.021168174736495966,0.025974464489537788,False
Umetani,ampicillin,assumed_0.1pct,0.001,0,80000,0;0.333333333333;0.666666666667;1;1.5;2;2.5;3;4;5;6;7,,60,0,0,1,80000001,2.0,1e-05,0.05,2.7594881255096733e-06,1.2817414530164737,-5.8030873157331815,0.49760304477985035,0.01652861734618411,0.02906496306115859,0.01055732179944027,False
Umetani,ampicillin,assumed_0.1pct,0.001,0,80000,0;0.333333333333;0.666666666667;1;1.5;2;2.5;3;4;5;6;7,,60,0,1,0,80000100,5.0,0.001,0.5,0.0002794011641172424,3.151331782331344,-2.8750903271093895,1.6110002731587438,1.3422521590119655e-05,1.3342686431990754e-07,3.917955417752818e-06,False
Umetani,ampicillin,assumed_0.1pct,0.001,0,80000,0;0.333333333333;0.666666666667;1;1.5;2;2.5;3;4;5;6;7,,60,0,1,1,80000101,5.0,0.001,0.5,9.640977648673578e-05,1.4237728863841204,-4.464992551680554,0.3398735382806726,0.006194485564367525,0.014342972086406398,0.006970456235204153,True
Umetani,ampicillin,assumed_0.1pct,0.001,0,80000,0;0.333333333333;0.666666666667;1;1.5;2;2.5;3;4;5;6;7,,60,0,2,0,80000200,10.0,0.05,2.0,0.00014673957269815965,1.3528620097089525,-6.290498598722728,0.5323461959497274,0.009423664047985442,0.012536000908961002,0.018928413157155446,False
Umetani,ampicillin,assumed_0.1pct,0.001,0,80000,0;0.333333333333;0.666666666667;1;1.5;2;2.5;3;4;5;6;7,,60,0,2,1,80000201,10.0,0.05,2.0,0.00015956608721375386,1.32808511447331,-6.415757376684922,0.5537998295678416,0.011650416049527311,0.019294344752859037,0.014610270640473069,False
Umetani,ampicillin,assumed_0.1pct,0.001,0,80000,0;0.333333333333;0.666666666667;1;1.5;2;2.5;3;4;5;6;7,,60,0,3,0,80000300,20.0,0.5,10.0,1.7112861711958993e-08,1.584246243975363,-4.048019134972088,0.6439287130845568,0.09276982839346663,0.06558716032817381,0.019633432455172226,False
Umetani,ampicillin,assumed_0.1pct,0.001,0,80000,0;0.333333333333;0.666666666667;1;1.5;2;2.5;3;4;5;6;7,,60,0,3,1,80000301,20.0,0.5,10.0,1.5930223318181028e-06,1.5047024061590648,-3.9257110642192594,0.6945340035374676,0.052517208640338736,0.07901789993762912,0.007031932933452153,False
Umetani,ampicillin,classification_anchor,1.5908037919303823e-05,0,81000,0;0.333333333333;0.666666666667;1;1.5;2;2.5;3;4;5;6;7,,60,0,0,0,81000000,2.0,1e-05,0.05,3.45277124939577e-07,0.0010522417116797147,-3.9368455597304477,1.116789144324668,0.1297150002817139,0.0346990045117455,0.031066361732487276,False
Umetani,ampicillin,classification_anchor,1.5908037919303823e-05,0,81000,0;0.333333333333;0.666666666667;1;1.5;2;2.5;3;4;5;6;7,,60,0,0,1,81000001,2.0,1e-05,0.05,2.5143501839601e-06,0.05634015470416012,-4.168596605827692,0.9334369650451492,0.11171995538708152,0.018221211004606348,0.02780197803421709,False
Umetani,ampicillin,classification_anchor,1.5908037919303823e-05,0,81000,0;0.333333333333;0.666666666667;1;1.5;2;2.5;3;4;5;6;7,,60,0,1,0,81000100,5.0,0.001,0.5,6.052069474600023e-06,0.6340306787890829,-4.023913896500038,0.3021874560465082,0.005811857497083826,0.010033823358936425,0.00496017139712011,True
Umetani,ampicillin,classification_anchor,1.5908037919303823e-05,0,81000,0;0.333333333333;0.666666666667;1;1.5;2;2.5;3;4;5;6;7,,60,0,1,1,81000101,5.0,0.001,0.5,6.735415994336738e-06,0.6453225226981087,-4.009225820475726,0.3061904175674888,0.006431020300654522,0.012165567740765574,0.006751659141424755,False
Umetani,ampicillin,classification_anchor,1.5908037919303823e-05,0,81000,0;0.333333333333;0.666666666667;1;1.5;2;2.5;3;4;5;6;7,,60,0,2,0,81000200,10.0,0.05,2.0,3.9064030721116225e-06,0.5466841689649907,-4.401617381336811,0.4993161085834298,0.025159534106736568,0.04862479526587328,0.03033996521183179,False
Umetani,ampicillin,classification_anchor,1.5908037919303823e-05,0,81000,0;0.333333333333;0.666666666667;1;1.5;2;2.5;3;4;5;6;7,,60,0,2,1,81000201,10.0,0.05,2.0,1.9260055131182352e-10,0.7492471320988963,-3.6811445324570764,0.4505393396332799,0.027135223784477906,0.0399768196451721,0.004448847422856284,False
Umetani,ampicillin,classification_anchor,1.5908037919303823e-05,0,81000,0;0.333333333333;0.666666666667;1;1.5;2;2.5;3;4;5;6;7,,60,0,3,0,81000300,20.0,0.5,10.0,1.006635125758787e-10,2.3145612774827633,-5.790023240401639,17.21963907835344,0.6190212396139344,0.37042362104571747,0.24497070125442574,False
Umetani,ampicillin,classification_anchor,1.5908037919303823e-05,0,81000,0;0.333333333333;0.666666666667;1;1.5;2;2.5;3;4;5;6;7,,60,0,3,1,81000301,20.0,0.5,10.0,1.2367477907730078e-10,1.128928992235417,-8.55498345945277,55.622734392590516,1.4315707388694188,0.48548995856672983,0.9174016319113139,False
Umetani,ciprofloxacin,assumed_0.1pct,0.001,0,70000,0;0.333333333333;0.666666666667;1;1.5;2;2.5;3;4;5;6;7,,36,0,0,0,70000000,2.0,1e-05,0.05,1.0000000024048922e-10,1e-10,-4.755804707465501,1.0094560400670862,0.15669172009676707,0.005672270165437197,0.03666934775044261,False
Umetani,ciprofloxacin,assumed_0.1pct,0.001,0,70000,0;0.333333333333;0.666666666667;1;1.5;2;2.5;3;4;5;6;7,,36,0,0,1,70000001,2.0,1e-05,0.05,3.0597163657132797e-06,0.0806448928956362,-4.520157487917589,0.8066535385729767,0.11405968650197472,0.02683831144694145,0.028232060148347362,False
Umetani,ciprofloxacin,assumed_0.1pct,0.001,0,70000,0;0.333333333333;0.666666666667;1;1.5;2;2.5;3;4;5;6;7,,36,0,1,0,70000100,5.0,0.001,0.5,0.00024969160110128254,0.8247420846424967,-2.680205400594683,0.9604233765402599,0.0623221586452536,0.0587765897686868,0.04178461073651503,False
Umetani,ciprofloxacin,assumed_0.1pct,0.001,0,70000,0;0.333333333333;0.666666666667;1;1.5;2;2.5;3;4;5;6;7,,36,0,1,1,70000101,5.0,0.001,0.5,0.0002514683049397402,0.7572243978363433,-2.6051818775187607,0.9085885841542057,0.01342664606700621,0.042258816198893434,0.04149686021571062,False
Umetani,ciprofloxacin,assumed_0.1pct,0.001,0,70000,0;0.333333333333;0.666666666667;1;1.5;2;2.5;3;4;5;6;7,,36,0,2,0,70000200,10.0,0.05,2.0,8.94123936451592e-06,0.5367122422393573,-6.109993978070472,0.24969237019527055,0.026036009701770894,0.025590013033653557,0.008494890008062058,True
Umetani,ciprofloxacin,assumed_0.1pct,0.001,0,70000,0;0.333333333333;0.666666666667;1;1.5;2;2.5;3;4;5;6;7,,36,0,2,1,70000201,10.0,0.05,2.0,0.00010676962060484412,0.5017308068835151,-6.351814602144836,0.25084915557874743,0.009641469402005817,0.015627796983321077,0.007950123338604797,False
Umetani,ciprofloxacin,assumed_0.1pct,0.001,0,70000,0;0.333333333333;0.666666666667;1;1.5;2;2.5;3;4;5;6;7,,36,0,3,0,70000300,20.0,0.5,10.0,2.841910580531949e-08,0.6033480181324499,-4.822420286453907,0.5878092842868354,0.062408384991595636,0.09289724453013264,0.02248340635942878,False
Umetani,ciprofloxacin,assumed_0.1pct,0.001,0,70000,0;0.333333333333;0.666666666667;1;1.5;2;2.5;3;4;5;6;7,,36,0,3,1,70000301,20.0,0.5,10.0,1.0790200479200373e-08,0.9085664806281479,-4.842379450715679,1.5325305602302888,0.1231655940667056,0.13512297150803942,0.04641543351834046,False
Umetani,ciprofloxacin,classification_anchor,0.00016165371753033532,0,71000,0;0.333333333333;0.666666666667;1;1.5;2;2.5;3;4;5;6;7,,36,0,0,0,71000000,2.0,1e-05,0.05,2.6645410724027586e-06,0.0481486852930575,-3.9784122877578874,0.1975513188271371,0.04335744775532676,0.013511324069871102,0.011918757202057836,False
Umetani,ciprofloxacin,classification_anchor,0.00016165371753033532,0,71000,0;0.333333333333;0.666666666667;1;1.5;2;2.5;3;4;5;6;7,,36,0,0,1,71000001,2.0,1e-05,0.05,1.9250057574102814e-06,0.0001231205863525347,-3.6756776967772575,0.2894545196216959,0.06458573683473562,0.022991563516818164,0.017370419840629116,False
Umetani,ciprofloxacin,classification_anchor,0.00016165371753033532,0,71000,0;0.333333333333;0.666666666667;1;1.5;2;2.5;3;4;5;6;7,,36,0,1,0,71000100,5.0,0.001,0.5,3.176538593399441e-05,0.21066158751860253,-3.961901371288551,0.1348074975091247,0.0051049210800839205,0.009463753586507764,0.005664971474969423,True
Umetani,ciprofloxacin,classification_anchor,0.00016165371753033532,0,71000,0;0.333333333333;0.666666666667;1;1.5;2;2.5;3;4;5;6;7,,36,0,1,1,71000101,5.0,0.001,0.5,2.747684971108379e-05,0.3596706525546796,-2.7646763004770087,0.7447164419894715,0.024827390911134173,0.06618553126969003,0.01900926162640084,False
Umetani,ciprofloxacin,classification_anchor,0.00016165371753033532,0,71000,0;0.333333333333;0.666666666667;1;1.5;2;2.5;3;4;5;6;7,,36,0,2,0,71000200,10.0,0.05,2.0,1.768016555526944e-10,0.14446401731195918,-4.605270356183971,0.24272539818668992,0.018484518223528878,0.034700655925078296,0.022303327790460133,False
Umetani,ciprofloxacin,classification_anchor,0.00016165371753033532,0,71000,0;0.333333333333;0.666666666667;1;1.5;2;2.5;3;4;5;6;7,,36,0,2,1,71000201,10.0,0.05,2.0,2.5548051160171575e-06,0.1727891231382313,-4.1705415206272916,0.173873839320252,0.016343090897030597,0.02346853539102275,0.019215403800017718,False
Umetani,ciprofloxacin,classification_anchor,0.00016165371753033532,0,71000,0;0.333333333333;0.666666666667;1;1.5;2;2.5;3;4;5;6;7,,36,0,3,0,71000300,20.0,0.5,10.0,1.2197456709021736e-10,1.2852628297112911,-5.596915799547044,10.240858793841255,0.3896692785363785,0.31880253006952747,0.15800227253321952,False
Umetani,ciprofloxacin,classification_anchor,0.00016165371753033532,0,71000,0;0.333333333333;0.666666666667;1;1.5;2;2.5;3;4;5;6;7,,36,0,3,1,71000301,20.0,0.5,10.0,1.0155436390944987e-10,0.5942246590410649,-4.314860051075545,1.222635463373162,0.12342141643934557,0.10479962025945411,0.03870399853996431,False
