condition,initial_condition_scenario,initial_fraction,trial,split_id,n_train_observations,n_test_observations,train_times_h,test_times_h,method,test_rmse_observed_log,D,alpha,beta,train_sse,initial_condition_max_abs_error
ciprofloxacin,assumed_0.1pct,0.001,1,0c4cb4b687bd,30,6,0;0.66666667;1;1.5;2;2.5;4;5;6;7,0.33333333;3,NLLS,0.5174707734912304,-4.486201852217192,1.0000000004555805e-08,0.5444474973978677,12.556140937810854,0.0
ciprofloxacin,assumed_0.1pct,0.001,1,0c4cb4b687bd,30,6,0;0.66666667;1;1.5;2;2.5;4;5;6;7,0.33333333;3,NN,0.5276667607058514,,,,0.4100385543138562,0.0
ciprofloxacin,assumed_0.1pct,0.001,1,0c4cb4b687bd,30,6,0;0.66666667;1;1.5;2;2.5;4;5;6;7,0.33333333;3,PINN,0.5246154917559371,-4.441137772629376,4.767974706230409e-06,0.5185140382658006,0.11680523807013062,0.0
ciprofloxacin,assumed_0.1pct,0.001,2,a4cbfc0d95a9,30,6,0;0.33333333;0.66666667;1;1.5;2.5;3;4;6;7,2;5,NLLS,0.8503631268229839,-4.63319443885667,1.00000000015911e-08,0.5291750132043443,9.95931197808805,0.0
ciprofloxacin,assumed_0.1pct,0.001,2,a4cbfc0d95a9,30,6,0;0.33333333;0.66666667;1;1.5;2.5;3;4;6;7,2;5,NN,0.8498818393141871,,,,0.32128988237010314,0.0
ciprofloxacin,assumed_0.1pct,0.001,2,a4cbfc0d95a9,30,6,0;0.33333333;0.66666667;1;1.5;2.5;3;4;6;7,2;5,PINN,0.8582024593026127,-4.604634271018045,2.4738067552157806e-05,0.5072440213717642,0.09213369030073273,0.0
ciprofloxacin,assumed_0.1pct,0.001,3,9c5db6337f09,30,6,0;0.33333333;0.66666667;1;2.5;3;4;5;6;7,1.5;2,NLLS,0.8430996564315169,-4.7973949602448265,1.0000000239961352e-08,0.5482879645229539,10.407767625763865,0.0
ciprofloxacin,assumed_0.1pct,0.001,3,9c5db6337f09,30,6,0;0.33333333;0.66666667;1;2.5;3;4;5;6;7,1.5;2,NN,0.7644942225822831,,,,0.347122087584341,0.0
ciprofloxacin,assumed_0.1pct,0.001,3,9c5db6337f09,30,6,0;0.33333333;0.66666667;1;2.5;3;4;5;6;7,1.5;2,PINN,0.8810316875003642,-4.78270415562755,1.4589028214102115e-05,0.5168902881406237,0.09427064369301609,0.0
ciprofloxacin,assumed_0.1pct,0.001,4,1705cb1c079b,30,6,0;0.33333333;0.66666667;1;2;2.5;3;5;6;7,1.5;4,NLLS,0.689927506280791,-4.649828143618638,1.0000000190683472e-08,0.5217765964392563,11.559710049651587,0.0
ciprofloxacin,assumed_0.1pct,0.001,4,1705cb1c079b,30,6,0;0.33333333;0.66666667;1;2;2.5;3;5;6;7,1.5;4,NN,0.6424044909383745,,,,0.3894170641025166,0.0
ciprofloxacin,assumed_0.1pct,0.001,4,1705cb1c079b,30,6,0;0.33333333;0.66666667;1;2;2.5;3;5;6;7,1.5;4,PINN,0.6429768758349226,-4.6263445362504845,7.458075860602837e-05,0.5082393465363301,0.11186675458767902,0.0
ciprofloxacin,assumed_0.1pct,0.001,5,f772ef9d76cc,30,6,0;0.33333333;0.66666667;1.5;2.5;3;4;5;6;7,1;2,NLLS,0.8400710386301354,-4.716733392725616,1.0000000001277716e-08,0.5476692920348502,10.185249443750179,0.0
ciprofloxacin,assumed_0.1pct,0.001,5,f772ef9d76cc,30,6,0;0.33333333;0.66666667;1.5;2.5;3;4;5;6;7,1;2,NN,0.8076013684035218,,,,0.333549462193168,0.0
ciprofloxacin,assumed_0.1pct,0.001,5,f772ef9d76cc,30,6,0;0.33333333;0.66666667;1.5;2.5;3;4;5;6;7,1;2,PINN,0.8627857412334653,-4.686988373821597,2.806662863448844e-05,0.5179800329208779,0.09236553621865928,0.0
ciprofloxacin,assumed_0.1pct,0.001,6,2bd28833be7c,30,6,0;0.33333333;0.66666667;1.5;2;2.5;3;4;5;6,1;7,NLLS,0.9688962772740674,-4.482835609213527,1.2127853278424638e-05,0.6013745905772129,9.742112117429722,0.0
ciprofloxacin,assumed_0.1pct,0.001,6,2bd28833be7c,30,6,0;0.33333333;0.66666667;1.5;2;2.5;3;4;5;6,1;7,NN,0.9445346190785856,,,,0.3280649557325954,0.0
ciprofloxacin,assumed_0.1pct,0.001,6,2bd28833be7c,30,6,0;0.33333333;0.66666667;1.5;2;2.5;3;4;5;6,1;7,PINN,0.9543016810321865,-4.5091180361229,0.00037089106214732015,0.6114458952703231,0.09510032270338975,0.0
ciprofloxacin,assumed_0.1pct,0.001,7,a4cbfc0d95a9,30,6,0;0.33333333;0.66666667;1;1.5;2.5;3;4;6;7,2;5,NLLS,0.8503631268229839,-4.63319443885667,1.00000000015911e-08,0.5291750132043443,9.95931197808805,0.0
ciprofloxacin,assumed_0.1pct,0.001,7,a4cbfc0d95a9,30,6,0;0.33333333;0.66666667;1;1.5;2.5;3;4;6;7,2;5,NN,0.8496401708366553,,,,0.32119742155617026,0.0
ciprofloxacin,assumed_0.1pct,0.001,7,a4cbfc0d95a9,30,6,0;0.33333333;0.66666667;1;1.5;2.5;3;4;6;7,2;5,PINN,0.8582090299624244,-4.607764183581642,1.0602752072602672e-05,0.5058173877528007,0.0917933387270472,0.0
ciprofloxacin,assumed_0.1pct,0.001,8,2bd28833be7c,30,6,0;0.33333333;0.66666667;1.5;2;2.5;3;4;5;6,1;7,NLLS,0.9688962772740674,-4.482835609213527,1.2127853278424638e-05,0.6013745905772129,9.742112117429722,0.0
ciprofloxacin,assumed_0.1pct,0.001,8,2bd28833be7c,30,6,0;0.33333333;0.66666667;1.5;2;2.5;3;4;5;6,1;7,NN,0.9448873365748772,,,,0.3282148243957606,0.0
ciprofloxacin,assumed_0.1pct,0.001,8,2bd28833be7c,30,6,0;0.33333333;0.66666667;1.5;2;2.5;3;4;5;6,1;7,PINN,0.9489281269430692,-4.501211004684405,0.000341541750436568,0.607784234733941,0.09505444154021472,0.0
ciprofloxacin,assumed_0.1pct,0.001,9,3f1a2829110a,30,6,0;0.66666667;1;2;2.5;3;4;5;6;7,0.33333333;1.5,NLLS,0.618911205243861,-4.571534418171636,1.0004634316867105e-08,0.5438578804737471,11.86847061365554,0.0
ciprofloxacin,assumed_0.1pct,0.001,9,3f1a2829110a,30,6,0;0.66666667;1;2;2.5;3;4;5;6;7,0.33333333;1.5,NN,0.6289251739810647,,,,0.3935145702238319,0.0
ciprofloxacin,assumed_0.1pct,0.001,9,3f1a2829110a,30,6,0;0.66666667;1;2;2.5;3;4;5;6;7,0.33333333;1.5,PINN,0.6156915941254633,-4.527426290977121,2.0419793701297305e-05,0.5175250221006868,0.11050654789509377,0.0
ciprofloxacin,assumed_0.1pct,0.001,10,81b42f0bc07a,30,6,0;0.33333333;0.66666667;1;1.5;2;2.5;3;5;7,4;6,NLLS,0.6547699521535272,-4.540930361389057,1.0000886561075307e-08,0.5172337144585222,11.854826813369293,0.0
ciprofloxacin,assumed_0.1pct,0.001,10,81b42f0bc07a,30,6,0;0.33333333;0.66666667;1;1.5;2;2.5;3;5;7,4;6,NN,0.6360173600605633,,,,0.3920735860656369,0.0
ciprofloxacin,assumed_0.1pct,0.001,10,81b42f0bc07a,30,6,0;0.33333333;0.66666667;1;1.5;2;2.5;3;5;7,4;6,PINN,0.6079468880686623,-4.5090036312648785,1.72683459048405e-05,0.5014290554679988,0.11448809136247662,0.0
ciprofloxacin,classification_anchor,0.00016165371753033532,1,0c4cb4b687bd,30,6,0;0.66666667;1;1.5;2;2.5;4;5;6;7,0.33333333;3,NLLS,0.6552959659566998,-4.179593275322039,0.0006052245062169055,0.32931302217885167,11.342215093265692,0.0
ciprofloxacin,classification_anchor,0.00016165371753033532,1,0c4cb4b687bd,30,6,0;0.66666667;1;1.5;2;2.5;4;5;6;7,0.33333333;3,NN,0.8172458352777507,,,,0.3891671854528094,0.0
ciprofloxacin,classification_anchor,0.00016165371753033532,1,0c4cb4b687bd,30,6,0;0.66666667;1;1.5;2;2.5;4;5;6;7,0.33333333;3,PINN,0.6807563859884547,-4.1164539399948215,0.0004334098406734872,0.29238436189264133,0.10967688734244165,0.0
ciprofloxacin,classification_anchor,0.00016165371753033532,2,a4cbfc0d95a9,30,6,0;0.33333333;0.66666667;1;1.5;2.5;3;4;6;7,2;5,NLLS,0.983282134821374,-4.498644606316696,0.0009837527928195273,0.3462764325817076,8.348078863964744,0.0
ciprofloxacin,classification_anchor,0.00016165371753033532,2,a4cbfc0d95a9,30,6,0;0.33333333;0.66666667;1;1.5;2.5;3;4;6;7,2;5,NN,1.0547406261325154,,,,0.3328284817105612,0.0
ciprofloxacin,classification_anchor,0.00016165371753033532,2,a4cbfc0d95a9,30,6,0;0.33333333;0.66666667;1;1.5;2.5;3;4;6;7,2;5,PINN,1.0032112689244694,-4.439464336705278,0.0004883779559845478,0.2784671948852905,0.0844971124808036,0.0
ciprofloxacin,classification_anchor,0.00016165371753033532,3,9c5db6337f09,30,6,0;0.33333333;0.66666667;1;2.5;3;4;5;6;7,1.5;2,NLLS,1.0857170990427776,-4.721555545563482,0.0009640214625755651,0.35458945622916005,8.534038702432438,0.0
ciprofloxacin,classification_anchor,0.00016165371753033532,3,9c5db6337f09,30,6,0;0.33333333;0.66666667;1;2.5;3;4;5;6;7,1.5;2,NN,0.9436034328167505,,,,0.35623600221702995,0.0
ciprofloxacin,classification_anchor,0.00016165371753033532,3,9c5db6337f09,30,6,0;0.33333333;0.66666667;1;2.5;3;4;5;6;7,1.5;2,PINN,1.1281175964672607,-4.685508617529276,0.0005143909599926403,0.28926027187763165,0.08493026348100224,0.0
ciprofloxacin,classification_anchor,0.00016165371753033532,4,1705cb1c079b,30,6,0;0.33333333;0.66666667;1;2;2.5;3;5;6;7,1.5;4,NLLS,0.6418655493822879,-4.538980586096334,0.0023568332999582223,0.4634657591005699,11.381197227742918,0.0
ciprofloxacin,classification_anchor,0.00016165371753033532,4,1705cb1c079b,30,6,0;0.33333333;0.66666667;1;2;2.5;3;5;6;7,1.5;4,NN,0.5329526407376548,,,,0.46991103563128284,0.0
ciprofloxacin,classification_anchor,0.00016165371753033532,4,1705cb1c079b,30,6,0;0.33333333;0.66666667;1;2;2.5;3;5;6;7,1.5;4,PINN,0.5164408173228077,-4.134224164809222,0.0005537211663726555,0.2999006561880838,0.11995879116881449,0.0
ciprofloxacin,classification_anchor,0.00016165371753033532,5,f772ef9d76cc,30,6,0;0.33333333;0.66666667;1.5;2.5;3;4;5;6;7,1;2,NLLS,0.9750974850231874,-4.5091808802590405,0.0009413499940664247,0.35870675412615777,8.53929190147833,0.0
ciprofloxacin,classification_anchor,0.00016165371753033532,5,f772ef9d76cc,30,6,0;0.33333333;0.66666667;1.5;2.5;3;4;5;6;7,1;2,NN,0.9922118969313946,,,,0.3372346812291353,0.0
ciprofloxacin,classification_anchor,0.00016165371753033532,5,f772ef9d76cc,30,6,0;0.33333333;0.66666667;1.5;2.5;3;4;5;6;7,1;2,PINN,1.000914574903851,-4.452392340737123,0.00046795985870835404,0.2891061067739744,0.08504036467323794,0.0
ciprofloxacin,classification_anchor,0.00016165371753033532,6,2bd28833be7c,30,6,0;0.33333333;0.66666667;1.5;2;2.5;3;4;5;6,1;7,NLLS,0.968880819677215,-4.479017980248242,0.0032659308880853568,0.6018650321460479,9.74211212431526,0.0
ciprofloxacin,classification_anchor,0.00016165371753033532,6,2bd28833be7c,30,6,0;0.33333333;0.66666667;1.5;2;2.5;3;4;5;6,1;7,NN,0.7080493001456084,,,,0.42451242757246743,0.0
ciprofloxacin,classification_anchor,0.00016165371753033532,6,2bd28833be7c,30,6,0;0.33333333;0.66666667;1.5;2;2.5;3;4;5;6,1;7,PINN,0.7419242299538013,-4.08894019451331,0.0005744400191491118,0.3527836677032984,0.1066082426757755,0.0
ciprofloxacin,classification_anchor,0.00016165371753033532,7,a4cbfc0d95a9,30,6,0;0.33333333;0.66666667;1;1.5;2.5;3;4;6;7,2;5,NLLS,0.983282134821374,-4.498644606316696,0.0009837527928195273,0.3462764325817076,8.348078863964744,0.0
ciprofloxacin,classification_anchor,0.00016165371753033532,7,a4cbfc0d95a9,30,6,0;0.33333333;0.66666667;1;1.5;2.5;3;4;6;7,2;5,NN,1.0537743616179347,,,,0.3326691802828089,0.0
ciprofloxacin,classification_anchor,0.00016165371753033532,7,a4cbfc0d95a9,30,6,0;0.33333333;0.66666667;1;1.5;2.5;3;4;6;7,2;5,PINN,0.9952966136076957,-4.437428997641501,0.0005186090348224016,0.280417218198614,0.0839174554579141,0.0
ciprofloxacin,classification_anchor,0.00016165371753033532,8,2bd28833be7c,30,6,0;0.33333333;0.66666667;1.5;2;2.5;3;4;5;6,1;7,NLLS,0.968880819677215,-4.479017980248242,0.0032659308880853568,0.6018650321460479,9.74211212431526,0.0
ciprofloxacin,classification_anchor,0.00016165371753033532,8,2bd28833be7c,30,6,0;0.33333333;0.66666667;1.5;2;2.5;3;4;5;6,1;7,NN,0.7082224190476659,,,,0.4247046820138418,0.0
ciprofloxacin,classification_anchor,0.00016165371753033532,8,2bd28833be7c,30,6,0;0.33333333;0.66666667;1.5;2;2.5;3;4;5;6,1;7,PINN,0.7349543177891168,-4.093512954222112,0.0005737816460813875,0.34654582608831547,0.10648274040831142,0.0
ciprofloxacin,classification_anchor,0.00016165371753033532,9,3f1a2829110a,30,6,0;0.66666667;1;2;2.5;3;4;5;6;7,0.33333333;1.5,NLLS,0.6279327400838519,-4.2789786772797385,0.0013161453710937234,0.4075980179725331,11.123860287983751,0.0
ciprofloxacin,classification_anchor,0.00016165371753033532,9,3f1a2829110a,30,6,0;0.66666667;1;2;2.5;3;4;5;6;7,0.33333333;1.5,NN,0.756302442320496,,,,0.4194000738487564,0.0
ciprofloxacin,classification_anchor,0.00016165371753033532,9,3f1a2829110a,30,6,0;0.66666667;1;2;2.5;3;4;5;6;7,0.33333333;1.5,PINN,0.6624225893491767,-4.055370634320588,0.0005266479886541864,0.30527510781324546,0.1098694609846666,0.0
ciprofloxacin,classification_anchor,0.00016165371753033532,10,81b42f0bc07a,30,6,0;0.33333333;0.66666667;1;1.5;2;2.5;3;5;7,4;6,NLLS,0.6117515219986837,-4.425416365817208,0.0020580770996023543,0.4388991170805758,11.591603182386207,0.0
ciprofloxacin,classification_anchor,0.00016165371753033532,10,81b42f0bc07a,30,6,0;0.33333333;0.66666667;1;1.5;2;2.5;3;5;7,4;6,NN,0.4870224739560661,,,,0.4780698970555244,0.0
ciprofloxacin,classification_anchor,0.00016165371753033532,10,81b42f0bc07a,30,6,0;0.33333333;0.66666667;1;1.5;2;2.5;3;5;7,4;6,PINN,0.520236780061405,-4.188350859946055,0.0005946600519182559,0.29404719986020655,0.12050929475316366,0.0
ampicillin,assumed_0.1pct,0.001,1,0c4cb4b687bd,49,11,0;0.66666667;1;1.5;2;2.5;4;5;6;7,0.33333333;3,NLLS,0.831382889762093,-4.490280287995126,2.1012742210346297e-08,1.4007611206224455,57.74577694217726,0.0
ampicillin,assumed_0.1pct,0.001,1,0c4cb4b687bd,49,11,0;0.66666667;1;1.5;2;2.5;4;5;6;7,0.33333333;3,NN,0.8189143267109813,,,,1.1433143826142809,0.0
ampicillin,assumed_0.1pct,0.001,1,0c4cb4b687bd,49,11,0;0.66666667;1;1.5;2;2.5;4;5;6;7,0.33333333;3,PINN,0.7940387572739867,-4.428978421862699,5.049307068386415e-06,1.3595172004891687,0.32975769816295863,0.0
ampicillin,assumed_0.1pct,0.001,2,a4cbfc0d95a9,51,9,0;0.33333333;0.66666667;1;1.5;2.5;3;4;6;7,2;5,NLLS,1.1200474907932754,-4.673263119155143,1.0000007620910915e-08,1.375759563851211,54.68650438519487,0.0
ampicillin,assumed_0.1pct,0.001,2,a4cbfc0d95a9,51,9,0;0.33333333;0.66666667;1;1.5;2.5;3;4;6;7,2;5,NN,1.1104292295160065,,,,1.036513998495987,0.0
ampicillin,assumed_0.1pct,0.001,2,a4cbfc0d95a9,51,9,0;0.33333333;0.66666667;1;1.5;2.5;3;4;6;7,2;5,PINN,1.0838022014819628,-4.59580742907632,4.7564383772009384e-05,1.3398480121987857,0.30081478085528895,0.0
ampicillin,assumed_0.1pct,0.001,3,9c5db6337f09,48,12,0;0.33333333;0.66666667;1;2.5;3;4;5;6;7,1.5;2,NLLS,1.603475784563985,-5.366164763355855,1.0028317233385027e-08,1.393312802412669,46.704605390229936,0.0
ampicillin,assumed_0.1pct,0.001,3,9c5db6337f09,48,12,0;0.33333333;0.66666667;1;2.5;3;4;5;6;7,1.5;2,NN,1.3484813818055381,,,,0.9681302735562841,0.0
ampicillin,assumed_0.1pct,0.001,3,9c5db6337f09,48,12,0;0.33333333;0.66666667;1;2.5;3;4;5;6;7,1.5;2,PINN,1.6198409410222092,-5.363026355088319,5.65422468966286e-05,1.3468316482618583,0.27295410636934453,0.0
ampicillin,assumed_0.1pct,0.001,4,1705cb1c079b,48,12,0;0.33333333;0.66666667;1;2;2.5;3;5;6;7,1.5;4,NLLS,1.5141737224282787,-5.101974650352732,0.0005195566861911328,1.3496851188280892,45.568343270078266,0.0
ampicillin,assumed_0.1pct,0.001,4,1705cb1c079b,48,12,0;0.33333333;0.66666667;1;2;2.5;3;5;6;7,1.5;4,NN,1.316003470850558,,,,0.9594105414965881,0.0
ampicillin,assumed_0.1pct,0.001,4,1705cb1c079b,48,12,0;0.33333333;0.66666667;1;2;2.5;3;5;6;7,1.5;4,PINN,1.4408704231192402,-5.0345149851665045,0.00046316082932258945,1.3308462251449644,0.2770394222399205,0.0
ampicillin,assumed_0.1pct,0.001,5,f772ef9d76cc,48,12,0;0.33333333;0.66666667;1.5;2.5;3;4;5;6;7,1;2,NLLS,0.9567405761857869,-4.611891296883966,2.9502020154581956e-08,1.4083914909577566,54.40127882137038,0.0
ampicillin,assumed_0.1pct,0.001,5,f772ef9d76cc,48,12,0;0.33333333;0.66666667;1.5;2.5;3;4;5;6;7,1;2,NN,0.9562938876924194,,,,1.0908100498234845,0.0
ampicillin,assumed_0.1pct,0.001,5,f772ef9d76cc,48,12,0;0.33333333;0.66666667;1.5;2.5;3;4;5;6;7,1;2,PINN,0.9425682748900431,-4.522943380135574,2.4804191227504133e-05,1.36011814597541,0.3136989222378166,0.0
ampicillin,assumed_0.1pct,0.001,6,2bd28833be7c,51,9,0;0.33333333;0.66666667;1.5;2;2.5;3;4;5;6,1;7,NLLS,1.4270925614138945,-4.409491982646421,1.000026338123703e-08,1.503742696549051,50.96285046633899,0.0
ampicillin,assumed_0.1pct,0.001,6,2bd28833be7c,51,9,0;0.33333333;0.66666667;1.5;2;2.5;3;4;5;6,1;7,NN,1.3534252668292703,,,,0.9845626039922275,0.0
ampicillin,assumed_0.1pct,0.001,6,2bd28833be7c,51,9,0;0.33333333;0.66666667;1.5;2;2.5;3;4;5;6,1;7,PINN,1.342400886875065,-4.3711298036742,1.4077341146872474e-05,1.4797675911710306,0.2881353216479452,0.0
ampicillin,assumed_0.1pct,0.001,7,a4cbfc0d95a9,51,9,0;0.33333333;0.66666667;1;1.5;2.5;3;4;6;7,2;5,NLLS,1.1200474907932754,-4.673263119155143,1.0000007620910915e-08,1.375759563851211,54.68650438519487,0.0
ampicillin,assumed_0.1pct,0.001,7,a4cbfc0d95a9,51,9,0;0.33333333;0.66666667;1;1.5;2.5;3;4;6;7,2;5,NN,1.110179396512571,,,,1.036283336458695,0.0
ampicillin,assumed_0.1pct,0.001,7,a4cbfc0d95a9,51,9,0;0.33333333;0.66666667;1;1.5;2.5;3;4;6;7,2;5,PINN,1.0876442493797633,-4.5987480225509305,2.4030372902796368e-05,1.3358539415273163,0.3005683929823938,0.0
ampicillin,assumed_0.1pct,0.001,8,2bd28833be7c,51,9,0;0.33333333;0.66666667;1.5;2;2.5;3;4;5;6,1;7,NLLS,1.4270925614138945,-4.409491982646421,1.000026338123703e-08,1.503742696549051,50.96285046633899,0.0
ampicillin,assumed_0.1pct,0.001,8,2bd28833be7c,51,9,0;0.33333333;0.66666667;1.5;2;2.5;3;4;5;6,1;7,NN,1.3536610925617325,,,,0.9848066484334215,0.0
ampicillin,assumed_0.1pct,0.001,8,2bd28833be7c,51,9,0;0.33333333;0.66666667;1.5;2;2.5;3;4;5;6,1;7,PINN,1.344885661587792,-4.372160913208343,3.667295663966489e-05,1.4813638793715806,0.2884147595617482,0.0
ampicillin,assumed_0.1pct,0.001,9,3f1a2829110a,49,11,0;0.66666667;1;2;2.5;3;4;5;6;7,0.33333333;1.5,NLLS,1.068887196658428,-4.873635323583753,1.0000000000008793e-08,1.3944191041748428,55.13746436290013,0.0
ampicillin,assumed_0.1pct,0.001,9,3f1a2829110a,49,11,0;0.66666667;1;2;2.5;3;4;5;6;7,0.33333333;1.5,NN,0.9518183177477618,,,,1.1030563691076114,0.0
ampicillin,assumed_0.1pct,0.001,9,3f1a2829110a,49,11,0;0.66666667;1;2;2.5;3;4;5;6;7,0.33333333;1.5,PINN,1.0281871188536518,-4.79785110375007,2.4185630575825218e-05,1.3509262929206578,0.3176272106935841,0.0
ampicillin,assumed_0.1pct,0.001,10,81b42f0bc07a,50,10,0;0.33333333;0.66666667;1;1.5;2;2.5;3;5;7,4;6,NLLS,1.2806369580887287,-4.562121705969015,1.4630917454364883e-08,1.3462756004983805,50.540845427316334,0.0
ampicillin,assumed_0.1pct,0.001,10,81b42f0bc07a,50,10,0;0.33333333;0.66666667;1;1.5;2;2.5;3;5;7,4;6,NN,1.227237007067616,,,,0.9982646620440759,0.0
ampicillin,assumed_0.1pct,0.001,10,81b42f0bc07a,50,10,0;0.33333333;0.66666667;1;1.5;2;2.5;3;5;7,4;6,PINN,1.209797899968577,-4.51623525662648,0.00014160146036530004,1.332371194789142,0.29237416184256065,0.0
ampicillin,classification_anchor,1.5908037919303823e-05,1,0c4cb4b687bd,49,11,0;0.66666667;1;1.5;2;2.5;4;5;6;7,0.33333333;3,NLLS,1.1089868239889586,-4.1792326893413785,5.779169827523519e-08,0.6179729557299043,46.948344525216044,0.0
ampicillin,classification_anchor,1.5908037919303823e-05,1,0c4cb4b687bd,49,11,0;0.66666667;1;1.5;2;2.5;4;5;6;7,0.33333333;3,NN,1.1230902948647206,,,,0.9587693946500181,0.0
ampicillin,classification_anchor,1.5908037919303823e-05,1,0c4cb4b687bd,49,11,0;0.66666667;1;1.5;2;2.5;4;5;6;7,0.33333333;3,PINN,1.0355438445294414,-4.125329293134304,2.424201086988508e-06,0.6213747845902524,0.2768490320421583,0.0
ampicillin,classification_anchor,1.5908037919303823e-05,2,a4cbfc0d95a9,51,9,0;0.33333333;0.66666667;1;1.5;2.5;3;4;6;7,2;5,NLLS,1.0795547757019113,-4.36266223524626,0.00040832640831188884,0.9770704660009916,49.125245116445114,0.0
ampicillin,classification_anchor,1.5908037919303823e-05,2,a4cbfc0d95a9,51,9,0;0.33333333;0.66666667;1;1.5;2.5;3;4;6;7,2;5,NN,0.9504342113150368,,,,1.0126942322621597,0.0
ampicillin,classification_anchor,1.5908037919303823e-05,2,a4cbfc0d95a9,51,9,0;0.33333333;0.66666667;1;1.5;2.5;3;4;6;7,2;5,PINN,0.961334390265964,-4.014005960189528,5.505070068186161e-05,0.7182973127303571,0.2800206296460898,0.0
ampicillin,classification_anchor,1.5908037919303823e-05,3,9c5db6337f09,48,12,0;0.33333333;0.66666667;1;2.5;3;4;5;6;7,1.5;2,NLLS,1.7752664622149232,-5.230335632272374,0.0012232137025364087,1.1505090948191512,43.289283789549714,0.0
ampicillin,classification_anchor,1.5908037919303823e-05,3,9c5db6337f09,48,12,0;0.33333333;0.66666667;1;2.5;3;4;5;6;7,1.5;2,NN,0.9001895082481934,,,,1.039268041135304,0.0
ampicillin,classification_anchor,1.5908037919303823e-05,3,9c5db6337f09,48,12,0;0.33333333;0.66666667;1;2.5;3;4;5;6;7,1.5;2,PINN,0.9048153256471964,-3.9988796339516095,1.8797437562451058e-05,0.6644495957241623,0.28587451225551774,0.0
ampicillin,classification_anchor,1.5908037919303823e-05,4,1705cb1c079b,48,12,0;0.33333333;0.66666667;1;2;2.5;3;5;6;7,1.5;4,NLLS,1.5141415174144328,-5.096857798093739,0.004211323318178291,1.3510375942542945,45.56834327421436,0.0
ampicillin,classification_anchor,1.5908037919303823e-05,4,1705cb1c079b,48,12,0;0.33333333;0.66666667;1;2;2.5;3;5;6;7,1.5;4,NN,0.7283137947834575,,,,1.1086461312804898,0.0
ampicillin,classification_anchor,1.5908037919303823e-05,4,1705cb1c079b,48,12,0;0.33333333;0.66666667;1;2;2.5;3;5;6;7,1.5;4,PINN,0.7770745709247392,-4.092830454225788,8.162213565517764e-05,0.7562872027478221,0.30244123740480633,0.0
ampicillin,classification_anchor,1.5908037919303823e-05,5,f772ef9d76cc,48,12,0;0.33333333;0.66666667;1.5;2.5;3;4;5;6;7,1;2,NLLS,1.0589994916432868,-3.989261443932466,3.3113695994908644e-05,0.7077250872322967,46.05800228117754,0.0
ampicillin,classification_anchor,1.5908037919303823e-05,5,f772ef9d76cc,48,12,0;0.33333333;0.66666667;1.5;2.5;3;4;5;6;7,1;2,NN,1.0885945575105005,,,,0.9637577870898683,0.0
ampicillin,classification_anchor,1.5908037919303823e-05,5,f772ef9d76cc,48,12,0;0.33333333;0.66666667;1.5;2.5;3;4;5;6;7,1;2,PINN,1.0281098702374822,-3.913896883489185,4.926230841233965e-06,0.6311819908031675,0.27334034406020397,0.0
ampicillin,classification_anchor,1.5908037919303823e-05,6,2bd28833be7c,51,9,0;0.33333333;0.66666667;1.5;2;2.5;3;4;5;6,1;7,NLLS,1.1325349535651685,-4.168612250707551,0.00045907565272022496,1.1122524860548328,49.16459965730807,0.0
ampicillin,classification_anchor,1.5908037919303823e-05,6,2bd28833be7c,51,9,0;0.33333333;0.66666667;1.5;2;2.5;3;4;5;6,1;7,NN,1.000193094875014,,,,0.9981158368889829,0.0
ampicillin,classification_anchor,1.5908037919303823e-05,6,2bd28833be7c,51,9,0;0.33333333;0.66666667;1.5;2;2.5;3;4;5;6,1;7,PINN,0.9585507091954638,-3.9764715277265763,4.483875443160903e-05,0.750894899141589,0.28185371928922315,0.0
ampicillin,classification_anchor,1.5908037919303823e-05,7,a4cbfc0d95a9,51,9,0;0.33333333;0.66666667;1;1.5;2.5;3;4;6;7,2;5,NLLS,1.0795547757019113,-4.36266223524626,0.00040832640831188884,0.9770704660009916,49.125245116445114,0.0
ampicillin,classification_anchor,1.5908037919303823e-05,7,a4cbfc0d95a9,51,9,0;0.33333333;0.66666667;1;1.5;2.5;3;4;6;7,2;5,NN,0.9504285521414275,,,,1.0123042984312673,0.0
ampicillin,classification_anchor,1.5908037919303823e-05,7,a4cbfc0d95a9,51,9,0;0.33333333;0.66666667;1;1.5;2.5;3;4;6;7,2;5,PINN,0.9601079667334003,-4.0114717898978425,3.9796682679949846e-05,0.691785966081029,0.28039448471751854,0.0
ampicillin,classification_anchor,1.5908037919303823e-05,8,2bd28833be7c,51,9,0;0.33333333;0.66666667;1.5;2;2.5;3;4;5;6,1;7,NLLS,1.1325349535651685,-4.168612250707551,0.00045907565272022496,1.1122524860548328,49.16459965730807,0.0
ampicillin,classification_anchor,1.5908037919303823e-05,8,2bd28833be7c,51,9,0;0.33333333;0.66666667;1.5;2;2.5;3;4;5;6,1;7,NN,1.0004456815489156,,,,0.9984484608520521,0.0
ampicillin,classification_anchor,1.5908037919303823e-05,8,2bd28833be7c,51,9,0;0.33333333;0.66666667;1.5;2;2.5;3;4;5;6,1;7,PINN,0.9422750019261403,-3.947462261000824,1.742437709162387e-05,0.6888959462340746,0.28362248190132655,0.0
ampicillin,classification_anchor,1.5908037919303823e-05,9,3f1a2829110a,49,11,0;0.66666667;1;2;2.5;3;4;5;6;7,0.33333333;1.5,NLLS,0.8358732368283726,-4.224947622590969,0.0002203376153028413,0.9140293216895565,50.74271333109212,0.0
ampicillin,classification_anchor,1.5908037919303823e-05,9,3f1a2829110a,49,11,0;0.66666667;1;2;2.5;3;4;5;6;7,0.33333333;1.5,NN,0.8329791178456161,,,,1.0603479273949896,0.0
ampicillin,classification_anchor,1.5908037919303823e-05,9,3f1a2829110a,49,11,0;0.66666667;1;2;2.5;3;4;5;6;7,0.33333333;1.5,PINN,0.7918550892239495,-3.999731424953725,1.6316096558107593e-05,0.6608010565942368,0.29878158441302255,0.0
ampicillin,classification_anchor,1.5908037919303823e-05,10,81b42f0bc07a,50,10,0;0.33333333;0.66666667;1;1.5;2;2.5;3;5;7,4;6,NLLS,1.1202630636271933,-4.378904188832206,0.001061396588126049,1.1364342524634496,49.362787437567135,0.0
ampicillin,classification_anchor,1.5908037919303823e-05,10,81b42f0bc07a,50,10,0;0.33333333;0.66666667;1;1.5;2;2.5;3;5;7,4;6,NN,0.7815041402445857,,,,1.0692676157272638,0.0
ampicillin,classification_anchor,1.5908037919303823e-05,10,81b42f0bc07a,50,10,0;0.33333333;0.66666667;1;1.5;2;2.5;3;5;7,4;6,PINN,0.7917207383344224,-4.020372495443105,3.648159635204275e-05,0.6922821954200509,0.29653181855233807,0.0
