candidate,calibration_seed,selected_start_id,selected_initial_alpha,selected_initial_beta,alpha,beta,alpha_abs_log_error,beta_abs_log_error,joint_abs_log_error,network_train_rmse_log,network_test_rmse_log,exact_ode_train_rmse_log,network_to_fitted_ode_rmse_log,training_objective,pre_RN_rmse_h-1,pre_RP_rmse_h-1,treatment_RN_rmse_h-1,treatment_RP_rmse_h-1,post_RN_rmse_h-1,post_RP_rmse_h-1,pre_network_clean_rmse_log,pre_fitted_ode_clean_rmse_log,treatment_network_clean_rmse_log,treatment_fitted_ode_clean_rmse_log,post_network_clean_rmse_log,post_fitted_ode_clean_rmse_log
baseline,911,1,0.01,0.3,0.0009725976943565172,0.02778602743800263,0.02778475161312577,1.2806369017861075,1.3084216533992332,0.10459119643561722,0.1488157914478736,0.11120589990548799,0.05635090376835883,0.021140635722791006,0.2798376278720196,0.039636612083177133,0.21842162464797174,0.04577479649644043,0.06832952556759633,0.023699886722371825,0.06533503322001234,2.2853984731788705e-05,0.04934508093546353,0.06778855760768882,0.06228531386483058,0.10971674195397992
baseline,912,1,0.01,0.3,0.0008849415994997393,0.024045887593409112,0.12223362541742626,1.4252061980945117,1.547439823511938,0.10604837966355624,0.11702874093575705,0.13346650027574114,0.06965794125636435,0.015290346452099493,0.2639134361164698,0.0324580720249371,0.21625206677182826,0.04846311307762135,0.06138856906307667,0.018632240899448333,0.03696937113917603,2.2931643763428278e-05,0.04021285321682755,0.048912639427886886,0.04227161414326195,0.11177522945079121
baseline,913,1,0.01,0.3,0.0009152088189841643,0.017589085661243578,0.0886030222752289,1.7378916091898005,1.8264946314650294,0.10930538418371846,0.08245040008231108,0.12358444858517242,0.06528224771337995,0.017031112102476126,0.2605776947194681,0.044079284332899364,0.20780526052862872,0.0340677814862603,0.060343843493122544,0.025829591119996696,0.027837695576570974,3.0693272614323655e-06,0.05752629080472135,0.06404101700403696,0.06259952274880537,0.1275135201659635
baseline,914,1,0.01,0.3,0.001007126763910634,0.03552692841906777,0.007101488545372519,1.0348792300421104,1.041980718587483,0.11736330835256233,0.11499420673305967,0.1314502174512848,0.05630530146146644,0.02106142754384881,0.2776275088149774,0.03760942858356881,0.21783291975820412,0.03657074277468548,0.05540234608860356,0.031421624300270116,0.03803739609949142,3.747863098252698e-05,0.06774650946388831,0.06795633938378162,0.062008436045628675,0.0979336446259603
baseline,915,1,0.01,0.3,0.00125967918104356,0.18074590823443465,0.23085707032326752,0.591922037087407,0.8227791074106745,0.12095013399550611,0.1168261105360058,0.12134725807973373,0.04504267936972086,0.026282271761194964,0.28657422749914496,0.02232420824971966,0.22917451834102565,0.052034022753854506,0.0511241485700988,0.01580440403437336,0.05549906695620513,9.329008308082061e-05,0.05585759207340863,0.023797025940030497,0.0383554132881907,0.07013798730419915
boundary_aware,911,1,0.01,0.3,0.0008213751161350763,0.015691686318651712,0.19677537237306195,1.8520391477302294,2.0488145201032912,0.08949995313142357,0.13419998485205578,0.11018365459883912,0.04765553157666256,0.0499480533928151,0.13663028576953068,0.022856295899715755,0.18708883679368418,0.03499115077350885,0.11366598470289618,0.013081457535627016,0.011136192689369308,5.338291664714248e-05,0.030535311377426516,0.040463549600821914,0.05937151613123745,0.12892972488519783
boundary_aware,912,1,0.01,0.3,0.0008012890348819692,0.029842653250777812,0.22153355445251835,1.209231498694532,1.4307650531470504,0.1008227852151525,0.1135165522886749,0.12634835538262434,0.060183019254111285,0.052101847251997006,0.13885752571975246,0.0258299562801497,0.19700546261215277,0.03165745012372763,0.12303487100962078,0.015703950650705865,0.013675542094222344,7.139648117032564e-05,0.017447713969477675,0.020458083157885328,0.022168061532109273,0.10311142059325448
boundary_aware,913,1,0.01,0.3,0.0009434094266326929,0.05040843725094189,0.05825491599121165,0.6850116191488947,0.7432665351401064,0.09738813596174029,0.07712635468077134,0.10346098324023549,0.021067250019540424,0.05005129628560319,0.13646580558497268,0.017542155597944142,0.18752014638983408,0.02145525159409305,0.11611854652167124,0.013706058624541054,0.008802658603311088,4.8224983368684424e-06,0.028046570265846976,0.03613961067749498,0.0436285146107108,0.06468301786243083
boundary_aware,914,1,0.01,0.3,0.0009474119667426432,0.06891063230696542,0.054021257431616954,0.37235970482352465,0.4263809622551416,0.10682554506035338,0.09335239786541645,0.11275173153013547,0.022132310345547548,0.050600932799011344,0.137187336039568,0.004776157163888094,0.18454965278219623,0.026286293902091112,0.11749265126642217,0.008796013290472996,0.026289226944855967,1.2160064805192004e-05,0.02145553997511297,0.01824570642133036,0.01634421632743982,0.03696228484140275
boundary_aware,915,1,0.01,0.3,0.0010010761350633937,0.10638100797592842,0.0010755564451333849,0.06185687852022421,0.0629324349653576,0.11331309820370881,0.10895849620722708,0.1162297946681105,0.012134365956788714,0.05042510413446058,0.1344920818499979,0.008305884595021622,0.18119719904803147,0.01556369919356585,0.11743300646080573,0.013466317698983613,0.013293266853465895,2.6659350214525808e-06,0.015936935654325905,0.005812512305382494,0.01668509717260693,0.007269573590434303
piecewise,911,1,0.01,0.3,0.0008302165606612536,0.06489299514788968,0.18606869576493146,0.43243050110955555,0.6184991968744871,0.08467967773284944,0.13358388475884792,0.0869132347093116,0.017044336115017707,0.0021832865189910585,0.0027511594934949524,0.0014438231949660365,0.007566051199647645,0.0036993826741806165,0.0022111146814876056,0.0013922012644686829,0.0008971675168285639,7.294770875374149e-05,0.006409754268355537,0.008437635747818195,0.03536527690233811,0.05765120567518307
piecewise,912,1,0.01,0.3,0.0009973771828746447,0.10257625710227299,0.0026262627363154408,0.025436307710081613,0.028062570446397053,0.09780104161252516,0.11215229960118592,0.09928376167983154,0.008197455696444247,0.002980255620511614,0.004974657419538372,0.00197253462068997,0.013139359353757245,0.00828872611887954,0.004987114972252435,0.004249518053567884,0.005295544423984012,2.692795462028045e-06,0.011031666915963731,0.0030363727674656144,0.008882035460543659,0.0035296649304480013
piecewise,913,1,0.01,0.3,0.000964125992013414,0.08177762801365529,0.036533295802363926,0.20116647595187012,0.23769977175423404,0.0957457170929,0.07062841060938865,0.09795365095263178,0.008901307749797771,0.0028293765174888176,0.002432819617390484,0.0026990041455545737,0.011445356577762958,0.0038757724244844727,0.007961863772714987,0.003341269559979009,0.002755636396968479,9.780897850579086e-06,0.013799287776514532,0.00947084642182691,0.024385241384348513,0.02060389304832095
piecewise,914,1,0.01,0.3,0.000937281999718311,0.08703250260284578,0.06477108181151005,0.13888854396588873,0.20365962577739877,0.10578929177389633,0.09483577560157624,0.11059265631698097,0.015558050821098382,0.0035365097850440833,0.013413596054549922,0.0015512272632682757,0.017314096357955007,0.002519834390084994,0.004190978497198575,0.0017257851366360218,0.016444866046996652,2.6710490682771545e-05,0.014749627894975676,0.002527173558711897,0.006044142680172796,0.019953478123730946
piecewise,915,1,0.01,0.3,0.0009767334585066346,0.12335106026746549,0.02354148042800036,0.2098642525519983,0.23340573297999867,0.11332864562967468,0.10697805215256549,0.11523819177470734,0.010903221078714078,0.003986375223272942,0.006914564816764957,0.0028178166454670703,0.014089975186816638,0.00620878188189863,0.008676389930288651,0.0023641085321584,0.0029485102522564515,2.394256811179609e-05,0.021114031131081745,0.02670801683331259,0.028374022536090334,0.030757938827177693
piecewise_multistart,911,2,0.003,0.1,0.0008338051678488651,0.06472922441187323,0.18175551560686043,0.43495739539843575,0.6167129110052962,0.08468273002612947,0.1335959776620682,0.08675530743684276,0.016190335213081403,0.0021797853215817526,0.0020671751408698077,0.0012515765722862552,0.006839162834974313,0.00398731970083575,0.00216711652428339,0.0017343484622582518,0.0004949536074695006,7.09437749596807e-05,0.006400862755438611,0.0074823496697062186,0.03553497524887783,0.056902868980819976
piecewise_multistart,912,2,0.003,0.1,0.0010156826553900863,0.1076205968820475,0.015560953308786585,0.07344186425783467,0.08900281756662125,0.09749499862143281,0.1117779523522364,0.09916013880543116,0.007986066199460741,0.0029052670110844836,0.005138043894430119,0.0006413466227641664,0.010107558569897417,0.003569269489065967,0.0038339576427716513,0.00050341144937198,0.005120653445790314,4.407379702995368e-06,0.012910276089636026,0.0037973547022687607,0.009376459608567476,0.007791621781351937
piecewise_multistart,913,2,0.003,0.1,0.0009731112617691825,0.08187689516958489,0.0272568541359877,0.19995334519113186,0.22721019932711956,0.09580981441186899,0.07029673961765084,0.09796567052481496,0.008965268956506586,0.0028322728676915517,0.0016167188086453725,0.0013720779248721328,0.011339407419128521,0.005364893781567498,0.006897628721530175,0.00432253380363232,0.0014800902199297418,5.046338563018244e-06,0.014159860807688617,0.011451649803576748,0.024544082017589244,0.02041330165941578
piecewise_multistart,914,2,0.003,0.1,0.000993010256748221,0.0948169280957788,0.007014285938726594,0.05322222625703044,0.060236512195757035,0.10583900516620857,0.09593042810650543,0.10997136910060443,0.012693670817544689,0.00350274156787412,0.014168126366088355,0.0007256403846695941,0.012466973508443512,0.004150483452544677,0.005501132472881329,0.002211274455871534,0.017142466125046676,1.0649157894683999e-06,0.015533086050192478,0.0034073495139477963,0.004671298656261333,0.005560728312459114
piecewise_multistart,915,2,0.003,0.1,0.0008945277117151651,0.10837121579448362,0.11145939639566856,0.08039233080501779,0.19185172720068633,0.11335356366036738,0.1075420464566748,0.11692769989605736,0.021788422013577273,0.003942356392943129,0.005757708374598111,0.0012006429288651612,0.011431193590320583,0.004822305918752027,0.007163671330411735,0.003013630639421233,0.004642666519707911,5.9822162945191544e-05,0.023604400364452858,0.031752834404674496,0.027381683138420626,0.04125323406834677
piecewise_multistart_strong_physics,911,2,0.003,0.1,0.0008511012326067397,0.06686467003381688,0.16122420024890202,0.40249945948718985,0.5637236597360918,0.08478759130067902,0.13433567983017658,0.08605598217749545,0.011202185450916868,0.0007415768503773819,0.0013366707118621071,0.0004983956171676042,0.005628453755858618,0.0030805928219175965,0.0025598089008641318,0.002828842428642172,0.0008169873006377498,6.271590719754874e-05,0.004490309843688577,0.005365265592165125,0.03647881946898869,0.051463370786343825
piecewise_multistart_strong_physics,912,2,0.003,0.1,0.0009944247457717547,0.104173460018742,0.005590853966791254,0.04088720857369565,0.0464780625404869,0.09838046802235746,0.11099100332517436,0.09923764656297003,0.004490238670612693,0.0009876932052812072,0.0017016952030062859,0.00018779904896918726,0.005720105886141714,0.002574667325897195,0.0032720042494438152,0.0014474161721796776,0.0017584302184348532,5.059626107147748e-06,0.0082880028451113,0.005204043788425025,0.0075305154334054086,0.005999281754356703
piecewise_multistart_strong_physics,913,2,0.003,0.1,0.0009442179517820293,0.07354785223860906,0.057398258360550555,0.3072339407455442,0.3646321991060948,0.09677444357720959,0.06990692829810292,0.09823224856001929,0.006331202697119656,0.0009960994806006982,0.0011972652016869591,0.0010728140555929413,0.009456367192822389,0.004500847783541651,0.0063489419777635605,0.0027810361042076162,0.00026963742926859336,1.622499163952202e-05,0.01422262909107179,0.01288795128645552,0.026614903266551925,0.031106943899670253
piecewise_multistart_strong_physics,914,2,0.003,0.1,0.0009778658662508463,0.09326065697386272,0.022382769426142476,0.06977185009206098,0.09215461951820346,0.10814096082269498,0.09314424865205538,0.11000494298148554,0.0058217542284035315,0.0012076397425491569,0.005857979962610273,0.000805742799187041,0.0059373277921311845,0.0034090334276834643,0.002999196897933103,0.003911881988433437,0.007082175247099118,8.301498722179269e-06,0.006829168008438841,0.0015639753737227882,0.004689149833489182,0.008102880917874583
piecewise_multistart_strong_physics,915,2,0.003,0.1,0.0009516754112893421,0.11678310454993868,0.04953125685698421,0.15514822111693877,0.20467947797392297,0.11427456537827917,0.10816157622564365,0.11545242721225195,0.010065811515704036,0.0013372585479587164,0.0009661220870277479,0.0003277377389435889,0.006564849021915859,0.0023325881563262645,0.003907728109693264,0.00434256069338216,0.0008427699869719071,3.385185015792629e-05,0.02180723127377386,0.02630755715683558,0.026551389292241014,0.030486565101336453
