condition,parameter,fixed_value,profile_sse,likelihood_ratio_statistic
synthetic_moderate_trial_1,alpha,9.999999999999999e-06,11.28570450007261,237.99890690303593
synthetic_moderate_trial_1,alpha,1.4677992676220705e-05,11.118904969420123,236.50990427017464
synthetic_moderate_trial_1,alpha,2.1544346900318823e-05,10.878920483314431,234.32792489227393
synthetic_moderate_trial_1,alpha,3.1622776601683795e-05,10.536820497775139,231.13280697530766
synthetic_moderate_trial_1,alpha,4.641588833612782e-05,10.055688095840766,226.45906867858398
synthetic_moderate_trial_1,alpha,6.812920690579608e-05,9.392188726671648,219.6330589992169
synthetic_moderate_trial_1,alpha,0.0001,8.503069773521291,209.6879480824605
synthetic_moderate_trial_1,alpha,0.0001467799267622069,7.360814358611076,195.26228058715256
synthetic_moderate_trial_1,alpha,0.00021544346900318823,5.98355318227887,174.5466801848708
synthetic_moderate_trial_1,alpha,0.00031622776601683794,4.4796591025193155,145.59991830452083
synthetic_moderate_trial_1,alpha,0.00046415888336127773,2.9529343666332575,103.92516092197977
synthetic_moderate_trial_1,alpha,0.0006812920690579609,1.6512588572789606,45.799017352544325
synthetic_moderate_trial_1,alpha,0.001,1.0479594161492014,0.32970928017452733
synthetic_moderate_trial_1,alpha,0.001467799267622069,1.4261272097668207,31.14147581246734
synthetic_moderate_trial_1,alpha,0.002154434690031882,2.0564793879365,67.74477184540713
synthetic_moderate_trial_1,alpha,0.0031622776601683794,2.5196960393017522,88.05905076247353
synthetic_moderate_trial_1,alpha,0.004641588833612777,2.8420668498371033,100.09837842096391
synthetic_moderate_trial_1,alpha,0.006812920690579608,3.06670915595091,107.70572831934871
synthetic_moderate_trial_1,alpha,0.01,3.22216498863356,112.65057230455011
synthetic_moderate_trial_1,alpha,0.01467799267622069,153.58102237176297,499.0680493514394
synthetic_moderate_trial_1,alpha,0.021544346900318822,212.7837018734732,531.6728398295162
synthetic_moderate_trial_1,alpha,0.03162277660168379,284.3985006069114,560.6828658488791
synthetic_moderate_trial_1,alpha,0.046415888336127774,368.3930061445971,586.5602552495515
synthetic_moderate_trial_1,alpha,0.06812920690579607,463.73255691539913,609.5760232795021
synthetic_moderate_trial_1,alpha,0.1,567.9885354628053,629.8553467174295
synthetic_moderate_trial_1,beta,0.001,2.352244278931324,81.18221174343442
synthetic_moderate_trial_1,beta,0.0013990503141372943,2.338337456476909,80.58924208690294
synthetic_moderate_trial_1,beta,0.0019573417814876598,2.3190593734398055,79.76138936825507
synthetic_moderate_trial_1,beta,0.0027384196342643613,2.2924354323406715,78.60669927161564
synthetic_moderate_trial_1,beta,0.003831186849557289,2.255861324836066,76.99840949601274
synthetic_moderate_trial_1,beta,0.005360023165391796,2.2059970739064862,74.76318271066482
synthetic_moderate_trial_1,beta,0.007498942093324558,2.1387463586219404,71.66720763509915
synthetic_moderate_trial_1,beta,0.010491397291363102,2.049455405230521,67.40263345736041
synthetic_moderate_trial_1,beta,0.014677992676220698,1.9335746142617487,61.58226542787476
synthetic_moderate_trial_1,beta,0.02053525026457146,1.7881614457155797,53.764019940063655
synthetic_moderate_trial_1,beta,0.028729848333536655,1.6146651300609247,43.557981806840026
synthetic_moderate_trial_1,beta,0.04019450333615126,1.4231366104693433,30.931554893635248
synthetic_moderate_trial_1,beta,0.056234132519034905,1.2368845526958088,16.904799329685005
synthetic_moderate_trial_1,beta,0.07867438076599402,1.0945552276446817,4.680032865489678
synthetic_moderate_trial_1,beta,0.11006941712522103,1.045155107196822,0.06175350431808049
synthetic_moderate_trial_1,beta,0.1539926526059492,1.1337090110499244,8.194680106590607
synthetic_moderate_trial_1,beta,0.21544346900318845,1.3816983645670577,27.976567414275728
synthetic_moderate_trial_1,beta,0.3014162529877392,1.7720481782816346,52.85882731610061
synthetic_moderate_trial_1,beta,0.4216965034285822,2.2474003178581485,76.62263666265784
synthetic_moderate_trial_1,beta,0.5899746255923566,2.7234573744648074,95.8354399406842
synthetic_moderate_trial_1,beta,0.825404185268019,3.112777036043568,109.19674980952871
synthetic_moderate_trial_1,beta,1.1547819846894583,3.3536567200599445,116.65035414485195
synthetic_moderate_trial_1,beta,1.6155980984398746,3.4293460367866584,118.88218158721911
synthetic_moderate_trial_1,beta,2.2603030271419216,3.352265639164584,116.60886601418785
synthetic_moderate_trial_1,beta,3.1622776601683795,3.175789310879135,111.20084360012319
ciprofloxacin,alpha,1e-08,14.151400910926832,0.0
ciprofloxacin,alpha,2.1544346900318822e-08,14.151407640400127,1.7119222509933476e-05
ciprofloxacin,alpha,4.641588833612782e-08,14.151422139390382,5.400342477845652e-05
ciprofloxacin,alpha,1e-07,14.151453374511268,0.00013346279641495657
ciprofloxacin,alpha,2.1544346900318822e-07,14.151520671223333,0.00030465905518184443
ciprofloxacin,alpha,4.6415888336127725e-07,14.151665662669123,0.0006735003571437707
ciprofloxacin,alpha,1e-06,14.151978061304547,0.0014681931525563727
ciprofloxacin,alpha,2.1544346900318822e-06,14.152651213538473,0.003180526509098512
ciprofloxacin,alpha,4.641588833612773e-06,14.154101988648227,0.0068706638854197
ciprofloxacin,alpha,9.999999999999999e-06,14.157229958901928,0.01482556546334926
ciprofloxacin,alpha,2.1544346900318823e-05,14.16397990128062,0.03198570314345806
ciprofloxacin,alpha,4.641588833612772e-05,14.178572311273573,0.0690555338506203
ciprofloxacin,alpha,0.0001,14.21023683190756,0.1493634615129834
ciprofloxacin,alpha,0.00021544346900318823,14.279444379869279,0.32426725274272905
ciprofloxacin,alpha,0.00046415888336127724,14.432581122053678,0.708285788383207
ciprofloxacin,alpha,0.001,14.776704727134417,1.5565792429852292
ciprofloxacin,alpha,0.002154434690031882,15.553695156587409,3.4014462317940115
ciprofloxacin,alpha,0.004641588833612773,17.248890374325313,7.125630904362925
ciprofloxacin,alpha,0.01,20.623441782944532,13.55813121435977
ciprofloxacin,alpha,0.021544346900318822,26.494354704574572,22.576250044352836
ciprofloxacin,alpha,0.046415888336127725,35.166122687608905,32.76970459326524
ciprofloxacin,alpha,0.1,45.920351836165736,42.37541245529779
ciprofloxacin,alpha,0.21544346900318823,57.44351197110875,50.43558387365182
ciprofloxacin,alpha,0.46415888336127725,66.89817070046129,55.92088798113929
ciprofloxacin,alpha,1.0,70.3706482013544,57.742654455809706
ciprofloxacin,beta,0.01,125.40158445305127,78.54147503338919
ciprofloxacin,beta,0.01333521432163324,124.00397808965627,78.13800082671153
ciprofloxacin,beta,0.01778279410038923,122.15415467745518,77.59692671561923
ciprofloxacin,beta,0.023713737056616554,119.71211513686383,76.86994307230759
ciprofloxacin,beta,0.03162277660168379,116.4995829109644,75.89066649629486
ciprofloxacin,beta,0.042169650342858224,112.2937821936385,74.56697528023992
ciprofloxacin,beta,0.056234132519034905,106.824207024936,72.76935365588098
ciprofloxacin,beta,0.07498942093324558,99.77731912991732,70.31258174763035
ciprofloxacin,beta,0.1,90.81875463687619,66.92587882735738
ciprofloxacin,beta,0.1333521432163324,79.65112357712955,62.20233069090787
ciprofloxacin,beta,0.1778279410038923,66.14076256413502,55.510978087374816
ciprofloxacin,beta,0.23713737056616552,50.573826262158015,45.85033985125317
ciprofloxacin,beta,0.31622776601683794,34.148810762727734,31.712908967430014
ciprofloxacin,beta,0.4216965034285822,19.88977540708321,12.254118392060441
ciprofloxacin,beta,0.5623413251903491,14.2743962161096,0.3115380441004842
ciprofloxacin,beta,0.7498942093324558,18.194712495719344,9.047426621952463
ciprofloxacin,beta,1.0,29.454002544048382,26.388582738593485
ciprofloxacin,beta,1.333521432163324,55.87539312091528,49.439176744882836
ciprofloxacin,beta,1.7782794100389228,101.07663120534974,70.77835189678024
ciprofloxacin,beta,2.371373705661655,139.84086186216666,82.46489225744875
ciprofloxacin,beta,3.1622776601683795,171.95208779587284,89.90648118676259
ciprofloxacin,beta,4.216965034285822,191.41704534479604,93.76707267709469
ciprofloxacin,beta,5.62341325190349,211.33749478016466,97.33113840490589
ciprofloxacin,beta,7.498942093324558,217.34098408036078,98.33953867085727
ciprofloxacin,beta,10.0,223.74186790016577,99.38445798311254
ampicillin,alpha,1e-08,65.24482680409668,0.0
ampicillin,alpha,2.1544346900318822e-08,65.24484784679314,1.4356887266655176e-05
ampicillin,alpha,4.641588833612782e-08,65.24489525082853,5.7950231179409884e-05
ampicillin,alpha,1e-07,65.24499737694526,0.00015186657795047273
ampicillin,alpha,2.1544346900318822e-07,65.24521779508528,0.000354565123344664
ampicillin,alpha,4.6415888336127725e-07,65.24569349382645,0.000792019719810384
ampicillin,alpha,1e-06,65.24671739668348,0.0017335943447842257
ampicillin,alpha,2.1544346900318822e-06,65.24891960984803,0.0037586856492405566
ampicillin,alpha,4.641588833612773e-06,65.2536625524026,0.00811992584364172
ampicillin,alpha,9.999999999999999e-06,65.2638787962275,0.017512910486346123
ampicillin,alpha,2.1544346900318823e-05,65.28585426547309,0.03771254071562544
ampicillin,alpha,4.641588833612772e-05,65.33307951752782,0.08109852105833561
ampicillin,alpha,0.0001,65.43413999660258,0.17383781725516614
ampicillin,alpha,0.00021544346900318823,65.64908133402814,0.3706058196430172
ampicillin,alpha,0.00046415888336127724,66.09942338079337,0.7807907868510581
ampicillin,alpha,0.001,67.01501790358763,1.6061939092149167
ampicillin,alpha,0.002154434690031882,68.7743651341847,3.1610539266898092
ampicillin,alpha,0.004641588833612773,71.85563433648346,5.790731033603004
ampicillin,alpha,0.01,76.58958435076764,9.61885496200126
ampicillin,alpha,0.021544346900318822,82.85631104507033,14.337664303326953
ampicillin,alpha,0.046415888336127725,90.34947998993921,19.532305074792845
ampicillin,alpha,0.1,98.94383012265938,24.984328381085593
ampicillin,alpha,0.21544346900318823,108.81371432851974,30.689432021416984
ampicillin,alpha,0.46415888336127725,120.5427657299207,36.83146492136081
ampicillin,alpha,1.0,124.14084856231315,38.5961971732591
ampicillin,beta,0.01,1002.355799263089,163.9176878459458
ampicillin,beta,0.01333521432163324,997.7617082868461,163.64205809690804
ampicillin,beta,0.01778279410038923,991.6535260934454,163.27361607745172
ampicillin,beta,0.023713737056616554,983.5403784720496,162.78071095675355
ampicillin,beta,0.03162277660168379,972.7786486318117,162.1205831403558
ampicillin,beta,0.042169650342858224,958.5295729634959,161.23521430722195
ampicillin,beta,0.056234132519034905,939.7093117561853,160.04542446147832
ampicillin,beta,0.07498942093324558,914.9341372894874,158.44231427873692
ampicillin,beta,0.1,882.4682232363778,156.27455621361455
ampicillin,beta,0.1333521432163324,840.1909891150491,153.32894342315143
ampicillin,beta,0.1778279410038923,785.6189252227105,149.29950019798667
ampicillin,beta,0.23713737056616552,716.0498540640893,143.73617697098373
ampicillin,beta,0.31622776601683794,628.9569745069043,135.95496046498403
ampicillin,beta,0.4216965034285822,522.8640445658477,124.87047801845294
ampicillin,beta,0.5623413251903491,399.10932646943616,108.6653122160103
ampicillin,beta,0.7498942093324558,265.1915204430888,84.13832640015605
ampicillin,beta,1.0,140.7857384794841,46.14553834705265
ampicillin,beta,1.333521432163324,67.68627504088413,2.2041950234262986
ampicillin,beta,1.7782794100389228,79.45003284537603,11.818887767436353
ampicillin,beta,2.371373705661655,121.03618573335521,37.07656277607927
ampicillin,beta,3.1622776601683795,183.42663256807327,62.020075285533345
ampicillin,beta,4.216965034285822,253.4944257974259,81.43169941339585
ampicillin,beta,5.62341325190349,273.33294506252815,85.95262724908865
ampicillin,beta,7.498942093324558,295.98488381005143,90.72969247255953
ampicillin,beta,10.0,321.8490278129725,95.75614405626878
