condition,source_file,source_sheet,source_row,replicate,time_h,raw_cells_ml,baseline_cells_ml,relative_abundance,log_relative_abundance
ciprofloxacin,Fig8S2.xlsx,Fig8S2,5,1,0.0,43773436.86769499,43773436.86769499,1.0,0.0
ciprofloxacin,Fig8S2.xlsx,Fig8S2,5,2,0.0,25015801.63579606,25015801.63579606,1.0,0.0
ciprofloxacin,Fig8S2.xlsx,Fig8S2,5,3,0.0,29698517.377867725,29698517.377867725,1.0,0.0
ciprofloxacin,Fig8S2.xlsx,Fig8S2,6,1,0.3333333333333333,3465735.9027997265,43773436.86769499,0.07917440691885577,-2.5361021773482837
ciprofloxacin,Fig8S2.xlsx,Fig8S2,6,2,0.3333333333333333,4377343.686769499,25015801.63579606,0.17498314667261322,-1.7430656144241454
ciprofloxacin,Fig8S2.xlsx,Fig8S2,6,3,0.3333333333333333,10130608.126733128,29698517.377867725,0.34111494516163215,-1.0755357759127597
ciprofloxacin,Fig8S2.xlsx,Fig8S2,7,1,0.6666666666666666,2165286.2821225845,43773436.86769499,0.04946575907820883,-3.0064745845608463
ciprofloxacin,Fig8S2.xlsx,Fig8S2,7,2,0.6666666666666666,624306.5325858386,25015801.63579606,0.024956487170592793,-3.6906214837431426
ciprofloxacin,Fig8S2.xlsx,Fig8S2,7,3,0.6666666666666666,794907.7715277086,29698517.377867725,0.026765907584332782,-3.620626306340031
ciprofloxacin,Fig8S2.xlsx,Fig8S2,8,1,1.0,202732.5540540822,43773436.86769499,0.004631405906436828,-5.374894805478545
ciprofloxacin,Fig8S2.xlsx,Fig8S2,8,2,1.0,437734.36867694993,25015801.63579606,0.01749831466726132,-4.045650707418191
ciprofloxacin,Fig8S2.xlsx,Fig8S2,8,3,1.0,622614.7090597787,29698517.377867725,0.020964504764260417,-3.8649245206627216
ciprofloxacin,Fig8S2.xlsx,Fig8S2,9,1,1.5,43773.43686769499,43773436.86769499,0.001,-6.907755278982137
ciprofloxacin,Fig8S2.xlsx,Fig8S2,9,2,1.5,43773.43686769499,25015801.63579606,0.001749831466726132,-6.348235800412237
ciprofloxacin,Fig8S2.xlsx,Fig8S2,9,3,1.5,113518.3991080994,29698517.377867725,0.0038223591320655256,-5.566887473144757
ciprofloxacin,Fig8S2.xlsx,Fig8S2,10,1,2.0,14384.103622589042,43773436.86769499,0.0003286034785448748,-8.020658766461949
ciprofloxacin,Fig8S2.xlsx,Fig8S2,10,2,2.0,25015.80163579606,25015801.63579606,0.001,-6.907755278982137
ciprofloxacin,Fig8S2.xlsx,Fig8S2,10,3,2.0,56208.46756651296,29698517.377867725,0.0018926354757494155,-6.269784989614049
ciprofloxacin,Fig8S2.xlsx,Fig8S2,11,1,2.5,7076.3815397231665,43773436.86769499,0.00016165926292494457,-8.730019753084134
ciprofloxacin,Fig8S2.xlsx,Fig8S2,11,2,2.5,7352.128081187471,25015801.63579606,0.0002938993596218413,-8.132273163439901
ciprofloxacin,Fig8S2.xlsx,Fig8S2,11,3,2.5,4350.568849481485,29698517.377867725,0.0001464911124729636,-8.82854579706095
ciprofloxacin,Fig8S2.xlsx,Fig8S2,12,1,3.0,6243.065325858385,43773436.86769499,0.00014262223331304832,-8.855311148301134
ciprofloxacin,Fig8S2.xlsx,Fig8S2,12,2,3.0,6931.471805599453,25015801.63579606,0.000277083737171986,-8.191190797200575
ciprofloxacin,Fig8S2.xlsx,Fig8S2,12,3,3.0,7949.077715277086,29698517.377867725,0.0002676590758433278,-8.225796492328122
ciprofloxacin,Fig8S2.xlsx,Fig8S2,13,1,4.0,3465.7359027997263,43773436.86769499,7.917440691885577e-05,-9.44385745633042
ciprofloxacin,Fig8S2.xlsx,Fig8S2,13,2,4.0,2027.325540540822,25015801.63579606,8.104179790264426e-05,-9.420545512896735
ciprofloxacin,Fig8S2.xlsx,Fig8S2,13,3,4.0,1438.4103622589043,29698517.377867725,4.8433743137994265e-05,-9.935313814880773
ciprofloxacin,Fig8S2.xlsx,Fig8S2,14,1,5.0,1438.4103622589043,43773436.86769499,3.2860347854487484e-05,-10.323243859455994
ciprofloxacin,Fig8S2.xlsx,Fig8S2,14,2,5.0,2694.9825036634347,25015801.63579606,0.00010773120697467804,-9.135871257420218
ciprofloxacin,Fig8S2.xlsx,Fig8S2,14,3,5.0,903.7095438109094,29698517.377867725,3.042944980426472e-05,-10.400099674919979
ciprofloxacin,Fig8S2.xlsx,Fig8S2,15,1,6.0,2027.325540540822,43773436.86769499,4.631405906436828e-05,-9.980064991466636
ciprofloxacin,Fig8S2.xlsx,Fig8S2,15,2,6.0,2027.325540540822,25015801.63579606,8.104179790264426e-05,-9.420545512896735
ciprofloxacin,Fig8S2.xlsx,Fig8S2,15,3,6.0,735.212808118747,29698517.377867725,2.4755875815762134e-05,-10.606447690428626
ciprofloxacin,Fig8S2.xlsx,Fig8S2,16,1,7.0,2027.325540540822,43773436.86769499,4.631405906436828e-05,-9.980064991466636
ciprofloxacin,Fig8S2.xlsx,Fig8S2,16,2,7.0,2501.5801635796056,25015801.63579606,9.999999999999999e-05,-9.210340371976184
ciprofloxacin,Fig8S2.xlsx,Fig8S2,16,3,7.0,794.9077715277086,29698517.377867725,2.676590758433278e-05,-10.528381585322167
ampicillin,Fig1S3.xlsx,Fig1S3A,5,1,0.0,20273255.40540822,20273255.40540822,1.0,0.0
ampicillin,Fig1S3.xlsx,Fig1S3A,5,2,0.0,6243065.325858388,6243065.325858388,1.0,0.0
ampicillin,Fig1S3.xlsx,Fig1S3A,5,3,0.0,19914849.805820115,19914849.805820115,1.0,0.0
ampicillin,Fig1S3.xlsx,Fig1S3A,5,4,0.0,4350568.849481482,4350568.849481482,1.0,0.0
ampicillin,Fig1S3.xlsx,Fig1S3A,5,5,0.0,9116077.839697745,9116077.839697745,1.0,0.0
ampicillin,Fig1S3.xlsx,Fig1S3A,5,6,0.0,4350568.849481485,4350568.849481485,1.0,0.0
ampicillin,Fig1S3.xlsx,Fig1S3A,6,1,0.3333333333333333,2221177.1994341235,20273255.40540822,0.1095619403503193,-2.21126522435417
ampicillin,Fig1S3.xlsx,Fig1S3A,6,2,0.3333333333333333,998513.9393558655,6243065.325858388,0.1599396910392853,-1.8329584658091242
ampicillin,Fig1S3.xlsx,Fig1S3A,6,4,0.3333333333333333,435056.8849481485,4350568.849481482,0.10000000000000007,-2.302585092994045
ampicillin,Fig1S3.xlsx,Fig1S3A,6,5,0.3333333333333333,903709.5438109096,9116077.839697745,0.09913359228631524,-2.31128692145899
ampicillin,Fig1S3.xlsx,Fig1S3A,6,6,0.3333333333333333,631697.7582649806,4350568.849481485,0.14519888780527365,-1.9296508363640716
ampicillin,Fig1S3.xlsx,Fig1S3A,7,1,0.6666666666666666,429898.3302360847,20273255.40540822,0.021205194806622047,-3.8535090892728796
ampicillin,Fig1S3.xlsx,Fig1S3A,7,2,0.6666666666666666,250158.0163579605,6243065.325858388,0.040069741913771356,-3.217133795238995
ampicillin,Fig1S3.xlsx,Fig1S3A,7,3,0.6666666666666666,69314.71805599454,19914849.805820115,0.0034805543969373704,-5.660563688419398
ampicillin,Fig1S3.xlsx,Fig1S3A,7,4,0.6666666666666666,137577.0668173974,4350568.849481482,0.03162277660168379,-3.4538776394910684
ampicillin,Fig1S3.xlsx,Fig1S3A,7,5,0.6666666666666666,72667.21698365927,9116077.839697745,0.00797132475846308,-4.8319045818668585
ampicillin,Fig1S3.xlsx,Fig1S3A,7,6,0.6666666666666666,69314.71805599453,4350568.849481485,0.015932334472595622,-4.139404620122396
ampicillin,Fig1S3.xlsx,Fig1S3A,8,1,1.0,269498.25036634324,20273255.40540822,0.013293289359658057,-4.320495930511575
ampicillin,Fig1S3.xlsx,Fig1S3A,8,2,1.0,49565.78485207243,6243065.325858388,0.007939334648121337,-4.835925804700123
ampicillin,Fig1S3.xlsx,Fig1S3A,8,3,1.0,34657.35902799726,19914849.805820115,0.001740277198468685,-6.353710868979343
ampicillin,Fig1S3.xlsx,Fig1S3A,8,4,1.0,105528.30786023405,4350568.849481482,0.02425620913293013,-3.7190826476542433
ampicillin,Fig1S3.xlsx,Fig1S3A,8,5,1.0,49565.78485207243,9116077.839697745,0.005437183153069242,-5.214494154965047
ampicillin,Fig1S3.xlsx,Fig1S3A,8,6,1.0,79900.47244864807,4350568.849481485,0.018365523041468674,-3.9972801197747256
ampicillin,Fig1S3.xlsx,Fig1S3A,9,1,1.5,26949.825036634345,20273255.40540822,0.0013293289359658067,-6.62308102350562
ampicillin,Fig1S3.xlsx,Fig1S3A,9,2,1.5,20273.255405408225,6243065.325858388,0.0032473239261869746,-5.729924029153594
ampicillin,Fig1S3.xlsx,Fig1S3A,9,3,1.5,13476.794378619672,19914849.805820115,0.0006767208645822214,-7.298251682362313
ampicillin,Fig1S3.xlsx,Fig1S3A,9,4,1.5,43773.436867695,4350568.849481482,0.010061543302070049,-4.599034716328102
ampicillin,Fig1S3.xlsx,Fig1S3A,9,5,1.5,15870.908475848095,9116077.839697745,0.0017409799208531456,-6.353307151373938
ampicillin,Fig1S3.xlsx,Fig1S3A,9,6,1.5,17016.806133904585,4350568.849481485,0.003911397962575102,-5.543860433699888
ampicillin,Fig1S3.xlsx,Fig1S3A,10,1,2.0,1438.4103622589041,20273255.40540822,7.095112913514545e-05,-9.55351923996554
ampicillin,Fig1S3.xlsx,Fig1S3A,10,2,2.0,3424.1359392313475,6243065.325858388,0.0005484703043309172,-7.508377419494149
ampicillin,Fig1S3.xlsx,Fig1S3A,10,3,2.0,1981.0843956529213,19914849.805820115,9.947774725742343e-05,-9.21557658446618
ampicillin,Fig1S3.xlsx,Fig1S3A,10,4,2.0,4377.343686769495,4350568.849481482,0.0010061543302070037,-6.901619809322149
ampicillin,Fig1S3.xlsx,Fig1S3A,10,5,2.0,3465.735902799729,9116077.839697745,0.00038017840169239273,-7.8748699372763475
ampicillin,Fig1S3.xlsx,Fig1S3A,10,6,2.0,1438.4103622589043,4350568.849481485,0.0003306258128590101,-8.014523296801961
ampicillin,Fig1S3.xlsx,Fig1S3A,11,1,2.5,342.41359392313495,20273255.40540822,1.6889916645147706e-05,-10.988793762316737
ampicillin,Fig1S3.xlsx,Fig1S3A,11,4,2.5,693.1471805599451,4350568.849481482,0.00015932334472595628,-8.744574806110487
ampicillin,Fig1S3.xlsx,Fig1S3A,11,6,2.5,549.3061443340549,4350568.849481485,0.0001262607634400552,-8.97716123847207
ampicillin,Fig1S3.xlsx,Fig1S3A,12,1,3.0,152.59299405754555,20273255.40540822,7.526812591570218e-06,-11.797038900379114
ampicillin,Fig1S3.xlsx,Fig1S3A,12,2,3.0,133.6846190535978,6243065.325858388,2.1413298127745743e-05,-10.751498421091785
ampicillin,Fig1S3.xlsx,Fig1S3A,12,3,3.0,90.37095438109088,19914849.805820115,4.537867734994414e-06,-12.303053318132214
ampicillin,Fig1S3.xlsx,Fig1S3A,12,4,3.0,91.16077839697726,4350568.849481482,2.0953760657722303e-05,-10.773192421370268
ampicillin,Fig1S3.xlsx,Fig1S3A,12,5,3.0,202.73255405408216,9116077.839697745,2.223901085741541e-05,-10.71366256540661
ampicillin,Fig1S3.xlsx,Fig1S3A,12,6,3.0,346.5735902799726,4350568.849481485,7.96616723629781e-05,-9.437721986670432
ampicillin,Fig1S3.xlsx,Fig1S3A,13,1,4.0,34.65735902799726,20273255.40540822,1.7095112913514546e-06,-13.279303022828058
ampicillin,Fig1S3.xlsx,Fig1S3A,13,2,4.0,9.116077839697729,6243065.325858388,1.460192607938844e-06,-13.436942207699351
ampicillin,Fig1S3.xlsx,Fig1S3A,13,3,4.0,20.27325540540822,19914849.805820115,1.01799690196425e-06,-13.797673683097695
ampicillin,Fig1S3.xlsx,Fig1S3A,13,4,4.0,4.350568849481485,4350568.849481482,1.0000000000000008e-06,-13.815510557964274
ampicillin,Fig1S3.xlsx,Fig1S3A,13,5,4.0,20.27325540540822,9116077.839697745,2.223901085741542e-06,-13.016247658400655
ampicillin,Fig1S3.xlsx,Fig1S3A,13,6,4.0,22.542820301888902,4350568.849481485,5.1815799454767e-06,-12.170400539419319
ampicillin,Fig1S3.xlsx,Fig1S3A,14,1,5.0,4.350568849481485,20273255.40540822,2.1459646033566473e-07,-15.354506501127855
ampicillin,Fig1S3.xlsx,Fig1S3A,14,2,5.0,9.116077839697729,6243065.325858388,1.460192607938844e-06,-13.436942207699351
ampicillin,Fig1S3.xlsx,Fig1S3A,14,6,5.0,2.127980720939795,4350568.849481485,4.891270071943384e-07,-14.530643652781345
ampicillin,Fig1S3.xlsx,Fig1S3A,15,1,6.0,4.350568849481485,20273255.40540822,2.1459646033566473e-07,-15.354506501127855
ampicillin,Fig1S3.xlsx,Fig1S3A,15,4,6.0,9.116077839697729,4350568.849481482,2.095376065772231e-06,-13.075777514364313
ampicillin,Fig1S3.xlsx,Fig1S3A,15,5,6.0,1.4085438483348112,9116077.839697745,1.5451204707807906e-07,-15.682993769033075
ampicillin,Fig1S3.xlsx,Fig1S3A,15,6,6.0,2.857920691997431,4350568.849481485,6.569073587556366e-07,-14.235722834864365
ampicillin,Fig1S3.xlsx,Fig1S3A,16,4,7.0,2.4395082084716027,4350568.849481482,5.607331576334789e-07,-14.394020699425647
ampicillin,Fig1S3.xlsx,Fig1S3A,16,5,7.0,1.4085438483348112,9116077.839697745,1.5451204707807906e-07,-15.682993769033075
ampicillin,Fig1S3.xlsx,Fig1S3A,16,6,7.0,1.4085438483348112,4350568.849481485,3.2376084532087935e-07,-14.943260725433113
